match_id,date,home_team,away_team,competition,league,home_elo,away_elo,home_rest_days,away_rest_days,home_win_rate_last5,home_avg_goals_scored_last5,home_avg_goals_conceded_last5,away_win_rate_last5,away_avg_goals_scored_last5,away_avg_goals_conceded_last5,h2h_home_win_rate,h2h_avg_goal_diff,h2h_matches_played,travel_distance_km,venue_name,is_derby,home_injury_count,home_injury_importance_sum,away_injury_count,away_injury_importance_sum,home_score,away_score,result
3432,2015-08-08,Bournemouth,Aston Villa,Premier League,Premier League,1500.0,1500.0,,,0.5,0.0,0.0,0.5,0.0,0.0,0.5,0.0,0,197.28001354816703,Bournemouth (default stadium),False,0,0.0,0,0,0,1,A
3433,2015-08-08,Chelsea,Swansea,Premier League,Premier League,1500.0,1500.0,,,0.5,0.0,0.0,0.5,0.0,0.0,0.5,0.0,0,259.38781464619586,Chelsea (default stadium),False,0,0.0,0,0,2,2,D
3434,2015-08-08,Everton,Watford,Premier League,Premier League,1500.0,1500.0,,,0.5,0.0,0.0,0.5,0.0,0.0,0.5,0.0,0,11672.34169380457,Everton (default stadium),False,0,0.0,0,0,2,2,D
3435,2015-08-08,Leicester City,Sunderland,Premier League,Premier League,1500.0,1500.0,,,0.5,0.0,0.0,0.5,0.0,0.0,0.5,0.0,0,255.59207939927754,Leicester City (default stadium),False,0,0.0,0,0,4,2,H
3436,2015-08-08,Manchester United,Tottenham Hotspur,Premier League,Premier League,1500.0,1500.0,,,0.5,0.0,0.0,0.5,0.0,0.0,0.5,0.0,0,253.91120185713115,Manchester United (default stadium),False,0,0.0,0,0,1,0,H
3437,2015-08-08,Norwich,Crystal Palace,Premier League,Premier League,1500.0,1500.0,,,0.5,0.0,0.0,0.5,0.0,0.0,0.5,0.0,0,163.6465462971406,Norwich (default stadium),False,0,0.0,0,0,1,3,A
3438,2015-08-09,Arsenal,West Ham United,Premier League,Premier League,1500.0,1500.0,,,0.5,0.0,0.0,0.5,0.0,0.0,0.5,0.0,0,6.7390655013334415,Arsenal (default stadium),False,0,0.0,0,0,0,2,A
3439,2015-08-09,Newcastle United,Southampton,Premier League,Premier League,1500.0,1500.0,,,0.5,0.0,0.0,0.5,0.0,0.0,0.5,0.0,0,452.9404186033056,Newcastle United (default stadium),False,0,0.0,0,0,2,2,D
3440,2015-08-09,Stoke,Liverpool,Premier League,Premier League,1500.0,1500.0,,,0.5,0.0,0.0,0.5,0.0,0.0,0.5,0.0,0,5207.768724813521,Stoke (default stadium),False,0,0.0,0,0,0,1,A
3441,2015-08-10,West Bromwich Albion,Manchester City,Premier League,Premier League,1500.0,1500.0,,,0.5,0.0,0.0,0.5,0.0,0.0,0.5,0.0,0,103.87357381667516,West Bromwich Albion (default stadium),False,0,0.0,0,0,0,3,A
3442,2015-08-14,Aston Villa,Manchester United,Premier League,Premier League,1511.987935934185,1508.012064065815,6.0,6.0,1.0,1.0,0.0,1.0,1.0,0.0,0.5,0.0,0,110.34451123028889,Aston Villa (default stadium),False,0,0.0,0,0,0,1,A
3443,2015-08-15,Southampton,Everton,Premier League,Premier League,1501.987935934185,1498.012064065815,6.0,7.0,0.0,2.0,2.0,0.0,2.0,2.0,0.5,0.0,0,11568.424076531252,Southampton (default stadium),False,0,0.0,0,0,0,3,A
3444,2015-08-15,Sunderland,Norwich,Premier League,Premier League,1491.987935934185,1488.012064065815,7.0,7.0,0.0,2.0,4.0,0.0,1.0,3.0,0.5,0.0,0,310.4419508583576,Sunderland (default stadium),False,0,0.0,0,0,1,3,A
3445,2015-08-15,Swansea,Newcastle United,Premier League,Premier League,1501.987935934185,1498.012064065815,7.0,6.0,0.0,2.0,2.0,0.0,2.0,2.0,0.5,0.0,0,402.81584675050533,Swansea (default stadium),False,0,0.0,0,0,2,0,H
3446,2015-08-15,Tottenham Hotspur,Stoke,Premier League,Premier League,1491.987935934185,1488.012064065815,7.0,6.0,0.0,0.0,1.0,0.0,0.0,1.0,0.5,0.0,0,97.17924263016836,Tottenham Hotspur (default stadium),False,0,0.0,0,0,2,2,D
3447,2015-08-15,Watford,West Bromwich Albion,Premier League,Premier League,1501.987935934185,1488.012064065815,7.0,5.0,0.0,2.0,2.0,0.0,0.0,3.0,0.5,0.0,0,146.51145046000096,Watford (default stadium),False,0,0.0,0,0,0,0,D
3448,2015-08-15,West Ham United,Leicester City,Premier League,Premier League,1511.987935934185,1508.012064065815,6.0,7.0,1.0,2.0,0.0,1.0,4.0,2.0,0.5,0.0,0,142.949836877498,West Ham United (default stadium),False,0,0.0,0,0,1,2,A
3449,2015-08-16,Crystal Palace,Arsenal,Premier League,Premier League,1511.987935934185,1488.012064065815,8.0,7.0,1.0,3.0,1.0,0.0,0.0,2.0,0.5,0.0,0,15.34028105594792,Crystal Palace (default stadium),False,0,0.0,0,0,1,2,A
3450,2015-08-16,Manchester City,Chelsea,Premier League,Premier League,1511.987935934185,1498.012064065815,6.0,8.0,1.0,3.0,0.0,0.0,2.0,2.0,0.5,0.0,0,260.84692450845216,Manchester City (default stadium),False,0,0.0,0,0,3,0,H
3451,2015-08-17,Liverpool,Bournemouth,Premier League,Premier League,1511.987935934185,1488.012064065815,8.0,9.0,1.0,1.0,0.0,0.0,0.0,1.0,0.5,0.0,0,5445.991656818437,Liverpool (default stadium),False,0,0.0,0,0,1,0,H
3452,2015-08-22,Crystal Palace,Aston Villa,Premier League,Premier League,1499.3471817148036,1499.8903417921008,6.0,8.0,0.5,2.0,1.5,0.5,0.5,0.5,0.5,0.0,0,173.6948405935728,Crystal Palace (default stadium),False,0,0.0,0,0,2,1,H
3453,2015-08-22,Leicester City,Tottenham Hotspur,Premier League,Premier League,1520.1096582078992,1489.8903417921008,7.0,7.0,1.0,3.0,1.5,0.0,1.0,1.5,0.5,0.0,0,134.78780460437943,Leicester City (default stadium),False,0,0.0,0,0,1,1,D
3454,2015-08-22,Manchester United,Newcastle United,Premier League,Premier League,1520.1096582078992,1490.1096582078992,8.0,7.0,1.0,1.0,0.0,0.0,1.0,2.0,0.5,0.0,0,171.2592358971847,Manchester United (default stadium),False,0,0.0,0,0,0,0,D
3455,2015-08-22,Norwich,Stoke,Premier League,Premier League,1500.1096582078992,1490.1096582078992,7.0,7.0,0.5,2.0,2.0,0.0,1.0,1.5,0.5,0.0,0,64.03361955868269,Norwich (default stadium),False,0,0.0,0,0,1,1,D
3456,2015-08-22,Sunderland,Swansea,Premier League,Premier League,1479.8903417921008,1509.8903417921008,7.0,7.0,0.0,1.5,3.5,0.5,2.0,1.0,0.5,0.0,0,401.1863520715426,Sunderland (default stadium),False,0,0.0,0,0,1,1,D
3457,2015-08-22,West Ham United,Bournemouth,Premier League,Premier League,1499.8903417921008,1480.6528182851964,7.0,5.0,0.5,1.5,1.0,0.0,0.0,1.0,0.5,0.0,0,155.36167637292584,West Ham United (default stadium),False,0,0.0,0,0,3,4,A
3458,2015-08-23,Everton,Manchester City,Premier League,Premier League,1510.1096582078992,1519.6169089039317,8.0,7.0,0.5,2.5,1.0,1.0,3.0,0.0,0.5,0.0,0,11690.468746176242,Everton (default stadium),False,0,0.0,0,0,0,2,A
3459,2015-08-23,Watford,Southampton,Premier League,Premier League,1499.6169089039317,1489.8903417921008,8.0,8.0,0.0,1.0,1.0,0.0,1.0,2.5,0.5,0.0,0,107.60666567502645,Watford (default stadium),False,0,0.0,0,0,0,0,D
3460,2015-08-23,West Bromwich Albion,Chelsea,Premier League,Premier League,1490.3830910960683,1490.3830910960683,8.0,7.0,0.0,0.0,1.5,0.0,1.0,2.5,0.5,0.0,0,170.0193819377569,West Bromwich Albion (default stadium),False,0,0.0,0,0,2,3,A
3461,2015-08-24,Arsenal,Liverpool,Premier League,Premier League,1500.6528182851964,1519.3471817148036,8.0,7.0,0.5,1.0,1.5,1.0,1.0,0.0,0.5,0.0,0,5305.0330774456925,Arsenal (default stadium),False,0,0.0,0,0,0,0,D
3462,2015-08-29,Aston Villa,Sunderland,Premier League,Premier League,1491.8632574815917,1478.744109116855,7.0,7.0,0.3333333333333333,0.6666666666666666,1.0,0.0,1.3333333333333333,2.6666666666666665,0.5,0.0,0,269.4425518930645,Aston Villa (default stadium),False,0,0.0,0,0,2,2,D
3463,2015-08-29,Bournemouth,Leicester City,Premier League,Premier League,1493.1662518431172,1517.3025421616626,7.0,7.0,0.3333333333333333,1.3333333333333333,1.6666666666666667,0.6666666666666666,2.3333333333333335,1.3333333333333333,0.5,0.0,0,215.0463353224413,Bournemouth (default stadium),False,0,0.0,0,0,1,1,D
3464,2015-08-29,Chelsea,Crystal Palace,Premier League,Premier League,1502.3710270302533,1507.3742660253126,6.0,7.0,0.3333333333333333,1.6666666666666667,2.3333333333333335,0.6666666666666666,2.0,1.3333333333333333,0.5,0.0,0,10.944971454605678,Chelsea (default stadium),False,0,0.0,0,0,1,2,A
3465,2015-08-29,Liverpool,West Ham United,Premier League,Premier League,1520.813235704763,1487.37690823418,5.0,7.0,0.6666666666666666,0.6666666666666666,0.0,0.3333333333333333,2.0,2.0,0.5,0.0,0,5299.298724106387,Liverpool (default stadium),False,0,0.0,0,0,0,3,A
3466,2015-08-29,Manchester City,Watford,Premier League,Premier League,1531.340646898423,1497.3616409167323,6.0,6.0,1.0,2.6666666666666665,0.0,0.0,0.6666666666666666,0.6666666666666666,0.5,0.0,0,237.3590819226217,Manchester City (default stadium),False,0,0.0,0,0,2,0,H
3467,2015-08-29,Newcastle United,Arsenal,Premier League,Premier League,1492.9109582039569,1499.186764295237,7.0,5.0,0.0,0.6666666666666666,1.3333333333333333,0.3333333333333333,0.6666666666666666,1.0,0.5,0.0,0,392.7352980316752,Newcastle United (default stadium),False,0,0.0,0,0,0,1,A
3468,2015-08-29,Stoke,West Bromwich Albion,Premier League,Premier League,1492.3723946109621,1478.3951551618832,7.0,6.0,0.0,1.0,1.3333333333333333,0.0,0.6666666666666666,2.0,0.5,0.0,0,217.8619630192631,Stoke (default stadium),False,0,0.0,0,0,0,1,A
3469,2015-08-29,Tottenham Hotspur,Everton,Premier League,Premier League,1492.6974578383374,1498.3859202134079,7.0,6.0,0.0,1.0,1.3333333333333333,0.3333333333333333,1.6666666666666667,1.3333333333333333,0.5,0.0,0,11688.48360204595,Tottenham Hotspur (default stadium),False,0,0.0,0,0,0,0,D
3470,2015-08-30,Southampton,Norwich,Premier League,Premier League,1492.1456097793002,1497.8469218048363,7.0,8.0,0.0,0.6666666666666666,1.6666666666666667,0.3333333333333333,1.6666666666666667,1.6666666666666667,0.5,0.0,0,266.3224573711899,Southampton (default stadium),False,0,0.0,0,0,3,0,H
3471,2015-08-30,Swansea,Manchester United,Premier League,Premier League,1511.0365744673466,1517.3083582118416,8.0,8.0,0.3333333333333333,1.6666666666666667,1.0,0.6666666666666666,0.6666666666666666,0.0,0.5,0.0,0,235.8161570960022,Swansea (default stadium),False,0,0.0,0,0,2,1,H
3472,2015-09-12,Arsenal,Stoke,Premier League,Premier League,1511.000600162328,1480.001330431455,14.0,14.0,0.5,0.75,0.75,0.0,0.75,1.25,0.5,0.0,0,102.57433411648985,Arsenal (default stadium),False,0,0.0,0,0,2,0,H
3473,2015-09-12,Crystal Palace,Manchester City,Premier League,Premier League,1519.223500599395,1538.4341510904615,14.0,14.0,0.75,2.0,1.25,1.0,2.5,0.0,0.5,0.0,0,271.155957712397,Crystal Palace (default stadium),False,0,0.0,0,0,0,1,A
3474,2015-09-12,Everton,Chelsea,Premier League,Premier League,1500.216099986202,1490.521792456171,14.0,14.0,0.25,1.25,1.0,0.25,1.5,2.25,0.5,0.0,0,11673.649510171086,Everton (default stadium),False,0,0.0,0,0,3,1,H
3475,2015-09-12,Manchester United,Liverpool,Premier League,Premier League,1509.12230604223,1507.9210464282526,13.0,14.0,0.5,0.75,0.5,0.5,0.5,0.75,0.5,0.0,0,5387.234837982907,Manchester United (default stadium),True,0,0.0,0,0,3,1,H
3476,2015-09-12,Norwich,Bournemouth,Premier League,Premier League,1489.6767441206355,1491.8538027634952,13.0,14.0,0.25,1.25,2.0,0.25,1.25,1.5,0.5,0.0,0,301.8081162513072,Norwich (default stadium),False,0,0.0,0,0,3,1,H
3477,2015-09-12,Watford,Swansea,Premier League,Premier League,1490.268136724694,1519.222626636958,14.0,13.0,0.0,0.5,1.0,0.5,1.75,1.0,0.5,0.0,0,243.7745500737881,Watford (default stadium),False,0,0.0,0,0,1,0,H
3478,2015-09-12,West Bromwich Albion,Southampton,Premier League,Premier League,1490.7662193413903,1500.315787463501,14.0,13.0,0.25,0.75,1.5,0.25,1.25,1.25,0.5,0.0,0,188.05243986432515,West Bromwich Albion (default stadium),False,0,0.0,0,0,0,0,D
3479,2015-09-13,Leicester City,Aston Villa,Premier League,Premier League,1518.6149912412845,1489.5155162599244,15.0,15.0,0.5,2.0,1.25,0.25,1.0,1.25,0.5,0.0,0,51.70216611005376,Leicester City (default stadium),False,0,0.0,0,0,3,2,H
3480,2015-09-13,Sunderland,Tottenham Hotspur,Premier League,Premier League,1481.0918503385224,1490.8672780655434,15.0,15.0,0.0,1.5,2.5,0.0,0.75,1.0,0.5,0.0,0,378.42123111183287,Sunderland (default stadium),False,0,0.0,0,0,0,1,A
3481,2015-09-14,West Ham United,Newcastle United,Premier League,Premier League,1500.2690975106905,1481.0971223368658,16.0,16.0,0.5,2.25,1.5,0.0,0.5,1.25,0.5,0.0,0,396.1921830254467,West Ham United (default stadium),False,0,0.0,0,0,2,0,H
3482,2015-09-19,Aston Villa,West Bromwich Albion,Premier League,Premier League,1482.292913713061,1489.0436631752302,6.0,7.0,0.2,1.2,1.6,0.2,0.6,1.2,0.5,0.0,0,7.293601557251959,Aston Villa (default stadium),False,0,0.0,0,0,0,1,A
3483,2015-09-19,Bournemouth,Sunderland,Premier League,Premier League,1483.781479924735,1469.3756027493025,7.0,6.0,0.2,1.2,1.8,0.0,1.2,2.2,0.5,0.0,0,465.6875431438778,Bournemouth (default stadium),False,0,0.0,0,0,2,0,H
3484,2015-09-19,Chelsea,Arsenal,Premier League,Premier League,1482.776179145471,1518.1728172612984,7.0,7.0,0.2,1.4,2.4,0.6,1.0,0.6,0.5,0.0,0,9.950774202617763,Chelsea (default stadium),False,0,0.0,0,0,2,0,H
3485,2015-09-19,Manchester City,West Ham United,Premier League,Premier League,1549.8856613733012,1507.75743148409,7.0,5.0,1.0,2.2,0.0,0.6,2.2,1.2,0.5,0.0,0,262.0495522571908,Manchester City (default stadium),False,0,0.0,0,0,1,2,A
3486,2015-09-19,Newcastle United,Watford,Premier League,Premier League,1473.6087883634664,1499.0922175456021,5.0,7.0,0.0,0.4,1.4,0.2,0.6,0.8,0.5,0.0,0,378.04905633016585,Newcastle United (default stadium),False,0,0.0,0,0,1,2,A
3487,2015-09-19,Stoke,Leicester City,Premier League,Premier League,1472.8291133324847,1525.837593788148,7.0,6.0,0.0,0.6,1.4,0.6,2.2,1.4,0.5,0.0,0,167.64927486136108,Stoke (default stadium),False,0,0.0,0,0,2,2,D
3488,2015-09-19,Swansea,Everton,Premier League,Premier League,1510.3985458160498,1507.961713296902,7.0,7.0,0.4,1.4,1.0,0.4,1.6,1.0,0.5,0.0,0,11474.649384341092,Swansea (default stadium),False,0,0.0,0,0,0,0,D
3489,2015-09-20,Liverpool,Norwich,Premier League,Premier League,1499.9421680847317,1497.7490669593956,8.0,8.0,0.4,0.6,1.2,0.4,1.6,1.8,0.5,0.0,0,5182.350543665449,Liverpool (default stadium),False,0,0.0,0,0,1,1,D
3490,2015-09-20,Southampton,Manchester United,Premier League,Premier League,1502.038343629661,1517.101184385751,8.0,8.0,0.2,1.0,1.0,0.6,1.2,0.6,0.5,0.0,0,291.8406815664775,Southampton (default stadium),False,0,0.0,0,0,2,3,A
3491,2015-09-20,Tottenham Hotspur,Crystal Palace,Premier League,Premier League,1502.5835256547632,1507.7719903165553,7.0,8.0,0.2,0.8,0.8,0.6,1.6,1.2,0.5,0.0,0,20.57108758153193,Tottenham Hotspur (default stadium),False,0,0.0,0,0,1,0,H
3492,2015-09-26,Leicester City,Arsenal,Premier League,Premier League,1526.3262595065828,1509.1655019469576,7.0,7.0,0.4,1.8,1.4,0.6,1.0,0.6,0.5,0.0,0,137.93652464122155,Leicester City (default stadium),False,0,0.0,0,0,2,5,A
3493,2015-09-26,Liverpool,Aston Villa,Premier League,Premier League,1497.8936809443442,1470.4923013435248,6.0,7.0,0.2,0.6,1.4,0.0,1.0,1.8,0.5,0.0,0,5394.758205947946,Liverpool (default stadium),False,0,0.0,0,0,3,2,H
3494,2015-09-26,Manchester United,Sunderland,Premier League,Premier League,1528.6693552592335,1461.7583071135493,6.0,7.0,0.6,1.6,1.0,0.0,0.8,1.8,0.5,0.0,0,167.6858786175707,Manchester United (default stadium),False,0,0.0,0,0,3,0,H
3495,2015-09-26,Newcastle United,Chelsea,Premier League,Premier League,1462.334464380431,1491.7834944598117,7.0,7.0,0.0,0.2,1.4,0.4,1.4,2.0,0.5,0.0,0,399.367741301676,Newcastle United (default stadium),False,0,0.0,0,0,2,2,D
3496,2015-09-26,Southampton,Swansea,Premier League,Premier League,1490.4701727561785,1508.3433388658582,6.0,7.0,0.2,1.0,1.2,0.4,1.0,0.6,0.5,0.0,0,194.99590699752744,Southampton (default stadium),False,0,0.0,0,0,3,1,H
3497,2015-09-26,Stoke,Bournemouth,Premier League,Premier League,1472.34044761405,1491.3987755604883,7.0,7.0,0.0,1.0,1.6,0.4,1.6,1.6,0.5,0.0,0,253.71102121569086,Stoke (default stadium),False,0,0.0,0,0,2,1,H
3498,2015-09-26,Tottenham Hotspur,Manchester City,Premier League,Premier League,1510.7394405009338,1536.7659193319116,6.0,7.0,0.4,1.0,0.6,0.8,1.8,0.4,0.5,0.0,0,253.91120185713115,Tottenham Hotspur (default stadium),False,0,0.0,0,0,4,1,H
3499,2015-09-26,West Ham United,Norwich,Premier League,Premier League,1520.8771735254795,1499.7975540997832,7.0,6.0,0.6,2.2,1.4,0.4,1.6,1.4,0.5,0.0,0,150.78179413404644,West Ham United (default stadium),False,0,0.0,0,0,2,2,D
3500,2015-09-27,Watford,Crystal Palace,Premier League,Premier League,1510.3665415286375,1499.6160754703847,8.0,7.0,0.4,0.6,0.6,0.4,1.0,1.2,0.5,0.0,0,34.44633804123294,Watford (default stadium),False,0,0.0,0,0,0,1,A
3501,2015-09-28,West Bromwich Albion,Everton,Premier League,Premier League,1500.8442755447663,1510.0169202470936,9.0,9.0,0.4,0.8,0.6,0.4,1.2,0.6,0.5,0.0,0,11644.311554609854,West Bromwich Albion (default stadium),False,0,0.0,0,0,2,3,A
3502,2015-10-03,Aston Villa,Stoke,Premier League,Premier League,1463.2245329270415,1480.8846457791547,7.0,7.0,0.0,1.4,2.2,0.2,1.0,1.4,0.5,0.0,0,212.21966938517173,Aston Villa (default stadium),False,0,0.0,0,0,0,1,A
3503,2015-10-03,Bournemouth,Watford,Premier League,Premier League,1482.8545773953836,1498.0833209421621,7.0,6.0,0.4,1.8,1.8,0.4,0.6,0.8,0.5,0.0,0,142.71746668291058,Bournemouth (default stadium),False,0,0.0,0,0,1,1,D
3504,2015-10-03,Chelsea,Southampton,Premier League,Premier League,1492.9453741141228,1498.9809988728866,7.0,7.0,0.4,1.8,1.8,0.4,1.6,0.8,0.5,0.0,0,105.31037742874952,Chelsea (default stadium),False,0,0.0,0,0,1,3,A
3505,2015-10-03,Crystal Palace,West Bromwich Albion,Premier League,Premier League,1511.89929605686,1489.1111945249095,6.0,5.0,0.6,1.0,0.8,0.4,1.2,1.2,0.5,0.0,0,180.90264463990698,Crystal Palace (default stadium),False,0,0.0,0,0,2,0,H
3506,2015-10-03,Manchester City,Newcastle United,Premier League,Premier League,1528.0248638583496,1461.1725847261198,7.0,7.0,0.6,1.4,1.2,0.0,0.6,1.4,0.5,0.0,0,171.2592358971847,Manchester City (default stadium),False,0,0.0,0,0,6,1,H
3507,2015-10-03,Norwich,Leicester City,Premier League,Premier League,1502.3605914283,1513.868907525763,7.0,7.0,0.2,1.4,1.6,0.2,1.8,2.2,0.5,0.0,0,165.48979003675552,Norwich (default stadium),False,0,0.0,0,0,1,2,A
3508,2015-10-03,Sunderland,West Ham United,Premier League,Premier League,1455.5068718070597,1518.3141361969626,7.0,7.0,0.0,0.6,1.8,0.6,2.4,1.4,0.5,0.0,0,386.44952491666476,Sunderland (default stadium),False,0,0.0,0,0,2,2,D
3509,2015-10-04,Arsenal,Manchester United,Premier League,Premier League,1521.6228539277774,1534.920790565723,8.0,8.0,0.6,1.6,0.8,0.6,2.0,1.0,0.5,0.0,0,256.9000111017041,Arsenal (default stadium),False,0,0.0,0,0,3,0,H
3510,2015-10-04,Everton,Liverpool,Premier League,Premier League,1521.7500012669504,1505.1614493608274,6.0,8.0,0.4,1.2,1.0,0.2,1.0,1.8,0.5,0.0,0,16451.58764038487,Everton (default stadium),True,0,0.0,0,0,1,1,D
3511,2015-10-04,Swansea,Tottenham Hotspur,Premier League,Premier League,1499.83251274915,1519.4804959744959,8.0,8.0,0.2,0.8,1.2,0.6,1.4,0.4,0.5,0.0,0,267.05513719576624,Swansea (default stadium),False,0,0.0,0,0,2,2,D
3512,2015-10-17,Chelsea,Aston Villa,Premier League,Premier League,1481.1248535487405,1451.7293634156163,14.0,14.0,0.2,1.4,2.0,0.0,1.2,2.0,0.5,0.0,0,162.80441844458147,Chelsea (default stadium),False,0,0.0,0,0,2,0,H
3513,2015-10-17,Crystal Palace,West Ham United,Premier League,Premier League,1519.2903731855233,1518.5211301985412,14.0,14.0,0.6,1.0,0.6,0.6,2.2,1.0,0.5,0.0,0,13.663891147783643,Crystal Palace (default stadium),False,0,0.0,0,0,1,3,A
3514,2015-10-17,Everton,Manchester United,Premier League,Premier League,1519.3081304222744,1526.538470393817,13.0,13.0,0.4,1.4,0.8,0.6,2.0,1.6,0.5,0.0,0,11690.468746176242,Everton (default stadium),False,0,0.0,0,0,0,3,A
3515,2015-10-17,Manchester City,Bournemouth,Premier League,Premier League,1534.277753078908,1481.2910645099903,14.0,14.0,0.6,2.2,1.4,0.2,1.2,1.4,0.5,0.0,0,306.55795629981236,Manchester City (default stadium),False,0,0.0,0,0,5,1,H
3516,2015-10-17,Southampton,Leicester City,Premier League,Premier League,1510.801519438269,1525.5367066242375,14.0,14.0,0.6,2.2,1.0,0.4,2.0,2.2,0.5,0.0,0,191.4130852325117,Southampton (default stadium),False,0,0.0,0,0,2,2,D
3517,2015-10-17,Tottenham Hotspur,Liverpool,Premier League,Premier League,1520.919681766815,1507.6033202055035,13.0,13.0,0.6,1.6,0.6,0.2,1.2,2.0,0.5,0.0,0,5300.810896107908,Tottenham Hotspur (default stadium),False,0,0.0,0,0,0,0,D
3518,2015-10-17,Watford,Arsenal,Premier League,Premier League,1499.6468338275554,1530.0051740996835,14.0,13.0,0.4,0.8,1.0,0.8,2.2,0.8,0.5,0.0,0,22.816875346141348,Watford (default stadium),False,0,0.0,0,0,0,3,A
3519,2015-10-17,West Bromwich Albion,Sunderland,Premier League,Premier League,1481.7201173962462,1455.2998778054812,14.0,14.0,0.4,0.8,1.0,0.0,0.8,2.0,0.5,0.0,0,264.2683720768647,West Bromwich Albion (default stadium),False,0,0.0,0,0,1,0,H
3520,2015-10-18,Newcastle United,Norwich,Premier League,Premier League,1454.9196955055613,1490.6927923298256,15.0,15.0,0.0,0.8,2.6,0.2,1.4,1.8,0.5,0.0,0,322.8365950330847,Newcastle United (default stadium),False,0,0.0,0,0,6,2,H
3521,2015-10-19,Swansea,Stoke,Premier League,Premier League,1498.3933269568308,1492.37981529058,15.0,16.0,0.2,1.0,1.4,0.4,1.0,1.2,0.5,0.0,0,351.8654069044793,Swansea (default stadium),False,0,0.0,0,0,0,1,A
3522,2015-10-24,Arsenal,Everton,Premier League,Premier League,1541.141227221603,1507.520877544214,7.0,7.0,0.8,2.6,0.8,0.4,1.4,1.4,0.5,0.0,0,11682.978134396302,Arsenal (default stadium),False,0,0.0,0,0,2,1,H
3523,2015-10-24,Aston Villa,Swansea,Premier League,Premier League,1444.514621780164,1486.2397348110571,7.0,5.0,0.0,0.8,2.0,0.0,0.6,1.4,0.5,0.0,0,169.99639329479123,Aston Villa (default stadium),False,0,0.0,0,0,1,2,A
3524,2015-10-24,Leicester City,Crystal Palace,Premier League,Premier League,1527.1140748484233,1507.28118102059,7.0,7.0,0.4,2.2,2.4,0.4,0.8,1.0,0.5,0.0,0,152.43481774000773,Leicester City (default stadium),False,0,0.0,0,0,1,0,H
3525,2015-10-24,Norwich,West Bromwich Albion,Premier League,Premier League,1481.674747287002,1489.0140372979783,6.0,7.0,0.2,1.8,2.4,0.4,0.8,1.0,0.5,0.0,0,220.30074590924255,Norwich (default stadium),False,0,0.0,0,0,0,1,A
3526,2015-10-24,Stoke,Watford,Premier League,Premier League,1504.5334074363536,1488.5107807056359,5.0,7.0,0.6,1.2,1.0,0.4,0.8,1.2,0.5,0.0,0,115.3858128973264,Stoke (default stadium),False,0,0.0,0,0,0,2,A
3527,2015-10-24,West Ham United,Chelsea,Premier League,Premier League,1530.5303223634744,1488.3395951841928,7.0,7.0,0.6,2.2,1.2,0.4,1.6,1.6,0.5,0.0,0,13.657971575674615,West Ham United (default stadium),False,0,0.0,0,0,2,1,H
3528,2015-10-25,Bournemouth,Tottenham Hotspur,Premier League,Premier League,1474.6901059239833,1518.5665778769958,8.0,8.0,0.2,1.2,2.2,0.6,1.6,0.6,0.5,0.0,0,156.84013393890496,Bournemouth (default stadium),False,0,0.0,0,0,1,5,A
3529,2015-10-25,Liverpool,Southampton,Premier League,Premier League,1509.9564240953227,1509.2241512140831,8.0,8.0,0.2,1.2,1.4,0.4,2.0,1.4,0.5,0.0,0,5410.461987095733,Liverpool (default stadium),False,0,0.0,0,0,1,1,D
3530,2015-10-25,Manchester United,Manchester City,Premier League,Premier League,1538.3257232718775,1540.878711664915,8.0,8.0,0.8,2.4,1.2,0.6,2.8,1.6,0.5,0.0,0,0.0,Manchester United (default stadium),True,0,0.0,0,0,0,0,D
3531,2015-10-25,Sunderland,Newcastle United,Premier League,Premier League,1448.005957903749,1463.937740548385,8.0,7.0,0.0,0.4,1.8,0.2,2.0,2.8,0.5,0.0,0,13.328260759600619,Sunderland (default stadium),True,0,0.0,0,0,3,0,H
3532,2015-10-31,Chelsea,Liverpool,Premier League,Premier League,1481.460960876004,1507.948253081841,7.0,6.0,0.4,1.6,1.4,0.2,1.2,1.0,0.5,0.0,0,5312.655647759373,Chelsea (default stadium),False,0,0.0,0,0,1,3,A
3533,2015-10-31,Crystal Palace,Manchester United,Premier League,Premier League,1499.810661237399,1536.4084663385954,7.0,6.0,0.4,0.8,1.0,0.6,1.8,1.0,0.5,0.0,0,271.155957712397,Crystal Palace (default stadium),False,0,0.0,0,0,0,0,D
3534,2015-10-31,Manchester City,Norwich,Premier League,Premier League,1542.795968598197,1469.8905302460942,6.0,7.0,0.4,2.6,1.6,0.0,1.2,2.4,0.5,0.0,0,253.34295700774945,Manchester City (default stadium),False,0,0.0,0,0,2,1,H
3535,2015-10-31,Newcastle United,Stoke,Premier League,Premier League,1455.481506782986,1492.1068600609997,6.0,7.0,0.2,2.0,3.0,0.6,1.2,1.0,0.5,0.0,0,371.0835169844392,Newcastle United (default stadium),False,0,0.0,0,0,0,0,D
3536,2015-10-31,Swansea,Arsenal,Premier League,Premier League,1497.0517595941394,1548.2441851506057,7.0,7.0,0.2,1.0,1.4,0.8,2.6,1.0,0.5,0.0,0,264.43650443285355,Swansea (default stadium),False,0,0.0,0,0,0,3,A
3537,2015-10-31,Watford,West Ham United,Premier League,Premier League,1500.9373280809898,1537.4089566716632,7.0,7.0,0.4,1.0,1.2,0.6,2.2,1.4,0.5,0.0,0,29.461782304363904,Watford (default stadium),False,0,0.0,0,0,2,0,H
3538,2015-10-31,West Bromwich Albion,Leicester City,Premier League,Premier League,1500.7982543388862,1534.5845946316144,7.0,7.0,0.6,1.0,1.0,0.4,1.8,2.0,0.5,0.0,0,55.00254871843119,West Bromwich Albion (default stadium),False,0,0.0,0,0,2,3,A
3539,2015-11-01,Everton,Sunderland,Premier League,Premier League,1500.4179196152113,1456.462191669148,8.0,7.0,0.2,1.0,1.6,0.2,1.0,1.6,0.5,0.0,0,11825.332160481525,Everton (default stadium),False,0,0.0,0,0,6,2,H
3540,2015-11-01,Southampton,Bournemouth,Premier League,Premier League,1511.232322227565,1463.9396240884307,7.0,7.0,0.4,2.2,1.6,0.2,1.2,2.6,0.5,0.0,0,36.717522209000165,Southampton (default stadium),False,0,0.0,0,0,2,0,H
3541,2015-11-02,Tottenham Hotspur,Aston Villa,Premier League,Premier League,1529.3170597125484,1433.7025969970816,8.0,9.0,0.6,2.4,0.8,0.0,0.6,1.8,0.5,0.0,0,159.95911475155745,Tottenham Hotspur (default stadium),False,0,0.0,0,0,3,1,H
3542,2015-11-07,Bournemouth,Newcastle United,Premier League,Premier League,1457.1929149861182,1454.5238510165218,6.0,7.0,0.0,0.8,3.0,0.2,1.8,2.6,0.5,0.0,0,472.12392823775417,Bournemouth (default stadium),False,0,0.0,0,0,0,1,A
3543,2015-11-07,Leicester City,Watford,Premier League,Premier League,1545.6231492567806,1509.9752885261628,7.0,7.0,0.6,2.0,2.0,0.4,1.0,1.0,0.5,0.0,0,119.18970796768599,Leicester City (default stadium),False,0,0.0,0,0,2,1,H
3544,2015-11-07,Manchester United,West Bromwich Albion,Premier League,Premier League,1537.3669077276338,1489.75969971372,7.0,7.0,0.4,1.2,0.6,0.4,1.2,1.6,0.5,0.0,0,103.87357381667516,Manchester United (default stadium),False,0,0.0,0,0,2,0,H
3545,2015-11-07,Norwich,Swansea,Premier League,Premier League,1463.78641614059,1486.510962222913,7.0,7.0,0.0,1.2,2.6,0.2,1.0,2.0,0.5,0.0,0,374.0329849553826,Norwich (default stadium),False,0,0.0,0,0,1,0,H
3546,2015-11-07,Stoke,Chelsea,Premier League,Premier League,1493.0645158274638,1470.2150715818054,7.0,7.0,0.6,0.8,0.6,0.2,1.4,2.0,0.5,0.0,0,111.88362495735197,Stoke (default stadium),False,0,0.0,0,0,1,0,H
3547,2015-11-07,Sunderland,Southampton,Premier League,Premier League,1449.6293356993156,1517.9790313298774,6.0,6.0,0.2,1.4,2.4,0.6,2.2,1.0,0.5,0.0,0,445.72865636782814,Sunderland (default stadium),False,0,0.0,0,0,0,1,A
3548,2015-11-07,West Ham United,Everton,Premier League,Premier League,1528.3709962264902,1507.2507755850438,7.0,6.0,0.4,1.8,1.6,0.4,2.2,2.0,0.5,0.0,0,11687.188342303432,West Ham United (default stadium),False,0,0.0,0,0,1,1,D
3549,2015-11-08,Arsenal,Tottenham Hotspur,Premier League,Premier League,1558.7849825218323,1534.8812779101809,8.0,6.0,1.0,3.2,0.6,0.6,2.8,1.0,0.5,0.0,0,6.203038582804336,Arsenal (default stadium),True,0,0.0,0,0,1,1,D
3550,2015-11-08,Aston Villa,Manchester City,Premier League,Premier League,1428.1383787994491,1548.9000827037012,6.0,8.0,0.0,0.8,2.2,0.6,2.8,1.4,0.5,0.0,0,110.34451123028889,Aston Villa (default stadium),False,0,0.0,0,0,0,0,D
3551,2015-11-08,Liverpool,Crystal Palace,Premier League,Premier League,1519.1941423760395,1498.8522198483606,8.0,8.0,0.4,1.6,1.0,0.4,0.8,0.8,0.5,0.0,0,5306.285725112793,Liverpool (default stadium),False,0,0.0,0,0,1,2,A
3552,2015-11-21,Chelsea,Norwich,Premier League,Premier League,1462.8256397883836,1472.4340552170047,14.0,14.0,0.2,1.0,1.8,0.2,1.0,2.2,0.5,0.0,0,163.10075119791753,Chelsea (default stadium),False,0,0.0,0,0,1,0,H
3553,2015-11-21,Everton,Aston Villa,Premier League,Premier League,1509.8149047107754,1429.5891101333834,14.0,13.0,0.2,1.8,1.8,0.0,0.4,1.6,0.5,0.0,0,11644.551802132402,Everton (default stadium),False,0,0.0,0,0,4,0,H
3554,2015-11-21,Manchester City,Liverpool,Premier League,Premier League,1547.4493513697669,1506.6509536377218,13.0,13.0,0.6,2.6,0.6,0.2,1.2,1.0,0.5,0.0,0,5387.234837982907,Manchester City (default stadium),False,0,0.0,0,0,1,4,A
3555,2015-11-21,Newcastle United,Leicester City,Premier League,Premier League,1466.5854589143516,1552.6727393284873,14.0,14.0,0.4,1.6,2.2,0.8,2.0,1.2,0.5,0.0,0,263.6083592563879,Newcastle United (default stadium),False,0,0.0,0,0,0,3,A
3556,2015-11-21,Southampton,Stoke,Premier League,Premier League,1528.0265305506503,1500.4539476208856,14.0,14.0,0.6,1.8,0.8,0.6,0.6,0.4,0.5,0.0,0,217.169880891397,Southampton (default stadium),False,0,0.0,0,0,0,1,A
3557,2015-11-21,Swansea,Bournemouth,Premier League,Premier League,1477.8633231464983,1445.1313070882884,14.0,14.0,0.2,0.8,1.6,0.0,0.6,2.8,0.5,0.0,0,177.55997151067382,Swansea (default stadium),False,0,0.0,0,0,2,2,D
3558,2015-11-21,Watford,Manchester United,Premier League,Premier League,1502.925698454456,1544.1055249821713,14.0,14.0,0.4,1.2,1.2,0.4,1.0,0.6,0.5,0.0,0,237.3590819226217,Watford (default stadium),False,0,0.0,0,0,1,2,A
3559,2015-11-21,West Bromwich Albion,Arsenal,Premier League,Premier League,1483.0210824591825,1556.1461606979162,14.0,13.0,0.4,0.8,1.4,0.8,2.4,0.4,0.5,0.0,0,168.46827367374928,West Bromwich Albion (default stadium),False,0,0.0,0,0,2,1,H
3560,2015-11-22,Tottenham Hotspur,West Ham United,Premier League,Premier League,1537.520099734097,1525.8068671007586,14.0,15.0,0.4,2.2,1.0,0.4,1.6,1.4,0.5,0.0,0,8.221735834635023,Tottenham Hotspur (default stadium),False,0,0.0,0,0,4,1,H
3561,2015-11-23,Crystal Palace,Sunderland,Premier League,Premier League,1511.3954085866783,1439.5818364785428,15.0,16.0,0.4,1.0,1.0,0.2,1.4,2.0,0.5,0.0,0,398.4608999330654,Crystal Palace (default stadium),False,0,0.0,0,0,0,1,A
3562,2015-11-28,Aston Villa,Watford,Premier League,Premier League,1423.6622323406893,1492.098084551512,7.0,7.0,0.0,0.4,2.2,0.4,1.2,1.4,0.5,0.0,0,139.3187961666235,Aston Villa (default stadium),False,0,0.0,0,0,2,3,A
3563,2015-11-28,Bournemouth,Everton,Premier League,Premier League,1448.0049094606543,1515.7417825034695,7.0,7.0,0.0,0.8,3.0,0.4,2.4,1.6,0.5,0.0,0,11531.827627873134,Bournemouth (default stadium),False,0,0.0,0,0,3,3,D
3564,2015-11-28,Crystal Palace,Newcastle United,Premier League,Premier League,1497.526211835975,1457.048157443422,5.0,7.0,0.2,0.6,1.2,0.4,1.4,1.6,0.5,0.0,0,408.04977898274933,Crystal Palace (default stadium),False,0,0.0,0,0,5,1,H
3565,2015-11-28,Leicester City,Manchester United,Premier League,Premier League,1562.210040799417,1554.9331388851153,7.0,7.0,0.8,2.2,1.0,0.6,1.4,0.2,0.5,0.0,0,119.18446031803153,Leicester City (default stadium),False,0,0.0,0,0,1,1,D
3566,2015-11-28,Manchester City,Southampton,Premier League,Premier League,1534.3642008230447,1515.2897398052382,7.0,7.0,0.4,1.6,1.2,0.4,1.2,0.8,0.5,0.0,0,291.8406815664775,Manchester City (default stadium),False,0,0.0,0,0,3,1,H
3567,2015-11-28,Sunderland,Stoke,Premier League,Premier League,1453.4510332292461,1513.1907383662976,5.0,7.0,0.4,1.2,1.6,0.6,0.6,0.4,0.5,0.0,0,359.38231590481223,Sunderland (default stadium),False,0,0.0,0,0,2,0,H
3568,2015-11-29,Liverpool,Swansea,Premier League,Premier League,1519.736104184444,1474.9897207741324,8.0,8.0,0.4,1.8,1.0,0.2,0.8,1.6,0.5,0.0,0,5556.210900180734,Liverpool (default stadium),False,0,0.0,0,0,1,0,H
3569,2015-11-29,Norwich,Arsenal,Premier League,Premier League,1464.1549678308847,1546.056216141459,8.0,8.0,0.2,0.8,2.0,0.6,2.0,0.8,0.5,0.0,0,153.16871679599038,Norwich (default stadium),False,0,0.0,0,0,1,1,D
3570,2015-11-29,Tottenham Hotspur,Chelsea,Premier League,Premier League,1545.2106297559585,1471.1047271745035,7.0,8.0,0.6,2.6,0.8,0.4,1.0,1.2,0.5,0.0,0,16.124829392275434,Tottenham Hotspur (default stadium),True,0,0.0,0,0,0,0,D
3571,2015-11-29,West Ham United,West Bromwich Albion,Premier League,Premier League,1518.116337078897,1493.1110270156398,7.0,8.0,0.4,1.4,1.8,0.6,1.2,1.2,0.5,0.0,0,174.57015283848514,West Ham United (default stadium),False,0,0.0,0,0,1,1,D
3572,2015-12-05,Arsenal,Sunderland,Premier League,Premier League,1545.713804594729,1463.1558040233213,6.0,7.0,0.4,1.6,1.0,0.6,1.6,1.4,0.5,0.0,0,383.12980296580747,Arsenal (default stadium),False,0,0.0,0,0,3,1,H
3573,2015-12-05,Chelsea,Bournemouth,Premier League,Premier League,1475.029881393829,1447.9397723519598,6.0,7.0,0.2,0.6,1.2,0.0,1.2,2.6,0.5,0.0,0,141.82746970047285,Chelsea (default stadium),False,0,0.0,0,0,0,1,A
3574,2015-12-05,Manchester United,West Ham United,Premier League,Premier League,1557.1213805232237,1515.4480411226045,7.0,6.0,0.4,1.0,0.4,0.2,1.0,1.8,0.5,0.0,0,262.0495522571908,Manchester United (default stadium),False,0,0.0,0,0,0,0,D
3575,2015-12-05,Southampton,Aston Villa,Premier League,Premier League,1507.7987760221465,1413.6172128525554,7.0,7.0,0.4,1.0,1.0,0.0,0.8,2.4,0.5,0.0,0,181.49627866409335,Southampton (default stadium),False,0,0.0,0,0,1,1,D
3576,2015-12-05,Stoke,Manchester City,Premier League,Premier League,1503.4859675722225,1541.8551646061364,7.0,7.0,0.4,0.4,0.8,0.4,1.2,1.2,0.5,0.0,0,275.4298868384115,Stoke (default stadium),False,0,0.0,0,0,2,0,H
3577,2015-12-05,Swansea,Leicester City,Premier League,Premier League,1468.1773242177833,1560.0217991613085,6.0,7.0,0.2,0.8,1.6,0.8,2.0,0.8,0.5,0.0,0,219.3978201651642,Swansea (default stadium),False,0,0.0,0,0,0,3,A
3578,2015-12-05,Watford,Norwich,Premier League,Premier League,1502.143104039646,1464.4973793776146,7.0,6.0,0.6,1.8,1.2,0.2,0.6,1.0,0.5,0.0,0,159.11339443342936,Watford (default stadium),False,0,0.0,0,0,2,0,H
3579,2015-12-05,West Bromwich Albion,Tottenham Hotspur,Premier League,Premier League,1495.7793229719323,1541.285475536633,6.0,6.0,0.4,1.2,1.4,0.6,2.6,0.8,0.5,0.0,0,167.03808994677587,West Bromwich Albion (default stadium),False,0,0.0,0,0,1,1,D
3580,2015-12-06,Newcastle United,Liverpool,Premier League,Premier League,1450.1249629911974,1526.548500740793,8.0,7.0,0.2,0.4,2.2,0.6,2.0,1.0,0.5,0.0,0,5307.58997068219,Newcastle United (default stadium),False,0,0.0,0,0,2,0,H
3581,2015-12-07,Everton,Crystal Palace,Premier League,Premier League,1515.806919612164,1504.4494062881995,9.0,9.0,0.4,3.0,1.6,0.4,1.4,0.8,0.5,0.0,0,11676.66690896838,Everton (default stadium),False,0,0.0,0,0,1,1,D
3582,2015-12-12,Bournemouth,Manchester United,Premier League,Premier League,1460.663711624863,1554.013461810326,7.0,7.0,0.2,1.2,1.6,0.4,1.0,0.4,0.5,0.0,0,306.55795629981236,Bournemouth (default stadium),False,0,0.0,0,0,2,1,H
3583,2015-12-12,Crystal Palace,Southampton,Premier League,Premier League,1506.7491816345619,1503.3961820356997,5.0,7.0,0.4,1.6,0.8,0.4,1.0,1.0,0.5,0.0,0,108.42688407911376,Crystal Palace (default stadium),False,0,0.0,0,0,1,0,H
3584,2015-12-12,Manchester City,Swansea,Premier League,Premier League,1532.7630653287551,1458.805231577888,7.0,7.0,0.4,1.2,1.6,0.0,0.4,2.0,0.5,0.0,0,235.8161570960022,Manchester City (default stadium),False,0,0.0,0,0,2,1,H
3585,2015-12-12,Norwich,Everton,Premier League,Premier League,1457.500197358054,1513.5071442658016,7.0,5.0,0.2,0.6,1.2,0.4,3.0,1.4,0.5,0.0,0,11829.611064499979,Norwich (default stadium),False,0,0.0,0,0,1,1,D
3586,2015-12-12,Sunderland,Watford,Premier League,Premier League,1457.2847625439483,1509.1402860592066,7.0,7.0,0.4,1.2,2.0,0.6,1.8,1.2,0.5,0.0,0,368.8823663967205,Sunderland (default stadium),False,0,0.0,0,0,0,1,A
3587,2015-12-12,West Ham United,Stoke,Premier League,Premier League,1518.5559598355023,1512.5780668496038,7.0,7.0,0.0,0.6,1.6,0.6,0.8,0.4,0.5,0.0,0,98.38337997534771,West Ham United (default stadium),False,0,0.0,0,0,0,0,D
3588,2015-12-13,Aston Villa,Arsenal,Premier League,Premier League,1418.0198068390023,1551.584846074102,8.0,8.0,0.0,0.8,2.2,0.4,1.8,1.0,0.5,0.0,0,161.3294461687896,Aston Villa (default stadium),False,0,0.0,0,0,0,2,A
3589,2015-12-13,Liverpool,West Bromwich Albion,Premier League,Premier League,1516.3636375254175,1495.0754990120233,7.0,8.0,0.6,1.8,1.2,0.2,1.2,1.6,0.5,0.0,0,5397.522050574016,Liverpool (default stadium),False,0,0.0,0,0,2,2,D
3590,2015-12-13,Tottenham Hotspur,Newcastle United,Premier League,Premier League,1541.989299496542,1460.309826206573,8.0,7.0,0.4,1.8,0.8,0.4,0.8,1.6,0.5,0.0,0,388.1243553495561,Tottenham Hotspur (default stadium),False,0,0.0,0,0,1,2,A
3591,2015-12-14,Leicester City,Chelsea,Premier League,Premier League,1569.3938918012038,1462.305942120926,9.0,9.0,0.8,2.4,0.8,0.2,0.4,1.0,0.5,0.0,0,142.36087796503557,Leicester City (default stadium),False,0,0.0,0,0,2,1,H
3592,2015-12-19,Chelsea,Sunderland,Premier League,Premier League,1457.0030570381891,1446.762996789602,5.0,7.0,0.2,0.4,0.8,0.4,0.8,1.0,0.5,0.0,0,389.93734890187324,Chelsea (default stadium),False,0,0.0,0,0,3,1,H
3593,2015-12-19,Everton,Leicester City,Premier League,Premier League,1513.9096790825852,1574.6967768839406,7.0,5.0,0.2,2.0,1.2,0.8,2.2,0.6,0.5,0.0,0,11692.657159990456,Everton (default stadium),False,0,0.0,0,0,2,3,A
3594,2015-12-19,Manchester United,Norwich,Premier League,Premier League,1543.3424119702588,1457.0976625412704,7.0,7.0,0.4,1.2,0.8,0.2,0.6,1.0,0.5,0.0,0,253.34295700774945,Manchester United (default stadium),False,0,0.0,0,0,1,2,A
3595,2015-12-19,Newcastle United,Aston Villa,Premier League,Premier League,1474.4177876430554,1409.8292122081934,6.0,6.0,0.6,1.2,1.8,0.0,0.6,2.0,0.5,0.0,0,275.3185930085947,Newcastle United (default stadium),False,0,0.0,0,0,1,1,D
3596,2015-12-19,Southampton,Tottenham Hotspur,Premier League,Premier League,1495.4766308449152,1527.8813380600595,7.0,6.0,0.2,0.6,1.2,0.2,1.4,1.0,0.5,0.0,0,120.5232777621848,Southampton (default stadium),False,0,0.0,0,0,0,2,A
3597,2015-12-19,Stoke,Crystal Palace,Premier League,Premier League,1514.7306813335674,1514.6687328253463,7.0,7.0,0.6,0.8,0.4,0.6,1.8,0.8,0.5,0.0,0,109.48338153904736,Stoke (default stadium),False,0,0.0,0,0,1,2,A
3598,2015-12-19,West Bromwich Albion,Bournemouth,Premier League,Premier League,1497.6441428804424,1471.3347614649301,6.0,7.0,0.2,1.2,1.4,0.4,1.6,1.4,0.5,0.0,0,203.18642139610964,West Bromwich Albion (default stadium),False,0,0.0,0,0,1,2,A
3599,2015-12-20,Swansea,West Ham United,Premier League,Premier League,1452.726780033633,1516.4033453515387,8.0,8.0,0.0,0.6,1.8,0.0,0.6,1.2,0.5,0.0,0,271.00387883479357,Swansea (default stadium),False,0,0.0,0,0,0,0,D
3600,2015-12-20,Watford,Liverpool,Premier League,Premier League,1519.6620518135528,1513.7949936569985,8.0,7.0,0.6,1.6,1.2,0.4,1.6,1.4,0.5,0.0,0,5321.850013915433,Watford (default stadium),False,0,0.0,0,0,3,0,H
3601,2015-12-21,Arsenal,Manchester City,Premier League,Premier League,1559.7754407049108,1538.84151687301,8.0,9.0,0.4,1.6,1.0,0.4,1.2,1.6,0.5,0.0,0,256.9000111017041,Arsenal (default stadium),False,0,0.0,0,0,2,1,H
3602,2015-12-26,Aston Villa,West Ham United,Premier League,Premier League,1413.52018034146,1516.585328338398,7.0,6.0,0.0,0.8,2.2,0.0,0.4,1.0,0.5,0.0,0,167.45755533416937,Aston Villa (default stadium),False,0,0.0,0,0,1,1,D
3603,2015-12-26,Bournemouth,Crystal Palace,Premier League,Premier League,1484.0378842079833,1526.6583812571764,7.0,7.0,0.6,2.0,1.4,0.6,1.8,0.8,0.5,0.0,0,145.13706164318188,Bournemouth (default stadium),False,0,0.0,0,0,0,0,D
3604,2015-12-26,Chelsea,Watford,Premier League,Premier League,1464.733765935781,1527.5124798008012,7.0,6.0,0.4,1.0,0.8,0.8,2.0,0.8,0.5,0.0,0,23.690230405937225,Chelsea (default stadium),False,0,0.0,0,0,2,2,D
3605,2015-12-26,Liverpool,Leicester City,Premier League,Premier League,1505.94456566975,1584.9618833916518,6.0,7.0,0.4,1.4,1.6,0.8,2.4,0.8,0.5,0.0,0,5343.065862682322,Liverpool (default stadium),False,0,0.0,0,0,1,0,H
3606,2015-12-26,Manchester City,Sunderland,Premier League,Premier League,1531.4006357991946,1439.0322878920101,5.0,7.0,0.4,1.4,2.0,0.4,1.0,1.4,0.5,0.0,0,167.6858786175707,Manchester City (default stadium),False,0,0.0,0,0,4,1,H
3607,2015-12-26,Newcastle United,Everton,Premier League,Premier League,1470.7268195097888,1503.644572574874,7.0,7.0,0.4,1.2,2.0,0.2,2.2,1.6,0.5,0.0,0,11820.07394279188,Newcastle United (default stadium),False,0,0.0,0,0,0,1,A
3608,2015-12-26,Southampton,Arsenal,Premier League,Premier League,1484.3987549908034,1567.2163217787263,7.0,5.0,0.0,0.4,1.6,0.6,1.8,1.0,0.5,0.0,0,114.81248103375616,Southampton (default stadium),False,0,0.0,0,0,4,0,H
3609,2015-12-26,Stoke,Manchester United,Premier League,Premier League,1502.7410329017373,1529.1258180284835,7.0,7.0,0.4,0.8,0.8,0.2,1.0,1.2,0.5,0.0,0,275.4298868384115,Stoke (default stadium),False,0,0.0,0,0,2,0,H
3610,2015-12-26,Swansea,West Bromwich Albion,Premier League,Premier League,1452.5447970467737,1484.9410201373892,6.0,7.0,0.0,0.6,1.6,0.2,1.4,1.4,0.5,0.0,0,169.67031549263714,Swansea (default stadium),False,0,0.0,0,0,1,0,H
3611,2015-12-26,Tottenham Hotspur,Norwich,Premier League,Premier League,1538.9592139141714,1471.3142564830457,7.0,7.0,0.4,1.6,0.8,0.2,0.8,1.2,0.5,0.0,0,147.07777918255633,Tottenham Hotspur (default stadium),False,0,0.0,0,0,3,0,H
3612,2015-12-28,Arsenal,Bournemouth,Premier League,Premier League,1556.847569828055,1483.2514660191446,2.0,2.0,0.6,1.6,1.4,0.6,1.6,1.0,0.5,0.0,0,151.22456097479042,Arsenal (default stadium),False,0,0.0,0,0,2,0,H
3613,2015-12-28,Crystal Palace,Swansea,Premier League,Premier League,1527.4447994460152,1461.466679837635,2.0,2.0,0.6,1.8,0.6,0.2,0.4,1.2,0.5,0.0,0,268.54218681775865,Crystal Palace (default stadium),False,0,0.0,0,0,0,0,D
3614,2015-12-28,Everton,Stoke,Premier League,Premier League,1514.7078510309238,1511.4922391206367,2.0,2.0,0.2,1.6,1.6,0.4,1.0,0.8,0.5,0.0,0,11785.527014866359,Everton (default stadium),False,0,0.0,0,0,3,4,A
3615,2015-12-28,Manchester United,Chelsea,Premier League,Premier League,1520.3746118095842,1464.5259505375307,2.0,2.0,0.0,0.6,1.4,0.2,1.2,1.2,0.5,0.0,0,260.84692450845216,Manchester United (default stadium),False,0,0.0,0,0,0,0,D
3616,2015-12-28,Norwich,Aston Villa,Premier League,Premier League,1465.0809621584244,1414.4690089643377,2.0,2.0,0.2,0.8,1.6,0.0,1.0,1.6,0.5,0.0,0,216.25404831444274,Norwich (default stadium),False,0,0.0,0,0,2,0,H
3617,2015-12-28,Watford,Tottenham Hotspur,Premier League,Premier League,1527.7202951990516,1545.1925082387927,2.0,2.0,0.8,2.2,0.8,0.4,1.4,0.6,0.5,0.0,0,23.679576890869605,Watford (default stadium),False,0,0.0,0,0,1,2,A
3618,2015-12-28,West Bromwich Albion,Newcastle United,Premier League,Premier League,1476.019137346528,1459.663541053739,2.0,2.0,0.0,1.0,1.4,0.4,1.2,1.6,0.5,0.0,0,269.9204995926814,West Bromwich Albion (default stadium),False,0,0.0,0,0,1,0,H
3619,2015-12-28,West Ham United,Southampton,Premier League,Premier League,1515.6364997155204,1494.7675069414747,2.0,2.0,0.0,0.4,0.4,0.2,1.2,1.4,0.5,0.0,0,118.78899564721851,West Ham United (default stadium),False,0,0.0,0,0,2,1,H
3620,2015-12-29,Leicester City,Manchester City,Premier League,Premier League,1574.7024023846514,1537.040211234736,3.0,3.0,0.6,1.8,1.0,0.6,2.0,1.4,0.5,0.0,0,119.18446031803153,Leicester City (default stadium),False,0,0.0,0,0,0,0,D
3621,2015-12-30,Sunderland,Liverpool,Premier League,Premier League,1433.3927124564686,1516.2040466767505,4.0,4.0,0.2,1.0,2.2,0.4,0.8,1.4,0.5,0.0,0,5298.140462363033,Sunderland (default stadium),False,0,0.0,0,0,0,1,A
3622,2016-01-02,Arsenal,Newcastle United,Premier League,Premier League,1562.9348352670495,1452.099105666678,5.0,5.0,0.8,1.8,1.2,0.4,1.0,0.8,1.0,1.0,1,392.7352980316752,Arsenal (default stadium),False,0,0.0,0,0,1,0,H
3623,2016-01-02,Leicester City,Bournemouth,Premier League,Premier League,1571.699153201827,1477.16420058015,4.0,5.0,0.6,1.6,0.8,0.6,1.0,0.8,0.0,0.0,1,215.0463353224413,Leicester City (default stadium),False,0,0.0,0,0,0,0,D
3624,2016-01-02,Manchester United,Swansea,Premier League,Premier League,1516.9029183520274,1465.1921426417337,5.0,5.0,0.0,0.4,1.2,0.2,0.4,1.0,0.0,-1.0,1,235.8161570960022,Manchester United (default stadium),False,0,0.0,0,0,2,1,H
3625,2016-01-02,Norwich,Southampton,Premier League,Premier League,1471.7425141042177,1487.3248793117893,5.0,5.0,0.4,1.0,1.4,0.2,1.2,1.2,0.0,-3.0,1,266.3224573711899,Norwich (default stadium),False,0,0.0,0,0,1,0,H
3626,2016-01-02,Sunderland,Aston Villa,Premier League,Premier League,1423.7612852632326,1407.8074570185445,3.0,5.0,0.0,0.6,2.4,0.0,0.6,1.4,0.0,0.0,1,269.4425518930645,Sunderland (default stadium),False,0,0.0,0,0,3,1,H
3627,2016-01-02,Watford,Manchester City,Premier League,Premier League,1516.2198388261502,1540.0434604175605,5.0,4.0,0.6,1.8,0.8,0.4,1.4,1.2,0.0,-2.0,1,237.3590819226217,Watford (default stadium),False,0,0.0,0,0,1,2,A
3628,2016-01-02,West Bromwich Albion,Stoke,Premier League,Premier League,1483.5835727335889,1523.5689044374537,5.0,5.0,0.2,1.0,1.2,0.6,1.8,1.0,1.0,1.0,1,217.8619630192631,West Bromwich Albion (default stadium),False,0,0.0,0,0,2,1,H
3629,2016-01-02,West Ham United,Liverpool,Premier League,Premier League,1523.0791273452057,1525.8354738699866,5.0,3.0,0.2,0.6,0.4,0.4,0.8,1.4,1.0,3.0,1,5299.298724106387,West Ham United (default stadium),False,0,0.0,0,0,2,0,H
3630,2016-01-03,Crystal Palace,Chelsea,Premier League,Premier League,1523.7193366419165,1467.9976439950874,6.0,6.0,0.4,0.8,0.4,0.2,1.2,1.2,1.0,1.0,1,10.944971454605678,Crystal Palace (default stadium),False,0,0.0,0,0,0,3,A
3631,2016-01-03,Everton,Tottenham Hotspur,Premier League,Premier League,1502.6311857141068,1556.6929646116942,6.0,6.0,0.2,1.6,1.8,0.6,1.8,0.8,0.0,0.0,1,11688.48360204595,Everton (default stadium),False,0,0.0,0,0,1,1,D
3632,2016-01-12,Aston Villa,Crystal Palace,Premier League,Premier League,1400.232140720361,1510.2508575844647,10.0,9.0,0.0,0.6,1.8,0.4,0.6,0.8,0.0,-1.0,1,173.6948405935728,Aston Villa (default stadium),False,0,0.0,0,0,1,0,H
3633,2016-01-12,Bournemouth,West Ham United,Premier League,Premier League,1481.5749907605586,1531.1675090083386,10.0,10.0,0.4,0.8,0.8,0.4,1.0,0.4,1.0,1.0,1,155.36167637292584,Bournemouth (default stadium),False,0,0.0,0,0,1,3,A
3634,2016-01-12,Newcastle United,Manchester United,Premier League,Premier League,1446.879864125852,1523.5363982417564,10.0,10.0,0.2,0.6,1.0,0.2,0.8,1.4,0.0,0.0,1,171.2592358971847,Newcastle United (default stadium),False,0,0.0,0,0,3,3,D
3635,2016-01-13,Chelsea,West Bromwich Albion,Premier League,Premier League,1481.4661230525392,1492.7218238393316,10.0,11.0,0.4,1.8,1.0,0.4,1.2,1.2,1.0,1.0,1,170.0193819377569,Chelsea (default stadium),False,0,0.0,0,0,2,2,D
3636,2016-01-13,Liverpool,Arsenal,Premier League,Premier League,1517.7470922068537,1568.1540768078755,11.0,11.0,0.4,0.8,1.4,0.8,1.4,1.0,0.0,0.0,1,5305.0330774456925,Liverpool (default stadium),False,0,0.0,0,0,3,3,D
3637,2016-01-13,Manchester City,Everton,Premier League,Premier League,1551.3647527641983,1502.1727683565837,11.0,10.0,0.6,1.8,1.0,0.2,1.6,1.8,1.0,2.0,1,11690.468746176242,Manchester City (default stadium),False,0,0.0,0,0,0,0,D
3638,2016-01-13,Southampton,Watford,Premier League,Premier League,1478.8784613805165,1504.8985464795123,11.0,11.0,0.2,1.0,1.2,0.4,1.6,1.2,0.0,0.0,1,107.60666567502645,Southampton (default stadium),False,0,0.0,0,0,2,0,H
3639,2016-01-13,Stoke,Norwich,Premier League,Premier League,1514.430653331711,1480.1889320354906,11.0,11.0,0.4,1.6,1.4,0.6,1.2,1.0,0.0,0.0,1,64.03361955868269,Stoke (default stadium),False,0,0.0,0,0,3,1,H
3640,2016-01-13,Swansea,Sunderland,Premier League,Premier League,1458.5586627520047,1431.336601561416,11.0,11.0,0.2,0.6,0.8,0.2,1.0,2.0,0.0,0.0,1,401.1863520715426,Swansea (default stadium),False,0,0.0,0,0,2,4,A
3641,2016-01-13,Tottenham Hotspur,Leicester City,Premier League,Premier League,1557.1513819692173,1567.2883630214183,10.0,11.0,0.6,1.8,0.8,0.4,1.0,0.8,0.0,0.0,1,134.78780460437943,Tottenham Hotspur (default stadium),False,0,0.0,0,0,0,1,A
3642,2016-01-16,Aston Villa,Leicester City,Premier League,Premier League,1411.378905029078,1578.9945089883208,4.0,3.0,0.2,0.8,1.4,0.4,0.8,0.6,0.0,-1.0,1,51.70216611005376,Aston Villa (default stadium),False,0,0.0,0,0,1,1,D
3643,2016-01-16,Bournemouth,Norwich,Premier League,Premier League,1470.9882907868468,1473.1023490967937,4.0,3.0,0.2,0.6,1.2,0.6,1.2,1.4,0.0,-2.0,1,301.8081162513072,Bournemouth (default stadium),False,0,0.0,0,0,3,0,H
3644,2016-01-16,Chelsea,Everton,Premier League,Premier League,1479.7912562019542,1505.4748520661635,3.0,3.0,0.4,2.0,1.0,0.2,1.4,1.6,0.0,-2.0,1,11673.649510171086,Chelsea (default stadium),False,0,0.0,0,0,3,3,D
3645,2016-01-16,Manchester City,Crystal Palace,Premier League,Premier League,1548.0626690546185,1499.1040932757478,3.0,4.0,0.4,1.4,0.8,0.2,0.4,1.0,1.0,1.0,1,271.155957712397,Manchester City (default stadium),False,0,0.0,0,0,4,0,H
3646,2016-01-16,Newcastle United,West Ham United,Premier League,Premier League,1447.0714311398158,1541.7542089820504,4.0,4.0,0.0,0.8,1.4,0.6,1.6,0.6,0.0,-2.0,1,396.1921830254467,Newcastle United (default stadium),False,0,0.0,0,0,2,1,H
3647,2016-01-16,Southampton,West Bromwich Albion,Premier League,Premier League,1487.6193357448092,1494.3966906899166,3.0,3.0,0.4,1.4,1.0,0.4,1.2,1.2,0.0,0.0,1,188.05243986432515,Southampton (default stadium),False,0,0.0,0,0,3,0,H
3648,2016-01-16,Tottenham Hotspur,Sunderland,Premier League,Premier League,1545.4452360023147,1444.0640565611545,3.0,3.0,0.6,1.6,0.6,0.4,1.8,2.2,1.0,1.0,1,378.42123111183287,Tottenham Hotspur (default stadium),False,0,0.0,0,0,4,1,H
3649,2016-01-17,Liverpool,Manchester United,Premier League,Premier League,1517.183756937772,1523.3448312277926,4.0,5.0,0.4,1.0,1.6,0.2,1.2,1.6,0.0,-2.0,1,5387.234837982907,Liverpool (default stadium),True,0,0.0,0,0,0,1,A
3650,2016-01-17,Stoke,Arsenal,Premier League,Premier League,1521.517236270408,1568.7174120769573,4.0,4.0,0.6,2.2,1.6,0.6,1.6,1.6,0.0,-2.0,1,102.57433411648985,Stoke (default stadium),False,0,0.0,0,0,0,0,D
3651,2016-01-18,Swansea,Watford,Premier League,Premier League,1445.8312077522662,1496.1576721152196,5.0,5.0,0.2,0.8,1.2,0.2,1.4,1.6,0.0,-1.0,1,243.7745500737881,Swansea (default stadium),False,0,0.0,0,0,1,0,H
3652,2016-01-23,Crystal Palace,Tottenham Hotspur,Premier League,Premier League,1492.4001901365546,1550.8771195965815,7.0,7.0,0.0,0.0,1.6,0.6,2.0,0.8,0.0,-1.0,1,20.57108758153193,Crystal Palace (default stadium),False,0,0.0,0,0,1,3,A
3653,2016-01-23,Leicester City,Stoke,Premier League,Premier League,1576.2565727817926,1520.861944957988,7.0,6.0,0.2,0.4,0.4,0.6,2.0,1.2,0.0,0.0,1,167.64927486136108,Leicester City (default stadium),False,0,0.0,0,0,3,0,H
3654,2016-01-23,Manchester United,Southampton,Premier League,Premier League,1535.1618605062472,1495.8194643250965,6.0,7.0,0.4,1.2,1.2,0.6,2.0,0.6,1.0,1.0,1,291.8406815664775,Manchester United (default stadium),False,0,0.0,0,0,0,1,A
3655,2016-01-23,Norwich,Liverpool,Premier League,Premier League,1465.0317721113788,1505.3667276593173,7.0,6.0,0.4,0.8,1.8,0.4,1.0,1.2,0.0,0.0,1,5182.350543665449,Norwich (default stadium),False,0,0.0,0,0,4,5,A
3656,2016-01-23,Sunderland,Bournemouth,Premier League,Premier League,1438.6321729668878,1479.0588677722617,7.0,7.0,0.4,1.8,2.4,0.2,0.8,1.0,0.0,-2.0,1,465.6875431438778,Sunderland (default stadium),False,0,0.0,0,0,1,1,D
3657,2016-01-23,Watford,Newcastle United,Premier League,Premier League,1486.723317558153,1457.7806658089419,5.0,7.0,0.0,0.8,1.8,0.2,1.0,1.4,1.0,1.0,1,378.04905633016585,Watford (default stadium),False,0,0.0,0,0,2,1,H
3658,2016-01-23,West Bromwich Albion,Aston Villa,Premier League,Premier League,1486.1965621096292,1414.1168412356062,7.0,7.0,0.4,1.0,1.4,0.2,0.8,1.4,1.0,1.0,1,7.293601557251959,West Bromwich Albion (default stadium),False,0,0.0,0,0,0,0,D
3659,2016-01-23,West Ham United,Manchester City,Premier League,Premier League,1531.0449743129243,1554.7665721938117,7.0,7.0,0.6,1.8,1.0,0.6,2.0,0.4,1.0,1.0,1,262.0495522571908,West Ham United (default stadium),False,0,0.0,0,0,2,2,D
3660,2016-01-24,Arsenal,Chelsea,Premier League,Premier League,1569.3727033893772,1478.5226003374592,7.0,8.0,0.4,1.2,1.4,0.2,2.0,1.4,0.0,-2.0,1,9.950774202617763,Arsenal (default stadium),False,0,0.0,0,0,0,1,A
3661,2016-01-24,Everton,Swansea,Premier League,Premier League,1506.7435079306586,1455.2655623093328,8.0,6.0,0.2,1.6,1.6,0.4,1.0,1.2,0.0,0.0,1,11474.649384341092,Everton (default stadium),False,0,0.0,0,0,1,2,A
3662,2016-02-02,Arsenal,Southampton,Premier League,Premier League,1555.047736214065,1508.8666476947383,9.0,10.0,0.4,1.2,0.8,0.6,1.4,0.6,0.0,-4.0,1,114.81248103375616,Arsenal (default stadium),False,0,0.0,0,0,0,0,D
3663,2016-02-02,Crystal Palace,Bournemouth,Premier League,Premier League,1482.0686510599783,1479.9080061788286,10.0,10.0,0.0,0.2,2.2,0.2,1.0,1.2,0.0,0.0,1,145.13706164318188,Crystal Palace (default stadium),False,0,0.0,0,0,1,2,A
3664,2016-02-02,Leicester City,Liverpool,Premier League,Premier League,1582.7963776103566,1516.2184874364052,10.0,10.0,0.4,1.0,0.2,0.4,1.8,2.0,0.0,-1.0,1,5343.065862682322,Leicester City (default stadium),False,0,0.0,0,0,2,0,H
3665,2016-02-02,Manchester United,Stoke,Premier League,Premier League,1522.1146771366055,1514.322140129424,10.0,10.0,0.4,1.2,1.0,0.4,1.6,1.8,0.0,-2.0,1,275.4298868384115,Manchester United (default stadium),False,0,0.0,0,0,3,0,H
3666,2016-02-02,Norwich,Tottenham Hotspur,Premier League,Premier League,1454.180012334291,1561.2086586731577,10.0,10.0,0.4,1.6,2.2,0.6,2.0,1.0,0.0,-3.0,1,147.07777918255633,Norwich (default stadium),False,0,0.0,0,0,0,3,A
3667,2016-02-02,Sunderland,Manchester City,Premier League,Premier League,1437.7830345603209,1556.0907496414275,10.0,10.0,0.4,1.8,1.8,0.4,1.6,0.6,0.0,-3.0,1,167.6858786175707,Sunderland (default stadium),False,0,0.0,0,0,0,1,A
3668,2016-02-02,West Bromwich Albion,Swansea,Premier League,Premier League,1482.3208537237897,1468.6261391900737,10.0,9.0,0.4,1.0,1.2,0.4,1.2,1.4,0.0,-1.0,1,169.67031549263714,West Bromwich Albion (default stadium),False,0,0.0,0,0,1,1,D
3669,2016-02-02,West Ham United,Aston Villa,Premier League,Premier League,1529.7207968653086,1417.9925496214457,10.0,10.0,0.6,2.0,1.2,0.2,0.6,1.2,0.0,0.0,1,167.45755533416937,West Ham United (default stadium),False,0,0.0,0,0,2,0,H
3670,2016-02-03,Everton,Newcastle United,Premier League,Premier League,1493.3829310499177,1450.553897191319,10.0,11.0,0.0,1.6,2.0,0.2,1.2,1.6,1.0,1.0,1,11820.07394279188,Everton (default stadium),False,0,0.0,0,0,3,0,H
3671,2016-02-03,Watford,Chelsea,Premier League,Premier League,1493.9500861757758,1492.8475675127713,11.0,10.0,0.2,0.8,1.6,0.4,1.8,1.0,0.0,0.0,1,23.690230405937225,Watford (default stadium),False,0,0.0,0,0,0,0,D
3672,2016-02-06,Aston Villa,Norwich,Premier League,Premier League,1412.7931011267572,1445.2417654578855,4.0,4.0,0.2,0.6,1.2,0.2,1.2,2.8,0.0,-2.0,1,216.25404831444274,Aston Villa (default stadium),False,0,0.0,0,0,2,0,H
3673,2016-02-06,Liverpool,Sunderland,Premier League,Premier League,1509.9588075407962,1429.1645511719234,4.0,4.0,0.2,1.6,2.4,0.4,1.8,1.8,1.0,1.0,1,5298.140462363033,Liverpool (default stadium),False,0,0.0,0,0,2,2,D
3674,2016-02-06,Manchester City,Leicester City,Premier League,Premier League,1564.7092330298249,1589.0560575059656,4.0,4.0,0.6,1.8,0.6,0.6,1.4,0.2,0.0,0.0,1,119.18446031803153,Manchester City (default stadium),False,0,0.0,0,0,1,3,A
3675,2016-02-06,Newcastle United,West Bromwich Albion,Premier League,Premier League,1443.6918353395656,1479.957465582431,3.0,4.0,0.2,1.2,2.0,0.2,1.0,1.4,0.0,-1.0,1,269.9204995926814,Newcastle United (default stadium),False,0,0.0,0,0,1,0,H
3676,2016-02-06,Southampton,West Ham United,Premier League,Premier League,1512.091300471776,1534.9202453599971,4.0,4.0,0.6,1.2,0.2,0.6,2.0,1.0,0.0,-1.0,1,118.78899564721851,Southampton (default stadium),False,0,0.0,0,0,1,0,H
3677,2016-02-06,Stoke,Everton,Premier League,Premier League,1506.524507685748,1500.2449929016711,4.0,3.0,0.2,0.8,1.8,0.2,1.6,1.2,1.0,1.0,1,11785.527014866359,Stoke (default stadium),False,0,0.0,0,0,0,3,A
3678,2016-02-06,Swansea,Crystal Palace,Premier League,Premier League,1470.9895273314323,1470.0210589021199,4.0,4.0,0.4,1.4,1.6,0.0,0.4,2.6,0.0,0.0,1,268.54218681775865,Swansea (default stadium),False,0,0.0,0,0,1,1,D
3679,2016-02-06,Tottenham Hotspur,Watford,Premier League,Premier League,1570.1469055495631,1491.9316905753267,4.0,3.0,0.6,2.2,0.8,0.2,0.6,1.2,1.0,1.0,1,23.679576890869605,Tottenham Hotspur (default stadium),False,0,0.0,0,0,1,0,H
3680,2016-02-07,Bournemouth,Arsenal,Premier League,Premier League,1491.955598336687,1551.8230834370272,5.0,5.0,0.4,1.4,1.0,0.2,0.8,0.8,0.0,-2.0,1,151.22456097479042,Bournemouth (default stadium),False,0,0.0,0,0,0,2,A
3681,2016-02-07,Chelsea,Manchester United,Premier League,Premier League,1494.8659631132205,1529.9123095802815,4.0,5.0,0.4,1.8,1.0,0.6,1.8,1.0,0.0,0.0,1,260.84692450845216,Chelsea (default stadium),False,0,0.0,0,0,1,1,D
3682,2016-02-13,Bournemouth,Stoke,Premier League,Premier League,1481.664043767895,1494.363615650595,6.0,7.0,0.4,1.4,1.4,0.2,0.6,2.0,0.0,-1.0,1,253.71102121569086,Bournemouth (default stadium),False,0,0.0,0,0,1,3,A
3683,2016-02-13,Chelsea,Newcastle United,Premier League,Premier League,1493.8632965782103,1452.7239218865122,6.0,7.0,0.2,1.4,1.2,0.4,1.4,1.8,0.0,0.0,1,399.367741301676,Chelsea (default stadium),False,0,0.0,0,0,5,1,H
3684,2016-02-13,Crystal Palace,Watford,Premier League,Premier League,1472.0357531217373,1485.9564308266856,7.0,7.0,0.0,0.6,2.2,0.2,0.4,1.0,1.0,1.0,1,34.44633804123294,Crystal Palace (default stadium),False,0,0.0,0,0,1,2,A
3685,2016-02-13,Everton,West Bromwich Albion,Premier League,Premier League,1512.4058849368241,1470.9253790354844,7.0,7.0,0.4,2.0,1.0,0.0,0.6,1.4,1.0,1.0,1,11644.311554609854,Everton (default stadium),False,0,0.0,0,0,0,1,A
3686,2016-02-13,Norwich,West Ham United,Premier League,Premier League,1436.3183908066062,1526.2696562795215,7.0,7.0,0.0,1.0,3.2,0.4,1.6,1.2,0.0,0.0,1,150.78179413404644,Norwich (default stadium),False,0,0.0,0,0,2,2,D
3687,2016-02-13,Sunderland,Manchester United,Premier League,Premier League,1433.251311473715,1530.9149761152917,7.0,6.0,0.2,1.6,2.0,0.4,1.6,1.0,0.0,-3.0,1,167.6858786175707,Sunderland (default stadium),False,0,0.0,0,0,2,1,H
3688,2016-02-13,Swansea,Southampton,Premier League,Premier League,1468.9748331118149,1520.7418895522517,7.0,7.0,0.4,1.4,1.4,0.8,1.4,0.0,0.0,-2.0,1,194.99590699752744,Swansea (default stadium),False,0,0.0,0,0,0,1,A
3689,2016-02-14,Arsenal,Leicester City,Premier League,Premier League,1562.1146380058192,1600.36255083151,7.0,8.0,0.2,1.0,0.8,0.8,2.0,0.4,1.0,3.0,1,137.93652464122155,Arsenal (default stadium),False,0,0.0,0,0,2,1,H
3690,2016-02-14,Aston Villa,Liverpool,Premier League,Premier League,1421.7164757780365,1505.8720472390046,8.0,8.0,0.4,0.8,0.6,0.2,2.0,2.4,0.0,-1.0,1,5394.758205947946,Aston Villa (default stadium),False,0,0.0,0,0,0,6,A
3691,2016-02-14,Manchester City,Tottenham Hotspur,Premier League,Premier League,1553.4027397042805,1576.1221652982042,8.0,8.0,0.4,1.6,1.0,0.8,2.2,0.6,0.0,-3.0,1,253.91120185713115,Manchester City (default stadium),False,0,0.0,0,0,1,2,A
3692,2016-02-27,Leicester City,Norwich,Premier League,Premier League,1591.2739135099634,1436.8920040185735,13.0,14.0,0.6,2.0,0.8,0.0,1.2,3.0,1.0,1.0,1,165.48979003675552,Leicester City (default stadium),False,0,0.0,0,0,1,0,H
3693,2016-02-27,Southampton,Chelsea,Premier League,Premier League,1531.2661946279034,1500.7692687380943,14.0,14.0,0.8,1.2,0.0,0.4,2.0,1.0,1.0,2.0,1,105.31037742874952,Southampton (default stadium),False,0,0.0,0,0,1,2,A
3694,2016-02-27,Stoke,Aston Villa,Premier League,Premier League,1505.9980624239925,1412.1236805818078,14.0,13.0,0.2,0.6,2.0,0.2,0.6,1.8,1.0,1.0,1,212.21966938517173,Stoke (default stadium),False,0,0.0,0,0,2,1,H
3695,2016-02-27,Watford,Bournemouth,Premier League,Premier League,1497.556650731365,1470.0295969944975,14.0,14.0,0.4,0.8,0.8,0.4,1.4,1.4,0.0,0.0,1,142.71746668291058,Watford (default stadium),False,0,0.0,0,0,0,0,D
3696,2016-02-27,West Bromwich Albion,Crystal Palace,Premier League,Premier League,1484.028282791652,1460.435533217058,14.0,14.0,0.2,0.4,1.0,0.0,0.8,2.4,0.0,-2.0,1,180.90264463990698,West Bromwich Albion (default stadium),False,0,0.0,0,0,3,2,H
3697,2016-02-27,West Ham United,Sunderland,Premier League,Premier League,1525.6960430675542,1444.0458573866108,14.0,14.0,0.2,1.4,1.4,0.2,1.2,1.8,0.0,0.0,1,386.44952491666476,West Ham United (default stadium),False,0,0.0,0,0,1,0,H
3698,2016-02-28,Tottenham Hotspur,Swansea,Premier League,Premier League,1587.47467090561,1458.4505280361632,14.0,15.0,1.0,2.6,0.6,0.4,1.0,0.8,0.0,0.0,1,267.05513719576624,Tottenham Hotspur (default stadium),False,0,0.0,0,0,2,1,H
3699,2016-02-28,Manchester United,Arsenal,Premier League,Premier League,1520.120430202396,1571.2032753273656,15.0,14.0,0.4,1.2,0.8,0.4,0.8,0.4,0.0,-3.0,1,256.9000111017041,Manchester United (default stadium),False,0,0.0,0,0,3,2,H
3700,2016-03-01,Aston Villa,Everton,Premier League,Premier League,1406.519144117062,1499.3029811806566,3.0,17.0,0.2,0.6,2.0,0.4,2.0,1.2,0.0,-4.0,1,11644.551802132402,Aston Villa (default stadium),False,0,0.0,0,0,1,3,A
3701,2016-03-01,Bournemouth,Southampton,Premier League,Premier League,1472.7651754128558,1518.451719614053,3.0,3.0,0.2,0.8,1.4,0.6,0.8,0.4,0.0,-2.0,1,36.717522209000165,Bournemouth (default stadium),False,0,0.0,0,0,2,0,H
3702,2016-03-01,Leicester City,West Bromwich Albion,Premier League,Premier League,1595.585399943362,1491.3977897150207,3.0,3.0,0.8,2.0,0.6,0.4,1.0,0.8,1.0,1.0,1,55.00254871843119,Leicester City (default stadium),False,0,0.0,0,0,2,2,D
3703,2016-03-01,Norwich,Chelsea,Premier League,Premier League,1432.580517585175,1513.5837437519447,3.0,3.0,0.0,1.2,2.6,0.6,1.8,0.6,0.0,-1.0,1,163.10075119791753,Norwich (default stadium),False,0,0.0,0,0,1,2,A
3704,2016-03-01,Sunderland,Crystal Palace,Premier League,Premier League,1438.1531180869754,1453.0660262936892,3.0,3.0,0.2,1.0,1.2,0.0,1.2,2.2,1.0,1.0,1,398.4608999330654,Sunderland (default stadium),False,0,0.0,0,0,2,2,D
3705,2016-03-02,Arsenal,Swansea,Premier League,Premier League,1561.7472173990186,1453.6249292928435,3.0,3.0,0.4,1.2,1.0,0.2,1.0,1.2,1.0,3.0,1,264.43650443285355,Arsenal (default stadium),False,0,0.0,0,0,1,2,A
3706,2016-03-02,Liverpool,Manchester City,Premier League,Premier League,1515.4648424352333,1542.0502340968746,17.0,17.0,0.4,2.6,1.8,0.4,1.8,1.4,1.0,3.0,1,5387.234837982907,Liverpool (default stadium),False,0,0.0,0,0,3,0,H
3707,2016-03-02,Manchester United,Watford,Premier League,Premier League,1529.576488130743,1494.8210723130067,3.0,4.0,0.4,1.6,1.2,0.4,0.8,0.6,1.0,1.0,1,237.3590819226217,Manchester United (default stadium),False,0,0.0,0,0,1,0,H
3708,2016-03-02,Stoke,Newcastle United,Premier League,Premier League,1511.6025988887382,1445.8179497266283,4.0,18.0,0.4,1.0,2.2,0.4,1.0,2.2,0.0,0.0,1,371.0835169844392,Stoke (default stadium),False,0,0.0,0,0,1,0,H
3709,2016-03-02,West Ham United,Tottenham Hotspur,Premier League,Premier League,1531.5887823671897,1592.3002696489298,4.0,3.0,0.4,1.4,1.0,1.0,2.2,0.6,0.0,-3.0,1,8.221735834635023,West Ham United (default stadium),False,0,0.0,0,0,1,0,H
3710,2016-03-05,Chelsea,Stoke,Premier League,Premier League,1523.2671512831496,1517.8819327463536,4.0,3.0,0.6,2.0,0.8,0.6,1.2,1.6,0.0,-1.0,1,111.88362495735197,Chelsea (default stadium),False,0,0.0,0,0,1,1,D
3711,2016-03-05,Everton,West Ham United,Premier League,Premier League,1508.6481480403038,1541.321501155865,4.0,3.0,0.6,2.0,0.8,0.6,1.2,0.6,0.0,0.0,1,11687.188342303432,Everton (default stadium),False,0,0.0,0,0,2,3,A
3712,2016-03-05,Manchester City,Aston Villa,Premier League,Premier League,1533.2933435920072,1397.173977257415,3.0,4.0,0.2,1.0,2.0,0.2,0.8,2.6,0.0,0.0,1,110.34451123028889,Manchester City (default stadium),False,0,0.0,0,0,4,0,H
3713,2016-03-05,Newcastle United,Bournemouth,Premier League,Premier League,1439.5386158690128,1482.066518009994,3.0,4.0,0.2,0.6,2.2,0.4,1.0,1.2,1.0,1.0,1,472.12392823775417,Newcastle United (default stadium),False,0,0.0,0,0,1,3,A
3714,2016-03-05,Southampton,Sunderland,Premier League,Premier League,1509.1503770169147,1436.5807382156502,4.0,4.0,0.4,0.6,0.8,0.2,1.2,1.4,1.0,1.0,1,445.72865636782814,Southampton (default stadium),False,0,0.0,0,0,1,1,D
3715,2016-03-05,Swansea,Norwich,Premier League,Premier League,1468.3452141287416,1422.89711005397,3.0,4.0,0.2,1.0,1.2,0.0,0.6,2.0,0.0,-1.0,1,374.0329849553826,Swansea (default stadium),False,0,0.0,0,0,1,0,H
3716,2016-03-05,Tottenham Hotspur,Arsenal,Premier League,Premier League,1582.5675508602544,1547.0269325631205,3.0,3.0,0.8,1.6,0.6,0.4,1.4,1.2,0.0,0.0,1,6.203038582804336,Tottenham Hotspur (default stadium),True,0,0.0,0,0,2,2,D
3717,2016-03-05,Watford,Leicester City,Premier League,Premier League,1487.7480138779702,1590.9536003313194,3.0,4.0,0.2,0.4,0.6,0.6,1.8,1.0,0.0,-1.0,1,119.18970796768599,Watford (default stadium),False,0,0.0,0,0,0,1,A
3718,2016-03-06,Crystal Palace,Liverpool,Premier League,Premier League,1454.6384061650144,1524.2217329401008,5.0,4.0,0.0,1.4,2.0,0.6,3.2,1.6,1.0,1.0,1,5306.285725112793,Crystal Palace (default stadium),False,0,0.0,0,0,1,2,A
3719,2016-03-06,West Bromwich Albion,Manchester United,Premier League,Premier League,1496.0295893270634,1536.6495465657795,5.0,4.0,0.4,1.4,1.2,0.6,1.8,1.0,0.0,-2.0,1,103.87357381667516,West Bromwich Albion (default stadium),False,0,0.0,0,0,1,0,H
3720,2016-03-12,Bournemouth,Swansea,Premier League,Premier League,1492.8555847565717,1475.139477434363,7.0,7.0,0.4,1.2,1.2,0.4,1.0,1.0,0.0,0.0,1,177.55997151067382,Bournemouth (default stadium),False,0,0.0,0,0,3,2,H
3721,2016-03-12,Norwich,Manchester City,Premier League,Premier League,1416.1028467483486,1537.9709873170445,7.0,7.0,0.0,0.6,1.6,0.4,1.4,1.6,0.0,-1.0,1,253.34295700774945,Norwich (default stadium),False,0,0.0,0,0,0,0,D
3722,2016-03-12,Stoke,Southampton,Premier League,Premier League,1520.018273178336,1505.2626923359649,7.0,7.0,0.6,1.4,1.2,0.4,0.8,1.0,1.0,1.0,1,217.169880891397,Stoke (default stadium),False,0,0.0,0,0,1,2,A
3723,2016-03-13,Aston Villa,Tottenham Hotspur,Premier League,Premier League,1392.4963335323775,1579.6199591804352,8.0,8.0,0.2,0.8,3.0,0.6,1.4,1.0,0.0,-2.0,1,159.95911475155745,Aston Villa (default stadium),False,0,0.0,0,0,0,2,A
3724,2016-03-14,Leicester City,Newcastle United,Premier League,Premier League,1600.0007661090237,1428.7495491224352,9.0,9.0,0.6,1.6,1.0,0.2,0.6,2.4,1.0,3.0,1,263.6083592563879,Leicester City (default stadium),False,0,0.0,0,0,1,0,H
3725,2016-03-19,Chelsea,West Ham United,Premier League,Premier League,1521.1308108511673,1552.391733958479,14.0,14.0,0.6,2.2,1.0,0.6,1.4,1.0,0.0,-1.0,1,13.657971575674615,Chelsea (default stadium),False,0,0.0,0,0,2,2,D
3726,2016-03-19,Crystal Palace,Leicester City,Premier League,Premier League,1444.6264133513098,1603.9929022232168,13.0,5.0,0.0,1.4,2.0,0.6,1.2,0.8,0.0,-1.0,1,152.43481774000773,Crystal Palace (default stadium),False,0,0.0,0,0,0,1,A
3727,2016-03-19,Everton,Arsenal,Premier League,Premier League,1497.5779152376897,1549.9745242429397,14.0,14.0,0.6,2.2,1.0,0.4,1.8,1.6,0.0,-1.0,1,11682.978134396302,Everton (default stadium),False,0,0.0,0,0,0,2,A
3728,2016-03-19,Swansea,Aston Villa,Premier League,Premier League,1467.6118425348739,1385.7452724881007,7.0,6.0,0.4,1.2,1.4,0.0,0.4,3.4,1.0,1.0,1,169.99639329479123,Swansea (default stadium),False,0,0.0,0,0,1,0,H
3729,2016-03-19,Watford,Stoke,Premier League,Premier League,1478.7008481002658,1507.62607724716,14.0,7.0,0.2,0.4,0.8,0.6,1.6,1.0,1.0,2.0,1,115.3858128973264,Watford (default stadium),False,0,0.0,0,0,1,2,A
3730,2016-03-19,West Bromwich Albion,Norwich,Premier League,Premier League,1505.185973612842,1417.5847391540683,13.0,7.0,0.6,1.4,1.0,0.0,0.6,1.2,1.0,1.0,1,220.30074590924255,West Bromwich Albion (default stadium),False,0,0.0,0,0,0,1,A
3731,2016-03-20,Manchester City,Manchester United,Premier League,Premier League,1536.4890949113249,1527.493162280001,8.0,14.0,0.2,1.2,1.6,0.4,1.2,1.2,0.0,0.0,1,0.0,Manchester City (default stadium),True,0,0.0,0,0,0,1,A
3732,2016-03-20,Newcastle United,Sunderland,Premier League,Premier League,1424.757413008242,1440.4684228966,6.0,15.0,0.2,0.6,2.0,0.2,1.4,1.4,0.0,-3.0,1,13.328260759600619,Newcastle United (default stadium),True,0,0.0,0,0,1,1,D
3733,2016-03-20,Southampton,Liverpool,Premier League,Premier League,1517.6548882671407,1534.2337257538054,8.0,14.0,0.4,1.0,1.2,0.6,2.6,1.0,0.0,0.0,1,5410.461987095733,Southampton (default stadium),False,0,0.0,0,0,3,2,H
3734,2016-03-20,Tottenham Hotspur,Bournemouth,Premier League,Premier League,1586.371020224712,1500.3832196560609,7.0,8.0,0.6,1.6,1.0,0.6,1.8,1.2,1.0,4.0,1,156.84013393890496,Tottenham Hotspur (default stadium),False,0,0.0,0,0,3,0,H
3735,2016-04-02,Arsenal,Watford,Premier League,Premier League,1560.4807574531483,1467.524098382594,14.0,14.0,0.4,1.8,1.6,0.2,0.6,1.0,1.0,3.0,1,22.816875346141348,Arsenal (default stadium),False,0,0.0,0,0,4,0,H
3736,2016-04-02,Aston Villa,Chelsea,Premier League,Premier League,1379.8577092611401,1520.0204083822011,14.0,14.0,0.0,0.4,2.4,0.6,2.4,1.2,0.0,-2.0,1,162.80441844458147,Aston Villa (default stadium),False,0,0.0,0,0,0,4,A
3737,2016-04-02,Bournemouth,Manchester City,Premier League,Premier League,1494.5937310292416,1524.2537961143057,13.0,13.0,0.6,1.6,1.2,0.2,1.0,1.2,0.0,-4.0,1,306.55795629981236,Bournemouth (default stadium),False,0,0.0,0,0,0,4,A
3738,2016-04-02,Liverpool,Tottenham Hotspur,Premier League,Premier League,1525.7593068891736,1592.1605088515314,13.0,13.0,0.6,3.0,1.2,0.6,1.8,0.8,0.0,0.0,1,5300.810896107908,Liverpool (default stadium),False,0,0.0,0,0,1,1,D
3739,2016-04-02,Norwich,Newcastle United,Premier League,Premier League,1431.8333812756207,1423.2074444699674,14.0,13.0,0.2,0.4,0.8,0.0,0.6,2.2,0.0,-4.0,1,322.8365950330847,Norwich (default stadium),False,0,0.0,0,0,3,2,H
3740,2016-04-02,Stoke,Swansea,Premier League,Premier League,1518.8028269648319,1473.4994057618344,14.0,14.0,0.6,1.4,1.0,0.6,1.4,1.2,1.0,1.0,1,351.8654069044793,Stoke (default stadium),False,0,0.0,0,0,2,2,D
3741,2016-04-02,Sunderland,West Bromwich Albion,Premier League,Premier League,1442.0183914348747,1490.9373314912896,13.0,14.0,0.2,1.2,1.2,0.6,1.4,1.0,0.0,-1.0,1,264.2683720768647,Sunderland (default stadium),False,0,0.0,0,0,0,0,D
3742,2016-04-02,West Ham United,Crystal Palace,Premier League,Premier League,1553.5021364274453,1437.1433240112424,14.0,14.0,0.6,1.8,1.2,0.0,1.2,2.0,1.0,2.0,1,13.663891147783643,West Ham United (default stadium),False,0,0.0,0,0,2,2,D
3743,2016-04-03,Leicester City,Southampton,Premier League,Premier League,1611.4759915632842,1526.1293071317725,15.0,14.0,0.8,1.2,0.4,0.4,1.4,1.6,0.0,0.0,1,191.4130852325117,Leicester City (default stadium),False,0,0.0,0,0,1,0,H
3744,2016-04-03,Manchester United,Everton,Premier League,Premier League,1539.72846107702,1487.071682027481,14.0,15.0,0.6,1.2,1.0,0.4,1.6,1.4,1.0,3.0,1,11690.468746176242,Manchester United (default stadium),False,0,0.0,0,0,1,0,H
3745,2016-04-09,Aston Villa,Bournemouth,Premier League,Premier League,1371.8501425721317,1483.4378438749764,7.0,7.0,0.0,0.2,2.8,0.6,1.6,2.0,1.0,1.0,1,197.28001354816703,Aston Villa (default stadium),False,0,0.0,0,0,1,2,A
3746,2016-04-09,Crystal Palace,Norwich,Premier League,Premier League,1442.0457814624674,1439.6082021190748,7.0,7.0,0.0,1.4,2.0,0.4,1.0,1.0,1.0,2.0,1,163.6465462971406,Crystal Palace (default stadium),False,0,0.0,0,0,1,0,H
3747,2016-04-09,Manchester City,West Bromwich Albion,Premier League,Premier League,1535.409683268571,1491.543349648444,7.0,7.0,0.4,1.6,0.8,0.4,1.2,1.0,1.0,3.0,1,103.87357381667516,Manchester City (default stadium),False,0,0.0,0,0,2,1,H
3748,2016-04-09,Southampton,Newcastle United,Premier League,Premier League,1520.3246253002972,1415.4326236265133,6.0,7.0,0.4,1.2,1.4,0.0,0.8,1.8,0.0,0.0,1,452.9404186033056,Southampton (default stadium),False,0,0.0,0,0,3,1,H
3749,2016-04-09,Swansea,Chelsea,Premier League,Premier League,1476.7014056051826,1528.0279750712095,7.0,7.0,0.6,1.6,1.2,0.6,2.2,1.0,0.0,0.0,1,259.38781464619586,Swansea (default stadium),False,0,0.0,0,0,1,0,H
3750,2016-04-09,Watford,Everton,Premier League,Premier League,1461.8982262583581,1480.4623222409589,7.0,6.0,0.0,0.2,1.6,0.2,1.0,1.6,0.0,0.0,1,11672.34169380457,Watford (default stadium),False,0,0.0,0,0,1,1,D
3751,2016-04-09,West Ham United,Arsenal,Premier League,Premier League,1548.5996789762203,1566.1066295773842,7.0,7.0,0.6,1.8,1.2,0.4,2.2,1.4,1.0,2.0,1,6.7390655013334415,West Ham United (default stadium),False,0,0.0,0,0,3,3,D
3752,2016-04-10,Liverpool,Stoke,Premier League,Premier League,1525.6557288595761,1515.6008271214837,8.0,8.0,0.6,2.8,1.0,0.4,1.4,1.2,1.0,1.0,1,5207.768724813521,Liverpool (default stadium),False,0,0.0,0,0,4,1,H
3753,2016-04-10,Sunderland,Leicester City,Premier League,Premier League,1441.4123732777202,1617.2806733947596,8.0,7.0,0.0,0.8,1.0,0.8,1.2,0.4,0.0,-2.0,1,255.59207939927754,Sunderland (default stadium),False,0,0.0,0,0,0,2,A
3754,2016-04-10,Tottenham Hotspur,Manchester United,Premier League,Premier League,1592.2640868811288,1546.3378208635422,8.0,7.0,0.4,1.6,0.8,0.8,1.2,0.6,0.0,-1.0,1,253.91120185713115,Tottenham Hotspur (default stadium),False,0,0.0,0,0,3,0,H
3755,2016-04-13,Crystal Palace,Everton,Premier League,Premier League,1449.9905539248912,1481.9320448412507,4.0,4.0,0.2,1.2,1.4,0.2,1.2,1.6,0.0,0.0,1,11676.66690896838,Crystal Palace (default stadium),False,0,0.0,0,0,0,0,D
3756,2016-04-16,Chelsea,Manchester City,Premier League,Premier League,1518.5649226820317,1542.244854312473,7.0,7.0,0.4,1.8,1.0,0.6,2.0,0.4,0.0,-3.0,1,260.84692450845216,Chelsea (default stadium),False,0,0.0,0,0,0,3,A
3757,2016-04-16,Everton,Southampton,Premier League,Premier League,1483.0230963324966,1525.6769161340585,3.0,7.0,0.0,0.6,1.4,0.6,1.8,1.2,1.0,3.0,1,11568.424076531252,Everton (default stadium),False,0,0.0,0,0,1,1,D
3758,2016-04-16,Manchester United,Aston Villa,Premier League,Premier League,1539.5559003631813,1363.0414486418297,6.0,7.0,0.6,0.6,0.8,0.0,0.2,2.6,1.0,1.0,1,110.34451123028889,Manchester United (default stadium),False,0,0.0,0,0,1,0,H
3759,2016-04-16,Newcastle United,Swansea,Premier League,Premier League,1410.080332792752,1486.1644579943604,7.0,7.0,0.0,1.0,2.2,0.6,1.4,1.0,0.0,-2.0,1,402.81584675050533,Newcastle United (default stadium),False,0,0.0,0,0,3,0,H
3760,2016-04-16,Norwich,Sunderland,Premier League,Premier League,1431.663429656651,1434.3685745708615,7.0,6.0,0.4,0.8,0.8,0.0,0.8,1.2,1.0,2.0,1,310.4419508583576,Norwich (default stadium),False,0,0.0,0,0,0,3,A
3761,2016-04-16,West Bromwich Albion,Watford,Premier League,Premier League,1484.708178604542,1460.4285036580663,7.0,7.0,0.2,0.8,1.0,0.0,0.4,1.8,0.0,0.0,1,146.51145046000096,West Bromwich Albion (default stadium),False,0,0.0,0,0,0,1,A
3762,2016-04-17,Arsenal,Crystal Palace,Premier League,Premier League,1567.6061086180455,1448.8995024336452,8.0,4.0,0.4,2.4,1.4,0.2,0.8,1.0,1.0,1.0,1,15.34028105594792,Arsenal (default stadium),False,0,0.0,0,0,1,1,D
3763,2016-04-17,Bournemouth,Liverpool,Premier League,Premier League,1492.2465378052784,1533.3914932168982,8.0,7.0,0.6,1.6,2.2,0.6,2.4,1.2,0.0,-1.0,1,5445.991656818437,Bournemouth (default stadium),False,0,0.0,0,0,1,2,A
3764,2016-04-17,Leicester City,West Ham United,Premier League,Premier League,1624.3244721016183,1547.100199935559,7.0,8.0,1.0,1.2,0.0,0.4,2.2,1.8,1.0,1.0,1,142.949836877498,Leicester City (default stadium),False,0,0.0,0,0,2,2,D
3765,2016-04-18,Stoke,Tottenham Hotspur,Premier League,Premier League,1507.8650627641616,1599.0460073814897,8.0,8.0,0.2,1.4,2.0,0.6,2.2,0.6,0.0,0.0,1,97.17924263016836,Stoke (default stadium),False,0,0.0,0,0,0,4,A
3766,2016-04-19,Newcastle United,Manchester City,Premier League,Premier League,1420.2554300949748,1553.5702099642433,3.0,3.0,0.2,1.4,1.6,0.6,1.8,0.4,0.0,-5.0,1,171.2592358971847,Newcastle United (default stadium),False,0,0.0,0,0,1,1,D
3767,2016-04-20,Liverpool,Everton,Premier League,Premier League,1544.2201039083654,1482.2376313251305,3.0,4.0,0.6,2.2,1.4,0.0,0.4,1.0,0.0,0.0,1,16451.58764038487,Liverpool (default stadium),True,0,0.0,0,0,4,0,H
3768,2016-04-20,Manchester United,Crystal Palace,Premier League,Premier League,1543.4521075644848,1453.8531235257187,4.0,3.0,0.6,0.6,0.8,0.2,0.8,0.8,0.0,0.0,1,271.155957712397,Manchester United (default stadium),False,0,0.0,0,0,2,0,H
3769,2016-04-20,West Ham United,Watford,Premier League,Premier League,1551.101011241958,1473.077390372046,3.0,4.0,0.2,2.4,2.2,0.2,0.6,1.6,0.0,-2.0,1,29.461782304363904,West Ham United (default stadium),False,0,0.0,0,0,3,1,H
3770,2016-04-21,Arsenal,West Bromwich Albion,Premier League,Premier League,1562.652487525972,1472.0592918905622,4.0,5.0,0.4,2.4,1.2,0.2,0.4,0.8,0.0,-1.0,1,168.46827367374928,Arsenal (default stadium),False,0,0.0,0,0,2,0,H
3771,2016-04-23,Aston Villa,Southampton,Premier League,Premier League,1359.1452414405262,1526.4623811414247,7.0,7.0,0.0,0.2,2.0,0.6,1.8,1.2,0.0,0.0,1,181.49627866409335,Aston Villa (default stadium),False,0,0.0,0,0,2,4,A
3772,2016-04-23,Bournemouth,Chelsea,Premier League,Premier League,1481.4179271138112,1507.2395670302615,6.0,7.0,0.4,1.2,2.4,0.2,1.4,1.4,1.0,1.0,1,141.82746970047285,Bournemouth (default stadium),False,0,0.0,0,0,1,4,A
3773,2016-04-23,Liverpool,Newcastle United,Premier League,Premier League,1550.594105348329,1422.0578673375207,3.0,4.0,0.6,2.6,1.2,0.2,1.6,1.6,0.0,-2.0,1,5307.58997068219,Liverpool (default stadium),False,0,0.0,0,0,2,2,D
3774,2016-04-23,Manchester City,Stoke,Premier League,Premier League,1551.7677727216974,1498.4739452249992,4.0,5.0,0.6,2.0,0.6,0.2,1.2,2.6,0.0,-2.0,1,275.4298868384115,Manchester City (default stadium),False,0,0.0,0,0,4,0,H
3775,2016-04-24,Leicester City,Swansea,Premier League,Premier League,1620.3236607952192,1475.9893606921376,7.0,8.0,0.8,1.4,0.4,0.4,1.2,1.6,1.0,3.0,1,219.3978201651642,Leicester City (default stadium),False,0,0.0,0,0,4,0,H
3776,2016-04-24,Sunderland,Arsenal,Premier League,Premier League,1446.2816127153128,1568.333533516608,8.0,3.0,0.2,1.0,0.8,0.6,2.4,0.8,0.0,-2.0,1,383.12980296580747,Sunderland (default stadium),False,0,0.0,0,0,0,0,D
3777,2016-04-25,Tottenham Hotspur,West Bromwich Albion,Premier League,Premier League,1608.4371249206522,1466.3782458999262,7.0,4.0,0.8,2.6,0.2,0.0,0.2,1.2,0.0,0.0,1,167.03808994677587,Tottenham Hotspur (default stadium),False,0,0.0,0,0,1,1,D
3778,2016-04-30,Arsenal,Norwich,Premier League,Premier League,1566.8464680569002,1419.7503915121997,6.0,14.0,0.4,2.0,0.8,0.4,0.8,1.2,0.0,0.0,1,153.16871679599038,Arsenal (default stadium),False,0,0.0,0,0,1,0,H
3779,2016-04-30,Everton,Bournemouth,Premier League,Premier League,1475.8636298851668,1470.1531807247811,10.0,7.0,0.0,0.4,1.4,0.2,0.8,2.8,0.0,0.0,1,11531.827627873134,Everton (default stadium),False,0,0.0,0,0,2,1,H
3780,2016-04-30,Newcastle United,Crystal Palace,Premier League,Premier League,1427.221978033915,1448.148770876469,7.0,10.0,0.2,1.8,1.8,0.2,0.8,1.0,0.0,-4.0,1,408.04977898274933,Newcastle United (default stadium),False,0,0.0,0,0,1,0,H
3781,2016-04-30,Stoke,Sunderland,Premier League,Premier League,1491.8808031098358,1447.7686781750206,7.0,6.0,0.2,1.0,3.0,0.2,0.8,0.6,0.0,-2.0,1,359.38231590481223,Stoke (default stadium),False,0,0.0,0,0,1,1,D
3782,2016-04-30,Watford,Aston Villa,Premier League,Premier League,1467.0975083480378,1351.8752292562167,10.0,7.0,0.2,0.8,2.0,0.0,0.6,2.4,1.0,1.0,1,139.3187961666235,Watford (default stadium),False,0,0.0,0,0,3,2,H
3783,2016-04-30,West Bromwich Albion,West Ham United,Premier League,Premier League,1471.8220119439475,1557.0808932659663,5.0,10.0,0.0,0.4,1.2,0.2,2.4,2.0,0.0,0.0,1,174.57015283848514,West Bromwich Albion (default stadium),False,0,0.0,0,0,0,3,A
3784,2016-05-01,Manchester United,Leicester City,Premier League,Premier League,1549.1564602137346,1624.8339754871915,11.0,7.0,0.8,1.0,0.6,0.8,2.0,0.4,0.0,0.0,1,119.18446031803153,Manchester United (default stadium),False,0,0.0,0,0,1,1,D
3785,2016-05-01,Southampton,Manchester City,Premier League,Premier League,1533.7323933257342,1558.3609148368607,8.0,8.0,0.6,2.2,1.4,0.8,2.8,0.4,0.0,-2.0,1,291.8406815664775,Southampton (default stadium),False,0,0.0,0,0,4,2,H
3786,2016-05-01,Swansea,Liverpool,Premier League,Premier League,1471.4790460001652,1545.4299946519347,7.0,8.0,0.4,0.8,1.8,0.6,2.6,1.0,0.0,-1.0,1,5556.210900180734,Swansea (default stadium),False,0,0.0,0,0,3,1,H
3787,2016-05-02,Chelsea,Tottenham Hotspur,Premier League,Premier League,1518.5043134192915,1602.993358876631,9.0,7.0,0.4,2.0,1.4,0.6,2.4,0.4,0.0,0.0,1,16.124829392275434,Chelsea (default stadium),True,0,0.0,0,0,2,2,D
3788,2016-05-07,Aston Villa,Newcastle United,Premier League,Premier League,1346.7527968671902,1435.8188559128305,7.0,7.0,0.0,1.0,2.8,0.4,1.6,1.2,0.0,0.0,1,275.3185930085947,Aston Villa (default stadium),False,0,0.0,0,0,0,0,D
3789,2016-05-07,Bournemouth,West Bromwich Albion,Premier League,Premier League,1462.2984530314025,1462.2609156964877,7.0,7.0,0.2,1.0,2.6,0.0,0.4,1.8,1.0,1.0,1,203.18642139610964,Bournemouth (default stadium),False,0,0.0,0,0,1,1,D
3790,2016-05-07,Crystal Palace,Stoke,Premier League,Premier League,1439.5518929975535,1488.7096097232936,7.0,7.0,0.2,0.4,0.8,0.0,0.8,3.0,1.0,1.0,1,109.48338153904736,Crystal Palace (default stadium),False,0,0.0,0,0,2,1,H
3791,2016-05-07,Leicester City,Everton,Premier League,Premier League,1624.6705780057855,1483.7183575785455,6.0,7.0,0.6,2.0,0.6,0.2,0.8,1.4,1.0,1.0,1,11692.657159990456,Leicester City (default stadium),False,0,0.0,0,0,3,1,H
3792,2016-05-07,Norwich,Manchester United,Premier League,Premier League,1415.2953689751992,1549.3198576951406,7.0,6.0,0.4,0.8,1.4,0.6,1.0,0.8,1.0,1.0,1,253.34295700774945,Norwich (default stadium),False,0,0.0,0,0,0,1,A
3793,2016-05-07,Sunderland,Chelsea,Premier League,Premier League,1450.9398715615628,1518.9211000835335,7.0,5.0,0.2,0.8,0.6,0.4,2.0,1.4,0.0,-2.0,1,389.93734890187324,Sunderland (default stadium),False,0,0.0,0,0,3,2,H
3794,2016-05-07,West Ham United,Swansea,Premier League,Premier League,1566.641989513426,1481.5927585419283,7.0,6.0,0.4,2.6,1.6,0.4,1.2,2.0,0.0,0.0,1,271.00387883479357,West Ham United (default stadium),False,0,0.0,0,0,1,4,A
3795,2016-05-08,Liverpool,Watford,Premier League,Premier League,1535.3162821101716,1472.2199407370642,7.0,8.0,0.6,2.6,1.4,0.4,1.2,2.0,0.0,-3.0,1,5321.850013915433,Liverpool (default stadium),False,0,0.0,0,0,2,0,H
3796,2016-05-08,Manchester City,Arsenal,Premier League,Premier League,1549.6594378230695,1571.3014905939008,7.0,8.0,0.6,2.4,1.2,0.4,1.4,0.8,0.0,-1.0,1,256.9000111017041,Manchester City (default stadium),False,0,0.0,0,0,2,2,D
3797,2016-05-08,Tottenham Hotspur,Southampton,Premier League,Premier League,1602.576572212389,1542.4338703395254,6.0,7.0,0.4,2.2,0.8,0.6,2.4,1.4,1.0,2.0,1,120.5232777621848,Tottenham Hotspur (default stadium),False,0,0.0,0,0,1,2,A
3798,2016-05-10,West Ham United,Manchester United,Premier League,Premier League,1552.4537284110572,1557.4976643215668,3.0,3.0,0.4,2.4,2.0,0.6,1.0,0.8,0.0,0.0,1,262.0495522571908,West Ham United (default stadium),False,0,0.0,0,0,3,2,H
3799,2016-05-11,Liverpool,Chelsea,Premier League,Premier League,1541.6624714247127,1508.9792043435266,3.0,4.0,0.6,2.2,1.2,0.2,1.6,2.0,1.0,2.0,1,5312.655647759373,Liverpool (default stadium),False,0,0.0,0,0,1,1,D
3800,2016-05-11,Norwich,Watford,Premier League,Premier League,1407.117562348773,1465.8737514225231,4.0,3.0,0.2,0.6,1.6,0.4,1.2,1.6,0.0,-2.0,1,159.11339443342936,Norwich (default stadium),False,0,0.0,0,0,4,2,H
3801,2016-05-11,Sunderland,Everton,Premier League,Premier League,1460.8817673015697,1479.1396718401925,4.0,4.0,0.4,1.4,1.0,0.2,0.8,1.8,0.0,-4.0,1,11825.332160481525,Sunderland (default stadium),False,0,0.0,0,0,3,0,H
3802,2016-05-15,Arsenal,Aston Villa,Premier League,Premier League,1572.6844253802897,1347.3010119649682,7.0,8.0,0.4,1.2,0.6,0.0,1.0,2.0,1.0,2.0,1,161.3294461687896,Arsenal (default stadium),False,0,0.0,0,0,4,0,H
3803,2016-05-15,Chelsea,Leicester City,Premier League,Premier League,1511.851519418593,1629.2492637441385,4.0,8.0,0.2,1.8,2.0,0.6,2.4,0.8,0.0,-1.0,1,142.36087796503557,Chelsea (default stadium),False,0,0.0,0,0,1,1,D
3804,2016-05-15,Everton,Norwich,Premier League,Premier League,1470.618015853694,1416.7940523872915,4.0,4.0,0.2,0.8,2.4,0.2,0.8,1.6,0.0,0.0,1,11829.611064499979,Everton (default stadium),False,0,0.0,0,0,3,0,H
3805,2016-05-15,Newcastle United,Tottenham Hotspur,Premier League,Premier League,1435.2706408150525,1588.996652383172,8.0,7.0,0.4,1.4,0.6,0.4,2.2,1.0,1.0,1.0,1,388.1243553495561,Newcastle United (default stadium),False,0,0.0,0,0,5,1,H
3806,2016-05-15,Southampton,Crystal Palace,Premier League,Premier League,1556.0137901687424,1448.9527224295352,7.0,8.0,0.8,2.8,1.4,0.2,0.6,1.0,0.0,-1.0,1,108.42688407911376,Southampton (default stadium),False,0,0.0,0,0,4,1,H
3807,2016-05-15,Stoke,West Ham United,Premier League,Premier League,1479.308780291312,1560.6056251565262,8.0,5.0,0.0,0.6,3.0,0.6,2.4,1.8,0.0,0.0,1,98.38337997534771,Stoke (default stadium),False,0,0.0,0,0,2,1,H
3808,2016-05-15,Swansea,Manchester City,Premier League,Premier League,1495.7810196442972,1548.2765030366807,8.0,7.0,0.6,1.6,1.8,0.4,2.4,1.4,0.0,-1.0,1,235.8161570960022,Swansea (default stadium),False,0,0.0,0,0,1,1,D
3809,2016-05-15,Watford,Sunderland,Premier League,Premier League,1456.1972613840046,1469.403423288068,4.0,4.0,0.4,1.4,2.2,0.6,2.0,0.6,1.0,1.0,1,368.8823663967205,Watford (default stadium),False,0,0.0,0,0,2,2,D
3810,2016-05-15,West Bromwich Albion,Liverpool,Premier League,Premier League,1464.2498893230688,1538.7901563496464,8.0,4.0,0.0,0.4,1.6,0.4,2.0,1.2,0.0,0.0,1,5397.522050574016,West Bromwich Albion (default stadium),False,0,0.0,0,0,1,1,D
3811,2016-05-17,Manchester United,Bournemouth,Premier League,Premier League,1549.3457675760978,1460.3094794048213,7.0,10.0,0.6,1.4,0.8,0.2,1.2,2.0,0.0,-1.0,1,306.55795629981236,Manchester United (default stadium),False,0,0.0,0,0,3,1,H
3052,2016-08-13,Burnley,Swansea,Premier League,Premier League,1500.0,1496.4582187615902,,90.0,0.5,0.0,0.0,0.4,1.6,2.0,0.5,0.0,0,6297.369035676608,Burnley (default stadium),False,0,0.0,0,0,0,1,A
3053,2016-08-13,Crystal Palace,West Bromwich Albion,Premier League,Premier League,1457.7369257297917,1473.2854209558718,90.0,90.0,0.2,0.8,1.8,0.0,0.6,1.6,0.5,0.5,2,180.90264463990698,Crystal Palace (default stadium),False,0,0.0,0,0,0,1,A
3054,2016-08-13,Everton,Tottenham Hotspur,Premier League,Premier League,1482.898258092902,1557.4743103305273,90.0,90.0,0.4,1.2,2.2,0.2,1.8,2.0,0.0,0.0,2,11688.48360204595,Everton (default stadium),False,0,0.0,0,0,1,1,D
3055,2016-08-13,Hull,Leicester City,Premier League,Premier League,1500.0,1595.9200856679204,,90.0,0.5,0.0,0.0,0.4,2.2,1.0,0.5,0.0,0,135.40519278388993,Hull (default stadium),False,0,0.0,0,0,2,1,H
3056,2016-08-13,Manchester City,Sunderland,Premier League,Premier League,1536.5849232491432,1478.267756527913,90.0,90.0,0.2,2.0,1.6,0.4,1.8,1.0,1.0,2.0,2,167.6858786175707,Manchester City (default stadium),False,0,0.0,0,0,2,1,H
3057,2016-08-13,Middlesbrough,Stoke,Premier League,Premier League,1500.0,1492.2253613153746,,90.0,0.5,0.0,0.0,0.2,0.8,2.4,0.5,0.0,0,321.4376582173717,Middlesbrough (default stadium),False,0,0.0,0,0,1,1,D
3058,2016-08-13,Southampton,Watford,Premier League,Premier League,1545.9879587189166,1465.9327569761417,90.0,90.0,0.8,3.0,1.4,0.2,1.6,2.6,0.5,1.0,2,107.60666567502645,Southampton (default stadium),False,0,0.0,0,0,1,1,D
3059,2016-08-14,Arsenal,Liverpool,Premier League,Premier League,1556.829585755438,1528.9946132986647,91.0,91.0,0.6,1.8,0.4,0.2,1.4,1.4,0.0,0.0,2,5305.0330774456925,Arsenal (default stadium),False,0,0.0,0,0,3,4,A
3060,2016-08-14,Bournemouth,Manchester United,Premier League,Premier League,1465.9439328051672,1541.2975024305224,89.0,89.0,0.0,1.0,2.4,0.6,1.8,1.0,0.5,-0.5,2,306.55795629981236,Bournemouth (default stadium),False,0,0.0,0,0,1,3,A
3061,2016-08-15,Chelsea,West Ham United,Premier League,Premier League,1509.905501704128,1537.710442770504,92.0,92.0,0.2,2.0,1.6,0.6,2.2,1.8,0.0,-0.5,2,13.657971575674615,Chelsea (default stadium),False,0,0.0,0,0,2,1,H
3062,2016-08-19,Manchester United,Southampton,Premier League,Premier League,1551.1434265043176,1541.9189327926788,5.0,6.0,0.6,2.0,1.2,0.8,3.0,1.4,0.5,0.0,2,291.8406815664775,Manchester United (default stadium),False,0,0.0,0,0,2,0,H
3063,2016-08-20,Burnley,Liverpool,Premier League,Premier League,1487.9143533860397,1541.7383891168026,7.0,6.0,0.0,0.0,1.0,0.4,1.8,1.6,0.5,0.0,0,11263.441847487935,Burnley (default stadium),False,0,0.0,0,0,2,0,H
3064,2016-08-20,Leicester City,Arsenal,Premier League,Premier League,1585.1754266501907,1544.0858099373002,7.0,6.0,0.4,2.0,1.0,0.4,2.0,1.2,0.0,-2.0,2,137.93652464122155,Leicester City (default stadium),False,0,0.0,0,0,0,0,D
3065,2016-08-20,Stoke,Manchester City,Premier League,Premier League,1494.427238698206,1543.0508986163438,7.0,7.0,0.2,1.0,1.8,0.4,2.2,1.6,0.5,-1.0,2,275.4298868384115,Stoke (default stadium),False,0,0.0,0,0,1,4,A
3066,2016-08-20,Swansea,Hull,Premier League,Premier League,1508.5438653755505,1510.7446590177296,7.0,7.0,0.6,1.8,1.4,1.0,2.0,1.0,0.5,0.0,0,335.312652620282,Swansea (default stadium),False,0,0.0,0,0,0,2,A
3067,2016-08-20,Tottenham Hotspur,Crystal Palace,Premier League,Premier League,1557.3426085751921,1446.1823923483473,7.0,7.0,0.0,1.2,2.2,0.2,0.6,1.8,1.0,1.5,2,20.57108758153193,Tottenham Hotspur (default stadium),False,0,0.0,0,0,1,0,H
3068,2016-08-20,Watford,Chelsea,Premier League,Premier League,1470.0017829023795,1518.6969661766182,7.0,5.0,0.2,1.6,2.2,0.2,1.6,1.6,0.0,0.0,2,23.690230405937225,Watford (default stadium),False,0,0.0,0,0,1,2,A
3069,2016-08-20,West Bromwich Albion,Everton,Premier League,Premier League,1484.8399543373162,1483.0299598482372,7.0,7.0,0.2,0.8,1.2,0.4,1.4,1.6,0.5,0.0,2,11644.311554609854,West Bromwich Albion (default stadium),False,0,0.0,0,0,1,2,A
3070,2016-08-21,Sunderland,Middlesbrough,Premier League,Premier League,1471.8017811607124,1497.7981226171685,8.0,8.0,0.4,2.0,1.4,0.0,1.0,1.0,0.5,0.0,0,38.95502002780137,Sunderland (default stadium),False,0,0.0,0,0,1,2,A
3071,2016-08-21,West Ham United,Bournemouth,Premier League,Premier League,1528.9189782980138,1456.098008731372,6.0,7.0,0.4,1.8,2.0,0.0,1.0,2.6,0.5,0.5,2,155.36167637292584,West Ham United (default stadium),False,0,0.0,0,0,1,0,H
3072,2016-08-27,Chelsea,Burnley,Premier League,Premier League,1529.309400668062,1497.4491078252743,7.0,7.0,0.4,1.6,1.4,0.5,1.0,0.5,0.5,0.0,0,6552.140911877313,Chelsea (default stadium),False,0,0.0,0,0,3,0,H
3073,2016-08-27,Crystal Palace,Bournemouth,Premier League,Premier League,1440.9703524677145,1449.9918322303197,7.0,6.0,0.2,0.6,1.6,0.0,0.8,2.0,0.0,-0.5,2,145.13706164318188,Crystal Palace (default stadium),False,0,0.0,0,0,1,1,D
3074,2016-08-27,Everton,Stoke,Premier League,Premier League,1495.067880623971,1483.8127533463219,7.0,7.0,0.4,1.4,1.6,0.2,1.2,1.8,0.5,1.0,2,11785.527014866359,Everton (default stadium),False,0,0.0,0,0,1,0,H
3075,2016-08-27,Hull,Manchester United,Premier League,Premier League,1522.6716784074852,1558.9018788099738,7.0,8.0,1.0,2.0,0.5,0.8,2.2,1.0,0.5,0.0,0,124.3743412184817,Hull (default stadium),False,0,0.0,0,0,0,1,A
3076,2016-08-27,Leicester City,Swansea,Premier League,Premier League,1582.0826939173921,1496.616845985795,7.0,7.0,0.2,1.2,1.0,0.6,1.8,1.0,1.0,3.5,2,219.3978201651642,Leicester City (default stadium),False,0,0.0,0,0,2,1,H
3077,2016-08-27,Southampton,Sunderland,Premier League,Premier League,1534.1604804870226,1460.541982968384,8.0,6.0,0.6,2.2,1.4,0.4,2.0,1.6,0.5,0.5,2,445.72865636782814,Southampton (default stadium),False,0,0.0,0,0,1,1,D
3078,2016-08-27,Tottenham Hotspur,Liverpool,Premier League,Premier League,1562.554648455825,1532.203634677568,7.0,7.0,0.2,1.2,2.0,0.4,1.6,1.4,0.0,0.0,2,5300.810896107908,Tottenham Hotspur (default stadium),False,0,0.0,0,0,1,1,D
3079,2016-08-27,Watford,Arsenal,Premier League,Premier League,1459.3893484109358,1547.1785426700988,7.0,7.0,0.0,1.2,2.2,0.4,2.0,1.2,0.0,-3.5,2,22.816875346141348,Watford (default stadium),False,0,0.0,0,0,1,3,A
3080,2016-08-28,Manchester City,West Ham United,Premier League,Premier League,1553.665383968228,1535.025154799066,8.0,7.0,0.4,2.2,1.8,0.4,1.4,2.0,0.0,-0.5,2,262.0495522571908,Manchester City (default stadium),False,0,0.0,0,0,3,1,H
3081,2016-08-28,West Bromwich Albion,Middlesbrough,Premier League,Premier League,1472.8020335615824,1509.0579208094969,8.0,7.0,0.2,0.8,1.4,0.5,1.5,1.0,0.5,0.0,0,229.4688293778388,West Bromwich Albion (default stadium),False,0,0.0,0,0,0,0,D
3082,2016-09-10,Arsenal,Southampton,Premier League,Premier League,1556.666975462008,1530.2472000732298,14.0,14.0,0.4,2.4,1.4,0.4,1.6,1.2,0.0,-2.0,2,114.81248103375616,Arsenal (default stadium),False,0,0.0,0,0,2,1,H
3083,2016-09-10,Bournemouth,West Bromwich Albion,Premier League,Premier League,1451.7291331268036,1471.833842310535,14.0,13.0,0.0,0.8,1.8,0.2,0.8,0.8,0.5,0.5,2,203.18642139610964,Bournemouth (default stadium),False,0,0.0,0,0,1,0,H
3084,2016-09-10,Burnley,Hull,Premier League,Premier League,1490.2996752738518,1511.7027547652472,14.0,14.0,0.3333333333333333,0.6666666666666666,1.3333333333333333,0.6666666666666666,1.3333333333333333,0.6666666666666666,0.5,0.0,0,6473.788947178601,Burnley (default stadium),False,0,0.0,0,0,1,1,D
3085,2016-09-10,Liverpool,Leicester City,Premier League,Premier League,1535.0142422149731,1587.884550023177,14.0,14.0,0.2,1.4,1.6,0.4,1.4,1.0,0.5,-0.5,2,5343.065862682322,Liverpool (default stadium),False,0,0.0,0,0,4,1,H
3086,2016-09-10,Manchester United,Manchester City,Premier League,Premier League,1569.8708024522118,1561.1680628217964,14.0,13.0,0.8,2.2,1.0,0.6,2.4,1.2,0.5,0.5,2,0.0,Manchester United (default stadium),True,0,0.0,0,0,1,2,A
3087,2016-09-10,Middlesbrough,Crystal Palace,Premier League,Premier League,1510.0261120605444,1439.2330515712306,13.0,14.0,0.3333333333333333,1.0,0.6666666666666666,0.2,0.8,1.6,0.5,0.0,0,359.5725590019963,Middlesbrough (default stadium),False,0,0.0,0,0,1,2,A
3088,2016-09-10,Stoke,Tottenham Hotspur,Premier League,Premier League,1476.1097374572412,1559.7440409184198,14.0,14.0,0.2,1.0,1.8,0.2,1.0,1.8,0.0,-2.0,2,97.17924263016836,Stoke (default stadium),False,0,0.0,0,0,0,4,A
3089,2016-09-10,West Ham United,Watford,Premier League,Premier League,1527.5224759454977,1449.9009156190266,13.0,14.0,0.4,1.4,1.8,0.0,1.4,2.4,0.5,0.0,2,29.461782304363904,West Ham United (default stadium),False,0,0.0,0,0,2,4,A
3090,2016-09-11,Swansea,Chelsea,Premier League,Premier League,1490.81498988001,1536.4588332194844,15.0,15.0,0.4,1.4,1.2,0.6,1.8,0.8,0.5,0.5,2,259.38781464619586,Swansea (default stadium),False,0,0.0,0,0,2,2,D
3091,2016-09-12,Sunderland,Everton,Premier League,Premier League,1464.4552633821768,1502.7708965130516,16.0,16.0,0.2,1.6,1.4,0.6,1.4,1.0,0.5,-0.5,2,11825.332160481525,Sunderland (default stadium),False,0,0.0,0,0,0,3,A
3092,2016-09-16,Chelsea,Liverpool,Premier League,Premier League,1537.1587136422681,1544.5216091420439,5.0,6.0,0.6,2.0,1.0,0.4,2.0,1.6,0.0,-1.0,2,5312.655647759373,Chelsea (default stadium),False,0,0.0,0,0,1,2,A
3093,2016-09-17,Everton,Middlesbrough,Premier League,Premier League,1513.6803261993905,1496.1819190480849,5.0,7.0,0.8,2.0,0.4,0.25,1.0,1.0,0.5,0.0,0,11813.102865831117,Everton (default stadium),False,0,0.0,0,0,3,1,H
3094,2016-09-17,Hull,Arsenal,Premier League,Premier League,1513.0924355665272,1563.9609077461573,7.0,7.0,0.5,1.25,0.75,0.6,2.4,1.2,0.5,0.0,0,244.29148412506942,Hull (default stadium),False,0,0.0,0,0,1,4,A
3095,2016-09-17,Leicester City,Burnley,Premier League,Premier League,1578.3771830961064,1488.9099944725717,7.0,7.0,0.2,1.0,1.6,0.25,0.75,1.25,0.5,0.0,0,6455.690567406472,Leicester City (default stadium),False,0,0.0,0,0,3,0,H
3096,2016-09-17,Manchester City,Bournemouth,Premier League,Premier League,1573.3953429836456,1460.3028231132164,7.0,7.0,0.8,2.4,1.0,0.2,0.8,1.6,1.0,4.0,2,306.55795629981236,Manchester City (default stadium),False,0,0.0,0,0,4,0,H
3097,2016-09-17,West Bromwich Albion,West Ham United,Premier League,Premier League,1463.2601523241221,1513.5120644846295,7.0,7.0,0.2,0.6,0.8,0.2,1.2,2.2,0.0,-1.5,2,174.57015283848514,West Bromwich Albion (default stadium),False,0,0.0,0,0,4,2,H
3098,2016-09-18,Crystal Palace,Stoke,Premier League,Premier League,1453.0772445836901,1466.5019629358637,8.0,8.0,0.2,0.8,1.6,0.2,0.8,2.2,1.0,1.0,2,109.48338153904736,Crystal Palace (default stadium),False,0,0.0,0,0,4,1,H
3099,2016-09-18,Southampton,Swansea,Premier League,Premier League,1522.9532677890804,1490.1151094572263,8.0,7.0,0.2,1.4,1.4,0.2,1.0,1.4,1.0,1.5,2,194.99590699752744,Southampton (default stadium),False,0,0.0,0,0,1,0,H
3100,2016-09-18,Tottenham Hotspur,Sunderland,Premier League,Premier League,1569.3518154397973,1453.545833695838,8.0,6.0,0.4,1.6,1.4,0.0,1.0,2.0,1.0,2.0,2,378.42123111183287,Tottenham Hotspur (default stadium),False,0,0.0,0,0,1,0,H
3101,2016-09-18,Watford,Manchester United,Premier League,Premier League,1463.9113270798948,1557.6435222903626,8.0,8.0,0.2,1.8,2.0,0.8,2.0,0.8,0.0,-1.0,2,237.3590819226217,Watford (default stadium),False,0,0.0,0,0,3,1,H
3102,2016-09-24,Arsenal,Chelsea,Premier League,Premier League,1574.5110015041155,1525.3751544010345,7.0,8.0,0.6,2.4,1.4,0.6,2.0,1.2,0.0,-1.5,2,9.950774202617763,Arsenal (default stadium),False,0,0.0,0,0,3,0,H
3103,2016-09-24,Bournemouth,Everton,Premier League,Premier League,1455.1335353542468,1521.2138449145932,7.0,7.0,0.2,0.6,1.8,0.8,2.0,0.6,0.0,-0.5,2,11531.827627873134,Bournemouth (default stadium),False,0,0.0,0,0,1,0,H
3104,2016-09-24,Liverpool,Hull,Premier League,Premier League,1556.3051683832775,1502.542341808569,8.0,7.0,0.6,2.2,1.6,0.4,1.2,1.4,0.5,0.0,0,5262.862105303106,Liverpool (default stadium),False,0,0.0,0,0,5,1,H
3105,2016-09-24,Manchester United,Leicester City,Premier League,Premier League,1546.96151517976,1584.0846296501848,6.0,7.0,0.6,1.6,1.2,0.4,1.4,1.4,0.0,0.0,2,119.18446031803153,Manchester United (default stadium),False,0,0.0,0,0,4,1,H
3106,2016-09-24,Middlesbrough,Tottenham Hotspur,Premier League,Premier League,1488.6484003328821,1574.4614549174244,7.0,6.0,0.2,1.0,1.4,0.6,1.6,0.4,0.5,0.0,0,339.50750673725486,Middlesbrough (default stadium),False,0,0.0,0,0,1,2,A
3107,2016-09-24,Stoke,West Bromwich Albion,Premier League,Premier League,1458.1160889753726,1472.6923679878485,6.0,7.0,0.0,0.6,2.8,0.4,1.2,1.0,0.0,-1.0,2,217.8619630192631,Stoke (default stadium),False,0,0.0,0,0,1,1,D
3108,2016-09-24,Sunderland,Crystal Palace,Premier League,Premier League,1448.4361942182109,1461.4631185441813,6.0,6.0,0.0,0.6,1.8,0.4,1.4,1.0,0.5,0.5,2,398.4608999330654,Sunderland (default stadium),False,0,0.0,0,0,2,3,A
3109,2016-09-24,Swansea,Manchester City,Premier League,Premier League,1482.9915143326268,1578.5646307426152,6.0,7.0,0.2,0.8,1.4,1.0,3.0,0.8,0.0,-0.5,2,235.8161570960022,Swansea (default stadium),False,0,0.0,0,0,1,3,A
3110,2016-09-25,West Ham United,Southampton,Premier League,Premier League,1504.0798488209032,1530.0768629136799,8.0,7.0,0.2,1.4,2.6,0.2,0.8,1.2,0.5,0.0,2,118.78899564721851,West Ham United (default stadium),False,0,0.0,0,0,0,3,A
3111,2016-09-26,Burnley,Watford,Premier League,Premier League,1483.2025479184933,1474.5933341904974,9.0,8.0,0.2,0.6,1.6,0.4,2.0,1.8,0.5,0.0,0,6533.004942220552,Burnley (default stadium),False,0,0.0,0,0,2,0,H
3112,2016-09-30,Everton,Crystal Palace,Premier League,Premier League,1511.3266578881066,1473.088393646973,6.0,6.0,0.8,1.8,0.6,0.6,2.0,1.2,0.0,0.0,2,11676.66690896838,Everton (default stadium),False,0,0.0,0,0,1,1,D
3113,2016-10-01,Hull,Chelsea,Premier League,Premier League,1495.9611263081033,1518.675798451014,7.0,7.0,0.2,1.0,2.2,0.4,1.6,1.6,0.5,0.0,0,252.09781880840558,Hull (default stadium),False,0,0.0,0,0,0,2,A
3114,2016-10-01,Sunderland,West Bromwich Albion,Premier League,Premier League,1436.8109191154192,1474.2741958359647,7.0,7.0,0.0,0.8,2.0,0.2,1.2,1.2,0.0,-0.5,2,264.2683720768647,Sunderland (default stadium),False,0,0.0,0,0,1,1,D
3115,2016-10-01,Swansea,Liverpool,Premier League,Premier League,1473.7262414143254,1562.8863838837433,7.0,7.0,0.0,0.8,2.0,0.6,2.4,1.2,0.5,0.5,2,5556.210900180734,Swansea (default stadium),False,0,0.0,0,0,1,2,A
3116,2016-10-01,Watford,Bournemouth,Premier League,Premier League,1466.8180558459019,1465.0207223807333,5.0,7.0,0.4,1.8,2.0,0.4,0.6,1.2,0.0,0.0,2,142.71746668291058,Watford (default stadium),False,0,0.0,0,0,2,2,D
3117,2016-10-01,West Ham United,Middlesbrough,Premier League,Premier League,1492.8200696813476,1479.1032226199104,6.0,7.0,0.2,1.2,2.8,0.2,1.0,1.6,0.5,0.0,0,347.5274065995305,West Ham United (default stadium),False,0,0.0,0,0,1,1,D
3118,2016-10-02,Burnley,Arsenal,Premier League,Premier League,1490.977826263089,1581.2103574541359,6.0,8.0,0.4,1.0,1.4,0.8,2.4,0.6,0.5,0.0,0,6555.361279391892,Burnley (default stadium),False,0,0.0,0,0,0,1,A
3119,2016-10-02,Leicester City,Southampton,Premier League,Premier League,1575.0280881507115,1541.3366420532354,8.0,7.0,0.4,1.4,1.8,0.4,1.2,1.0,0.5,0.5,2,191.4130852325117,Leicester City (default stadium),False,0,0.0,0,0,0,0,D
3120,2016-10-02,Manchester United,Stoke,Premier League,Premier League,1556.0180566792333,1456.5342611272563,8.0,8.0,0.6,1.8,1.2,0.0,0.6,2.8,0.5,0.5,2,275.4298868384115,Manchester United (default stadium),False,0,0.0,0,0,1,1,D
3121,2016-10-02,Tottenham Hotspur,Manchester City,Premier League,Premier League,1584.006632630396,1587.8299036609167,8.0,8.0,0.8,1.8,0.4,1.0,3.2,0.8,1.0,2.0,2,253.91120185713115,Tottenham Hotspur (default stadium),False,0,0.0,0,0,2,0,H
3122,2016-10-15,Arsenal,Swansea,Premier League,Premier League,1590.6286757772057,1464.277156272139,13.0,14.0,1.0,2.6,0.6,0.0,1.0,2.0,0.5,1.0,2,264.43650443285355,Arsenal (default stadium),False,0,0.0,0,0,3,2,H
3123,2016-10-15,Bournemouth,Hull,Premier League,Premier League,1467.0582938748485,1484.6084863883514,14.0,14.0,0.4,1.0,1.4,0.0,0.6,2.6,0.5,0.0,0,349.4434178650001,Bournemouth (default stadium),False,0,0.0,0,0,6,1,H
3124,2016-10-15,Chelsea,Leicester City,Premier League,Premier League,1530.028438370766,1572.1291716159799,14.0,13.0,0.4,1.6,1.4,0.4,1.4,1.8,0.0,-0.5,2,142.36087796503557,Chelsea (default stadium),False,0,0.0,0,0,3,0,H
3125,2016-10-15,Crystal Palace,West Ham United,Premier League,Premier League,1476.1067205256377,1490.4560801054001,15.0,14.0,0.6,2.2,1.2,0.0,1.2,3.0,0.0,-1.0,2,13.663891147783643,Crystal Palace (default stadium),False,0,0.0,0,0,0,1,A
3126,2016-10-15,Manchester City,Everton,Premier League,Premier League,1579.7119183348564,1508.3083310094419,13.0,15.0,0.8,2.4,1.0,0.6,1.6,0.6,0.5,1.0,2,11690.468746176242,Manchester City (default stadium),False,0,0.0,0,0,1,1,D
3127,2016-10-15,Stoke,Sunderland,Premier League,Premier League,1461.059054861747,1435.8771650167748,13.0,14.0,0.0,0.6,2.2,0.0,0.8,1.8,0.0,-1.0,2,359.38231590481223,Stoke (default stadium),False,0,0.0,0,0,2,0,H
3128,2016-10-15,West Bromwich Albion,Tottenham Hotspur,Premier League,Premier League,1475.2079499346091,1592.1246179564564,14.0,13.0,0.2,1.2,1.0,0.8,2.0,0.4,0.0,0.0,2,167.03808994677587,West Bromwich Albion (default stadium),False,0,0.0,0,0,1,1,D
3129,2016-10-16,Middlesbrough,Watford,Premier League,Premier League,1481.4672121958579,1464.7804843517868,15.0,15.0,0.0,0.8,1.6,0.4,2.0,2.0,0.5,0.0,0,330.15214993213067,Middlesbrough (default stadium),False,0,0.0,0,0,0,1,A
3130,2016-10-16,Southampton,Burnley,Premier League,Premier League,1544.235558587967,1481.559507940019,14.0,14.0,0.4,1.2,0.6,0.2,0.6,1.6,0.5,0.0,0,6489.228471942674,Southampton (default stadium),False,0,0.0,0,0,3,1,H
3131,2016-10-17,Liverpool,Manchester United,Premier League,Premier League,1572.3354690259296,1551.4932629447426,16.0,15.0,0.8,2.8,1.0,0.4,1.6,1.4,0.0,-1.5,2,5387.234837982907,Liverpool (default stadium),True,0,0.0,0,0,0,0,D
3132,2016-10-22,Arsenal,Middlesbrough,Premier League,Premier League,1595.5108267505962,1469.0226842947309,7.0,6.0,1.0,2.6,0.8,0.0,0.8,1.8,0.5,0.0,0,344.23851860366983,Arsenal (default stadium),False,0,0.0,0,0,0,0,D
3133,2016-10-22,Bournemouth,Tottenham Hotspur,Premier League,Premier League,1475.5600314750677,1590.7823962707023,7.0,7.0,0.6,2.0,1.4,0.8,2.0,0.4,0.0,-3.5,2,156.84013393890496,Bournemouth (default stadium),False,0,0.0,0,0,0,0,D
3134,2016-10-22,Burnley,Everton,Premier League,Premier League,1475.2028320376944,1512.1674894580847,6.0,7.0,0.2,0.8,1.6,0.4,1.6,0.8,0.5,0.0,0,7457.166496435577,Burnley (default stadium),False,0,0.0,0,0,2,1,H
3135,2016-10-22,Hull,Stoke,Premier League,Premier League,1476.106748788132,1468.3860390263526,7.0,7.0,0.0,0.8,3.6,0.2,1.0,2.0,0.5,0.0,0,213.68623416615006,Hull (default stadium),False,0,0.0,0,0,0,2,A
3136,2016-10-22,Leicester City,Crystal Palace,Premier League,Premier League,1562.930455528956,1464.5185254939493,7.0,7.0,0.2,1.0,2.2,0.6,2.0,1.2,1.0,1.0,2,152.43481774000773,Leicester City (default stadium),False,0,0.0,0,0,3,1,H
3137,2016-10-22,Liverpool,West Bromwich Albion,Premier League,Premier League,1569.7788172293458,1476.5501716203632,5.0,7.0,0.8,2.6,0.8,0.2,1.4,1.2,0.0,0.0,2,5397.522050574016,Liverpool (default stadium),False,0,0.0,0,0,2,1,H
3138,2016-10-22,Swansea,Watford,Premier League,Premier League,1459.3950052987486,1477.2250122529138,7.0,6.0,0.0,1.2,2.2,0.6,2.0,1.4,0.5,0.0,2,243.7745500737881,Swansea (default stadium),False,0,0.0,0,0,0,0,D
3139,2016-10-22,West Ham United,Sunderland,Premier League,Premier League,1502.0442751370886,1428.5501808521692,7.0,7.0,0.2,1.2,2.4,0.0,0.6,2.0,0.5,0.5,2,386.44952491666476,West Ham United (default stadium),False,0,0.0,0,0,1,0,H
3140,2016-10-23,Chelsea,Manchester United,Premier League,Premier League,1539.22715445779,1554.0499147413263,8.0,6.0,0.4,1.6,1.4,0.2,1.4,1.4,0.0,0.0,2,260.84692450845216,Chelsea (default stadium),False,0,0.0,0,0,4,0,H
3141,2016-10-23,Manchester City,Southampton,Premier League,Premier League,1575.8527598862136,1550.5922344902917,8.0,7.0,0.6,2.0,1.0,0.6,1.6,0.6,0.5,0.0,2,291.8406815664775,Manchester City (default stadium),False,0,0.0,0,0,1,1,D
3142,2016-10-29,Crystal Palace,Liverpool,Premier League,Premier League,1459.0187505526262,1575.3983609277313,7.0,7.0,0.4,1.8,1.6,0.8,2.2,0.8,0.5,0.0,2,5306.285725112793,Crystal Palace (default stadium),False,0,0.0,0,0,2,4,A
3143,2016-10-29,Manchester United,Burnley,Premier League,Premier League,1545.6248250252015,1484.2548535674193,6.0,7.0,0.2,1.2,1.8,0.4,1.0,1.6,0.5,0.0,0,6363.654979892703,Manchester United (default stadium),False,0,0.0,0,0,0,0,D
3144,2016-10-29,Middlesbrough,Bournemouth,Premier League,Premier League,1474.143435092476,1476.854334756603,7.0,7.0,0.0,0.6,1.4,0.4,1.8,1.4,0.5,0.0,0,429.3826208366597,Middlesbrough (default stadium),False,0,0.0,0,0,2,0,H
3145,2016-10-29,Sunderland,Arsenal,Premier League,Premier League,1422.4604285548503,1590.390075952851,7.0,7.0,0.0,0.6,1.6,0.8,2.2,0.6,0.0,-1.0,2,383.12980296580747,Sunderland (default stadium),False,0,0.0,0,0,1,4,A
3146,2016-10-29,Tottenham Hotspur,Leicester City,Premier League,Premier League,1589.488092989167,1568.430230470279,7.0,7.0,0.6,1.2,0.4,0.4,1.4,1.6,0.0,-0.5,2,134.78780460437943,Tottenham Hotspur (default stadium),False,0,0.0,0,0,1,1,D
3147,2016-10-29,Watford,Hull,Premier League,Premier League,1478.7154007861202,1463.9063484002277,7.0,7.0,0.4,1.2,1.0,0.0,0.6,3.8,0.5,0.0,0,233.12739957424787,Watford (default stadium),False,0,0.0,0,0,1,0,H
3148,2016-10-29,West Bromwich Albion,Manchester City,Premier League,Premier League,1470.9306279219777,1573.1776425789285,7.0,6.0,0.2,1.6,1.4,0.4,1.8,1.0,0.0,-2.0,2,103.87357381667516,West Bromwich Albion (default stadium),False,0,0.0,0,0,0,4,A
3149,2016-10-30,Everton,West Ham United,Premier League,Premier League,1503.1154679283597,1508.1340274344075,8.0,8.0,0.2,1.2,1.2,0.4,1.0,1.6,0.0,-0.5,2,11687.188342303432,Everton (default stadium),False,0,0.0,0,0,2,0,H
3150,2016-10-30,Southampton,Chelsea,Premier League,Premier League,1553.2673517975768,1547.6522441739148,7.0,7.0,0.6,1.6,0.4,0.6,2.0,1.0,0.5,0.5,2,105.31037742874952,Southampton (default stadium),False,0,0.0,0,0,0,2,A
3151,2016-10-31,Stoke,Swansea,Premier League,Premier League,1480.586439414257,1457.9046167655422,9.0,9.0,0.4,1.4,1.2,0.0,0.8,1.8,0.5,0.5,2,351.8654069044793,Stoke (default stadium),False,0,0.0,0,0,3,1,H
3152,2016-11-05,Bournemouth,Sunderland,Premier League,Premier League,1468.767213327301,1415.206724004785,7.0,7.0,0.4,1.8,1.0,0.0,0.8,2.2,0.5,1.0,2,465.6875431438778,Bournemouth (default stadium),False,0,0.0,0,0,1,2,A
3153,2016-11-05,Burnley,Crystal Palace,Premier League,Premier League,1487.865531013482,1450.3457898195245,7.0,7.0,0.4,1.0,1.0,0.2,1.4,2.2,0.5,0.0,0,6562.201316773521,Burnley (default stadium),False,0,0.0,0,0,3,2,H
3154,2016-11-05,Chelsea,Everton,Premier League,Premier League,1559.7948984675531,1511.2666592381408,6.0,6.0,0.8,2.2,0.6,0.2,1.0,1.0,0.0,-1.0,2,11673.649510171086,Chelsea (default stadium),False,0,0.0,0,0,5,0,H
3155,2016-11-05,Manchester City,Middlesbrough,Premier League,Premier League,1582.2521549034711,1482.230556521778,7.0,7.0,0.4,1.8,1.0,0.2,0.8,0.8,0.5,0.0,0,137.67925287438126,Manchester City (default stadium),False,0,0.0,0,0,1,1,D
3156,2016-11-05,West Ham United,Stoke,Premier League,Premier League,1499.9828361246264,1487.980367515586,6.0,5.0,0.4,0.6,1.2,0.6,1.8,0.6,0.0,-0.5,2,98.38337997534771,West Ham United (default stadium),False,0,0.0,0,0,1,1,D
3157,2016-11-06,Arsenal,Tottenham Hotspur,Premier League,Premier League,1597.6437805029163,1586.9256407471466,8.0,8.0,0.8,2.2,0.6,0.4,1.2,0.6,0.0,0.0,2,6.203038582804336,Arsenal (default stadium),True,0,0.0,0,0,1,1,D
3158,2016-11-06,Hull,Southampton,Premier League,Premier League,1456.299995239889,1541.1246975039385,8.0,7.0,0.0,0.4,3.2,0.4,1.4,0.8,0.5,0.0,0,323.3866099649363,Hull (default stadium),False,0,0.0,0,0,2,1,H
3159,2016-11-06,Leicester City,West Bromwich Albion,Premier League,Premier League,1570.9926827122993,1461.856115597435,8.0,8.0,0.2,1.0,1.8,0.0,0.8,1.8,0.5,0.5,2,55.00254871843119,Leicester City (default stadium),False,0,0.0,0,0,1,2,A
3160,2016-11-06,Liverpool,Watford,Premier League,Premier League,1584.071321660833,1486.3217539464588,8.0,8.0,0.8,2.6,1.0,0.4,0.8,0.8,0.5,-0.5,2,5321.850013915433,Liverpool (default stadium),False,0,0.0,0,0,6,1,H
3161,2016-11-06,Swansea,Manchester United,Premier League,Premier League,1450.5106886642131,1542.0141475791388,6.0,8.0,0.0,1.0,2.2,0.2,1.0,1.2,0.5,0.0,2,235.8161570960022,Swansea (default stadium),False,0,0.0,0,0,1,3,A
3162,2016-11-19,Crystal Palace,Manchester City,Premier League,Premier League,1443.3453083071452,1577.7150597610002,14.0,14.0,0.0,1.2,2.4,0.2,1.4,1.0,0.0,-2.5,2,271.155957712397,Crystal Palace (default stadium),False,0,0.0,0,0,1,2,A
3163,2016-11-19,Everton,Swansea,Premier League,Premier League,1504.5517111693002,1441.1288188928665,14.0,13.0,0.2,1.0,1.8,0.0,1.0,2.2,0.0,-0.5,2,11474.649384341092,Everton (default stadium),False,0,0.0,0,0,1,1,D
3164,2016-11-19,Manchester United,Arsenal,Premier League,Premier League,1551.3960173504854,1595.3614418569603,13.0,13.0,0.2,0.8,1.2,0.6,1.8,0.8,0.5,-1.0,2,256.9000111017041,Manchester United (default stadium),False,0,0.0,0,0,1,1,D
3165,2016-11-19,Southampton,Liverpool,Premier League,Premier League,1530.6982670337134,1589.5863130475711,13.0,13.0,0.2,1.0,1.2,0.8,2.8,1.0,0.5,0.5,2,5410.461987095733,Southampton (default stadium),False,0,0.0,0,0,0,0,D
3166,2016-11-19,Stoke,Bournemouth,Premier League,Premier League,1490.2977168374675,1455.3535729024804,14.0,14.0,0.6,1.8,0.6,0.2,1.8,1.4,1.0,1.5,2,253.71102121569086,Stoke (default stadium),False,0,0.0,0,0,0,1,A
3167,2016-11-19,Sunderland,Hull,Premier League,Premier League,1428.6203644296056,1466.7264257101142,14.0,13.0,0.2,0.8,1.8,0.2,0.6,2.4,0.5,0.0,0,145.7708776197944,Sunderland (default stadium),False,0,0.0,0,0,3,0,H
3168,2016-11-19,Tottenham Hotspur,West Ham United,Premier League,Premier League,1589.2079793931027,1497.665486802745,13.0,14.0,0.2,1.0,0.6,0.4,0.8,0.8,0.5,1.0,2,8.221735834635023,Tottenham Hotspur (default stadium),False,0,0.0,0,0,3,2,H
3169,2016-11-19,Watford,Leicester City,Premier League,Premier League,1480.8067625597207,1556.249740450654,13.0,13.0,0.4,1.0,1.6,0.2,1.0,1.4,0.0,-1.0,2,119.18970796768599,Watford (default stadium),False,0,0.0,0,0,2,1,H
3170,2016-11-20,Middlesbrough,Chelsea,Premier League,Premier League,1486.767651664249,1566.5098465363938,15.0,15.0,0.2,0.8,0.6,1.0,3.2,0.0,0.5,0.0,0,351.0976209582028,Middlesbrough (default stadium),False,0,0.0,0,0,0,1,A
3171,2016-11-21,West Bromwich Albion,Burnley,Premier League,Premier League,1476.5990578590804,1494.8660125258614,15.0,16.0,0.2,1.0,1.8,0.4,1.2,1.4,0.5,0.0,0,6404.481396239543,West Bromwich Albion (default stadium),False,0,0.0,0,0,4,0,H
3172,2016-11-26,Burnley,Manchester City,Premier League,Premier League,1486.3441017476268,1585.8832606320007,5.0,7.0,0.4,1.2,2.0,0.4,1.8,0.8,0.5,0.0,0,6363.654979892703,Burnley (default stadium),False,0,0.0,0,0,1,2,A
3173,2016-11-26,Chelsea,Tottenham Hotspur,Premier League,Premier League,1576.2295170943862,1594.8668253254239,6.0,7.0,1.0,3.0,0.0,0.2,1.2,1.0,0.0,0.0,2,16.124829392275434,Chelsea (default stadium),True,0,0.0,0,0,2,1,H
3174,2016-11-26,Hull,West Bromwich Albion,Premier League,Premier League,1457.6418371422294,1485.120968637315,7.0,5.0,0.2,0.6,2.6,0.4,1.6,1.6,0.5,0.0,0,168.82468311219114,Hull (default stadium),False,0,0.0,0,0,1,1,D
3175,2016-11-26,Leicester City,Middlesbrough,Premier League,Premier League,1546.0930917688668,1477.0479811062564,7.0,6.0,0.2,1.2,1.8,0.2,0.6,0.6,0.5,0.0,0,217.7659495933152,Leicester City (default stadium),False,0,0.0,0,0,2,2,D
3176,2016-11-26,Liverpool,Sunderland,Premier League,Premier League,1589.9060317868307,1437.7049529974904,7.0,7.0,0.6,2.4,0.8,0.4,1.2,1.6,0.5,0.5,2,5298.140462363033,Liverpool (default stadium),False,0,0.0,0,0,2,0,H
3177,2016-11-26,Swansea,Crystal Palace,Premier League,Premier League,1444.7907708874461,1435.1771074361448,7.0,7.0,0.0,1.0,2.0,0.0,1.2,2.6,0.0,0.0,2,268.54218681775865,Swansea (default stadium),False,0,0.0,0,0,5,4,H
3178,2016-11-27,Arsenal,Bournemouth,Premier League,Premier League,1596.1093778033307,1468.285480347826,8.0,8.0,0.4,1.8,1.0,0.4,1.6,1.0,1.0,2.0,2,151.22456097479042,Arsenal (default stadium),False,0,0.0,0,0,3,1,H
3179,2016-11-27,Manchester United,West Ham United,Premier League,Premier League,1550.648081404115,1492.0066408704238,8.0,8.0,0.2,0.8,1.2,0.4,1.0,1.2,0.0,-0.5,2,262.0495522571908,Manchester United (default stadium),False,0,0.0,0,0,1,1,D
3180,2016-11-27,Southampton,Everton,Premier League,Premier League,1530.3785482944538,1500.8897591747207,8.0,8.0,0.2,1.0,1.2,0.2,1.0,1.8,0.0,-1.5,2,11568.424076531252,Southampton (default stadium),False,0,0.0,0,0,1,0,H
3181,2016-11-27,Watford,Stoke,Premier League,Premier League,1490.9634112415079,1477.365809392122,8.0,8.0,0.6,1.0,1.4,0.6,1.6,0.6,0.5,0.5,2,115.3858128973264,Watford (default stadium),False,0,0.0,0,0,0,1,A
3182,2016-12-03,Crystal Palace,Southampton,Premier League,Premier League,1427.4292908525235,1537.5908130757875,7.0,6.0,0.0,2.0,3.4,0.2,0.6,1.0,0.5,-1.0,2,108.42688407911376,Crystal Palace (default stadium),False,0,0.0,0,0,3,0,H
3183,2016-12-03,Manchester City,Chelsea,Premier League,Premier League,1595.0350979569728,1584.761856258128,7.0,7.0,0.6,2.0,0.8,1.0,2.8,0.2,1.0,3.0,2,260.84692450845216,Manchester City (default stadium),False,0,0.0,0,0,1,3,A
3184,2016-12-03,Stoke,Burnley,Premier League,Premier League,1489.726558356218,1477.1922644226547,6.0,7.0,0.6,1.4,0.6,0.4,1.2,1.8,0.5,0.0,0,6622.334647654521,Stoke (default stadium),False,0,0.0,0,0,2,0,H
3185,2016-12-03,Sunderland,Leicester City,Premier League,Premier League,1433.3508572799944,1542.291856788492,7.0,7.0,0.4,1.2,1.6,0.2,1.6,1.6,0.0,-2.0,2,255.59207939927754,Sunderland (default stadium),False,0,0.0,0,0,2,1,H
3186,2016-12-03,Tottenham Hotspur,Swansea,Premier League,Premier League,1586.334486161682,1452.5385874710673,7.0,7.0,0.2,1.2,1.2,0.2,1.6,2.2,0.5,0.5,2,267.05513719576624,Tottenham Hotspur (default stadium),False,0,0.0,0,0,5,0,H
3187,2016-12-03,West Bromwich Albion,Watford,Premier League,Premier League,1486.338743703649,1478.6026622774118,7.0,6.0,0.4,1.6,1.6,0.4,0.8,1.6,0.0,-0.5,2,146.51145046000096,West Bromwich Albion (default stadium),False,0,0.0,0,0,3,1,H
3188,2016-12-03,West Ham United,Arsenal,Premier League,Premier League,1495.5488304853095,1600.960318133749,6.0,6.0,0.2,1.0,1.4,0.4,1.8,0.8,0.5,1.0,2,6.7390655013334415,West Ham United (default stadium),False,0,0.0,0,0,1,5,A
3189,2016-12-04,Bournemouth,Liverpool,Premier League,Premier League,1463.4345400174077,1594.2601275043266,7.0,8.0,0.2,0.6,1.4,0.8,2.8,0.8,0.0,-1.0,2,5445.991656818437,Bournemouth (default stadium),False,0,0.0,0,0,4,3,H
3190,2016-12-04,Everton,Manchester United,Premier League,Premier League,1493.677494393387,1547.1058917892292,7.0,7.0,0.2,0.8,1.8,0.2,1.0,1.4,0.0,-2.0,2,11690.468746176242,Everton (default stadium),False,0,0.0,0,0,1,1,D
3191,2016-12-05,Middlesbrough,Hull,Premier League,Premier League,1480.8492160866313,1456.4240620758953,9.0,9.0,0.2,1.0,0.8,0.2,0.6,1.6,0.5,0.0,0,107.7777594975819,Middlesbrough (default stadium),False,0,0.0,0,0,1,0,H
3192,2016-12-10,Arsenal,Stoke,Premier League,Premier League,1609.9446082834952,1497.3947290298781,7.0,7.0,0.6,2.8,1.0,0.6,1.4,0.6,0.5,1.0,2,102.57433411648985,Arsenal (default stadium),False,0,0.0,0,0,3,1,H
3193,2016-12-10,Burnley,Bournemouth,Premier League,Premier League,1469.5240937489946,1475.1675716838042,7.0,6.0,0.2,0.8,2.0,0.4,1.4,2.0,0.5,0.0,0,6464.032279474406,Burnley (default stadium),False,0,0.0,0,0,3,2,H
3194,2016-12-10,Hull,Crystal Palace,Premier League,Premier League,1449.076841781118,1438.5801111856279,5.0,7.0,0.2,0.6,1.4,0.2,2.4,2.8,0.5,0.0,0,259.5443742875743,Hull (default stadium),False,0,0.0,0,0,3,3,D
3195,2016-12-10,Leicester City,Manchester City,Premier League,Premier League,1531.175714549646,1582.7649010167581,7.0,7.0,0.0,1.2,1.8,0.6,2.0,1.2,0.5,1.0,2,119.18446031803153,Leicester City (default stadium),False,0,0.0,0,0,4,2,H
3196,2016-12-10,Swansea,Sunderland,Premier League,Premier League,1447.8128424167724,1444.4669995188403,7.0,7.0,0.2,1.6,3.2,0.6,1.6,1.6,0.0,-1.0,2,401.1863520715426,Swansea (default stadium),False,0,0.0,0,0,3,0,H
3197,2016-12-10,Watford,Everton,Premier League,Premier League,1470.8034836717782,1493.200886701227,7.0,6.0,0.4,1.0,2.2,0.2,0.8,1.6,0.0,0.0,2,11672.34169380457,Watford (default stadium),False,0,0.0,0,0,3,2,H
3198,2016-12-11,Chelsea,West Bromwich Albion,Premier League,Premier League,1597.0320531983427,1494.1379223092827,8.0,8.0,1.0,2.6,0.4,0.6,2.0,1.4,0.5,0.5,2,170.0193819377569,Chelsea (default stadium),False,0,0.0,0,0,1,0,H
3199,2016-12-11,Liverpool,West Ham United,Premier League,Premier League,1582.5270958379301,1486.5645403355634,7.0,8.0,0.6,3.0,1.4,0.0,1.0,2.4,0.0,-2.5,2,5299.298724106387,Liverpool (default stadium),False,0,0.0,0,0,2,2,D
3200,2016-12-11,Manchester United,Tottenham Hotspur,Premier League,Premier League,1547.582499481389,1591.060231215977,7.0,8.0,0.2,1.2,0.8,0.4,2.2,1.2,0.5,-1.0,2,253.91120185713115,Manchester United (default stadium),False,0,0.0,0,0,1,0,H
3201,2016-12-11,Southampton,Middlesbrough,Premier League,Premier League,1526.4399927426832,1488.1964363814086,8.0,6.0,0.2,0.4,1.4,0.4,1.2,0.8,0.5,0.0,0,408.5255480080426,Southampton (default stadium),False,0,0.0,0,0,1,0,H
3202,2016-12-13,Bournemouth,Leicester City,Premier League,Premier League,1466.9990028145958,1540.6463041754293,3.0,3.0,0.4,1.8,2.2,0.2,1.8,2.0,0.0,0.0,2,215.0463353224413,Bournemouth (default stadium),False,0,0.0,0,0,1,0,H
3203,2016-12-13,Everton,Arsenal,Premier League,Premier League,1484.5624901729798,1615.1258788381515,3.0,3.0,0.0,0.8,2.2,0.6,2.6,1.0,0.0,-1.5,2,11682.978134396302,Everton (default stadium),False,0,0.0,0,0,2,1,H
3204,2016-12-14,Crystal Palace,Manchester United,Premier League,Premier League,1440.856408242491,1556.820606606867,4.0,3.0,0.2,2.6,2.6,0.4,1.4,0.8,0.0,-1.0,2,271.155957712397,Crystal Palace (default stadium),False,0,0.0,0,0,1,2,A
3205,2016-12-14,Manchester City,Watford,Premier League,Premier League,1573.2943113909748,1479.4418802000255,4.0,4.0,0.4,1.6,2.0,0.4,1.4,2.6,1.0,1.5,2,237.3590819226217,Manchester City (default stadium),False,0,0.0,0,0,2,0,H
3206,2016-12-14,Middlesbrough,Liverpool,Premier League,Premier League,1481.2149017021432,1578.0832700352887,3.0,3.0,0.2,0.8,1.0,0.4,2.6,1.4,0.5,0.0,0,5295.771251358291,Middlesbrough (default stadium),False,0,0.0,0,0,0,3,A
3207,2016-12-14,Stoke,Southampton,Premier League,Premier League,1492.2134584752218,1533.4215274219487,4.0,3.0,0.4,1.0,1.0,0.4,0.6,1.0,0.5,0.0,2,217.169880891397,Stoke (default stadium),False,0,0.0,0,0,0,0,D
3208,2016-12-14,Sunderland,Chelsea,Premier League,Premier League,1436.5472512564427,1602.4295462718972,4.0,3.0,0.6,1.4,1.4,1.0,2.4,0.4,0.5,-0.5,2,389.93734890187324,Sunderland (default stadium),False,0,0.0,0,0,0,1,A
3209,2016-12-14,Tottenham Hotspur,Hull,Premier League,Premier League,1581.822124090499,1446.800544724255,3.0,4.0,0.4,2.0,1.2,0.2,1.2,1.8,0.5,0.0,0,239.05273846665017,Tottenham Hotspur (default stadium),False,0,0.0,0,0,3,0,H
3210,2016-12-14,West Bromwich Albion,Swansea,Premier League,Premier League,1488.7404292357282,1455.73259067917,3.0,4.0,0.6,2.0,0.8,0.4,2.0,2.6,0.0,-0.5,2,169.67031549263714,West Bromwich Albion (default stadium),False,0,0.0,0,0,3,1,H
3211,2016-12-14,West Ham United,Burnley,Premier League,Premier League,1491.0083661382048,1477.692662618203,3.0,4.0,0.0,1.4,2.4,0.4,1.4,2.4,0.5,0.0,0,6562.099962977977,West Ham United (default stadium),False,0,0.0,0,0,1,0,H
3212,2016-12-17,Crystal Palace,Chelsea,Premier League,Premier League,1432.1716996904634,1609.7378216453753,3.0,3.0,0.2,2.4,2.4,1.0,1.6,0.4,0.5,-1.0,2,10.944971454605678,Crystal Palace (default stadium),False,0,0.0,0,0,0,1,A
3213,2016-12-17,Middlesbrough,Swansea,Premier League,Premier League,1471.9866975575542,1448.6134746441203,3.0,3.0,0.2,0.6,1.4,0.4,2.0,2.6,0.5,0.0,0,373.3696587419555,Middlesbrough (default stadium),False,0,0.0,0,0,3,0,H
3214,2016-12-17,Stoke,Leicester City,Premier League,Premier League,1491.3866518920759,1530.5413302597703,3.0,4.0,0.4,0.8,0.8,0.2,1.6,1.8,0.0,-1.5,2,167.64927486136108,Stoke (default stadium),False,0,0.0,0,0,2,2,D
3215,2016-12-17,Sunderland,Watford,Premier League,Premier League,1429.2389758829645,1473.8368339931558,3.0,3.0,0.4,1.0,1.4,0.4,1.2,1.8,0.0,-0.5,2,368.8823663967205,Sunderland (default stadium),False,0,0.0,0,0,1,0,H
3216,2016-12-17,West Bromwich Albion,Manchester United,Premier League,Premier League,1495.859545270778,1565.5053151588945,3.0,3.0,0.6,2.2,0.8,0.4,1.2,0.8,0.5,-0.5,2,103.87357381667516,West Bromwich Albion (default stadium),False,0,0.0,0,0,0,2,A
3217,2016-12-17,West Ham United,Hull,Premier League,Premier League,1498.6552801396213,1442.1002166675582,3.0,3.0,0.2,1.4,2.2,0.0,0.8,2.2,0.5,0.0,0,246.75905263816102,West Ham United (default stadium),False,0,0.0,0,0,1,0,H
3218,2016-12-18,Bournemouth,Southampton,Premier League,Premier League,1477.1039767302548,1534.2483340050946,5.0,4.0,0.6,1.8,1.8,0.4,0.4,0.6,0.5,0.0,2,36.717522209000165,Bournemouth (default stadium),False,0,0.0,0,0,1,3,A
3219,2016-12-18,Manchester City,Arsenal,Premier League,Premier League,1578.8993575978443,1603.4001681594254,4.0,5.0,0.6,1.8,1.8,0.6,2.6,1.2,0.0,-0.5,2,256.9000111017041,Manchester City (default stadium),False,0,0.0,0,0,2,1,H
3220,2016-12-18,Tottenham Hotspur,Burnley,Premier League,Premier League,1586.5224521471957,1470.0457486167866,4.0,4.0,0.6,2.4,1.0,0.2,0.8,2.2,0.5,0.0,0,6556.63679428139,Tottenham Hotspur (default stadium),False,0,0.0,0,0,2,1,H
3221,2016-12-19,Everton,Liverpool,Premier League,Premier League,1496.2882008517058,1587.3114741798777,6.0,5.0,0.2,1.2,1.4,0.4,2.0,1.2,0.0,-2.0,2,16451.58764038487,Everton (default stadium),True,0,0.0,0,0,0,1,A
3222,2016-12-26,Arsenal,West Bromwich Albion,Premier League,Premier League,1594.7023048093736,1485.849349712122,8.0,9.0,0.6,2.6,1.4,0.4,1.4,1.2,0.5,0.5,2,168.46827367374928,Arsenal (default stadium),False,0,0.0,0,0,1,0,H
3223,2016-12-26,Burnley,Middlesbrough,Premier League,Premier League,1464.95078329855,1479.3620867358381,8.0,9.0,0.2,1.0,1.8,0.4,1.2,1.2,0.5,0.0,0,6397.634590967248,Burnley (default stadium),False,0,0.0,0,0,1,0,H
3224,2016-12-26,Chelsea,Bournemouth,Premier League,Premier League,1616.737088367335,1466.7341303606433,9.0,8.0,1.0,1.6,0.4,0.4,1.8,2.4,0.5,1.0,2,141.82746970047285,Chelsea (default stadium),False,0,0.0,0,0,3,0,H
3225,2016-12-26,Hull,Manchester City,Premier League,Premier League,1435.5897788447412,1587.5972209478962,9.0,8.0,0.0,0.8,1.8,0.6,1.8,1.8,0.5,0.0,0,124.3743412184817,Hull (default stadium),False,0,0.0,0,0,0,3,A
3226,2016-12-26,Leicester City,Everton,Premier League,Premier League,1531.4268048011386,1486.8925618680366,9.0,7.0,0.2,1.8,1.8,0.2,1.0,1.4,1.0,1.5,2,11692.657159990456,Leicester City (default stadium),False,0,0.0,0,0,0,2,A
3227,2016-12-26,Manchester United,Sunderland,Premier League,Premier League,1575.5155107175506,1438.5091434551496,9.0,9.0,0.6,1.4,0.6,0.4,0.6,1.4,0.5,1.0,2,167.6858786175707,Manchester United (default stadium),False,0,0.0,0,0,3,1,H
3228,2016-12-26,Swansea,West Ham United,Premier League,Premier League,1441.2380854658363,1505.1657179624383,9.0,9.0,0.4,1.8,3.0,0.4,1.2,1.6,0.5,1.5,2,271.00387883479357,Swansea (default stadium),False,0,0.0,0,0,1,4,A
3229,2016-12-26,Watford,Crystal Palace,Premier League,Premier League,1464.5666664209707,1425.1724329685037,9.0,9.0,0.2,0.8,1.8,0.2,2.2,2.2,0.5,0.0,2,34.44633804123294,Watford (default stadium),False,0,0.0,0,0,1,1,D
3230,2016-12-27,Liverpool,Stoke,Premier League,Premier League,1596.7071131635469,1490.5011773507076,8.0,10.0,0.6,2.2,1.2,0.4,1.2,1.0,1.0,2.0,2,5207.768724813521,Liverpool (default stadium),False,0,0.0,0,0,4,1,H
3231,2016-12-28,Southampton,Tottenham Hotspur,Premier League,Premier League,1544.618180374706,1591.617417465432,10.0,10.0,0.6,1.0,0.8,0.6,2.2,0.8,0.5,-0.5,2,120.5232777621848,Southampton (default stadium),False,0,0.0,0,0,1,4,A
3232,2016-12-30,Hull,Everton,Premier League,Premier League,1427.907263627603,1500.0746787593691,4.0,4.0,0.0,0.6,2.2,0.4,1.4,1.2,0.5,0.0,0,11806.313005001568,Hull (default stadium),False,0,0.0,0,0,2,2,D
3233,2016-12-31,Burnley,Sunderland,Premier League,Premier League,1473.364326232688,1433.8497728125726,5.0,5.0,0.4,1.0,1.4,0.4,0.8,1.6,0.5,0.0,0,6378.292184053279,Burnley (default stadium),False,0,0.0,0,0,4,1,H
3234,2016-12-31,Chelsea,Stoke,Premier League,Premier League,1621.13443787356,1485.1784832630092,5.0,4.0,1.0,1.8,0.2,0.2,1.2,1.8,0.0,-0.5,2,111.88362495735197,Chelsea (default stadium),False,0,0.0,0,0,4,2,H
3235,2016-12-31,Leicester City,West Ham United,Premier League,Premier League,1518.244687909806,1515.3404769544577,5.0,5.0,0.2,1.4,1.8,0.6,1.8,1.6,0.5,0.5,2,142.949836877498,Leicester City (default stadium),False,0,0.0,0,0,1,0,H
3236,2016-12-31,Liverpool,Manchester City,Premier League,Premier League,1602.0298072512453,1595.2797361650344,4.0,5.0,0.6,2.6,1.4,0.6,2.0,1.6,1.0,3.0,2,5387.234837982907,Liverpool (default stadium),False,0,0.0,0,0,1,0,H
3237,2016-12-31,Manchester United,Middlesbrough,Premier League,Premier League,1580.1748813601275,1470.9485438017002,5.0,5.0,0.8,1.8,0.6,0.4,0.8,1.0,0.5,0.0,0,137.67925287438126,Manchester United (default stadium),False,0,0.0,0,0,2,1,H
3238,2016-12-31,Southampton,West Bromwich Albion,Premier League,Premier League,1533.957130634675,1480.5859628247185,3.0,5.0,0.4,1.0,1.6,0.4,1.2,1.2,0.5,1.5,2,188.05243986432515,Southampton (default stadium),False,0,0.0,0,0,1,2,A
3239,2016-12-31,Swansea,Bournemouth,Premier League,Premier League,1431.063326473817,1462.3367808544183,5.0,5.0,0.2,1.0,3.0,0.4,1.6,2.4,0.0,-0.5,2,177.55997151067382,Swansea (default stadium),False,0,0.0,0,0,0,3,A
3240,2017-01-01,Arsenal,Crystal Palace,Premier League,Premier League,1599.965691696777,1428.2209697364515,6.0,6.0,0.6,2.2,1.2,0.2,1.6,1.4,0.5,0.5,2,15.34028105594792,Arsenal (default stadium),False,0,0.0,0,0,2,0,H
3241,2017-01-01,Watford,Tottenham Hotspur,Premier League,Premier League,1461.518129653023,1602.2784672054631,6.0,4.0,0.2,1.0,1.8,0.8,2.8,0.6,0.0,-1.0,2,23.679576890869605,Watford (default stadium),False,0,0.0,0,0,1,4,A
3242,2017-01-02,Everton,Southampton,Premier League,Premier League,1500.0122963464464,1520.5483052344873,3.0,2.0,0.4,1.6,1.4,0.4,1.2,1.4,0.3333333333333333,0.6666666666666666,3,11568.424076531252,Everton (default stadium),False,0,0.0,0,0,3,0,H
3243,2017-01-02,Manchester City,Burnley,Premier League,Premier League,1587.453535696959,1480.3126485540556,2.0,2.0,0.6,1.8,1.2,0.6,1.8,1.2,1.0,1.0,1,6363.654979892703,Manchester City (default stadium),False,0,0.0,0,0,2,1,H
3244,2017-01-02,Middlesbrough,Leicester City,Premier League,Premier League,1465.693488379983,1526.1766005012882,2.0,2.0,0.2,0.8,1.4,0.4,1.4,1.4,0.0,0.0,1,217.7659495933152,Middlesbrough (default stadium),False,0,0.0,0,0,0,0,D
3245,2017-01-02,Sunderland,Liverpool,Premier League,Premier League,1426.901450491205,1609.8560077193206,2.0,2.0,0.2,0.6,2.2,0.8,2.2,0.6,0.0,-1.0,3,5298.140462363033,Sunderland (default stadium),False,0,0.0,0,0,2,2,D
3246,2017-01-02,West Bromwich Albion,Hull,Premier League,Premier League,1493.9947882249062,1427.9696460405257,2.0,3.0,0.4,1.0,1.2,0.0,1.0,2.4,0.0,0.0,1,168.82468311219114,West Bromwich Albion (default stadium),False,0,0.0,0,0,3,1,H
3247,2017-01-02,West Ham United,Manchester United,Premier League,Premier League,1507.4085643629755,1585.4299367818448,2.0,2.0,0.6,1.6,0.8,1.0,2.0,0.6,0.3333333333333333,0.3333333333333333,3,262.0495522571908,West Ham United (default stadium),False,0,0.0,0,0,0,2,A
3248,2017-01-03,Bournemouth,Arsenal,Premier League,Premier League,1473.4468270900693,1603.9487582719973,3.0,2.0,0.4,1.4,1.8,0.6,1.6,1.0,0.0,-2.0,3,151.22456097479042,Bournemouth (default stadium),False,0,0.0,0,0,3,3,D
3249,2017-01-03,Crystal Palace,Swansea,Premier League,Premier League,1424.237903161231,1419.953280238166,2.0,3.0,0.0,1.0,1.8,0.2,1.0,2.6,0.0,-0.3333333333333333,3,268.54218681775865,Crystal Palace (default stadium),False,0,0.0,0,0,1,2,A
3250,2017-01-03,Stoke,Watford,Premier League,Premier League,1480.4974676719578,1453.5270758449012,3.0,2.0,0.0,1.2,2.6,0.2,1.0,2.0,0.6666666666666666,0.0,3,115.3858128973264,Stoke (default stadium),False,0,0.0,0,0,2,0,H
3251,2017-01-04,Tottenham Hotspur,Chelsea,Premier League,Premier League,1610.2695210135848,1625.8154534646114,3.0,4.0,0.8,2.6,0.8,1.0,2.0,0.4,0.0,-0.3333333333333333,3,16.124829392275434,Tottenham Hotspur (default stadium),True,0,0.0,0,0,2,0,H
3252,2017-01-14,Burnley,Southampton,Premier League,Premier League,1475.0109508849891,1511.9624518387875,12.0,12.0,0.4,1.4,1.2,0.2,1.0,2.0,0.0,-2.0,1,6489.228471942674,Burnley (default stadium),False,0,0.0,0,0,1,0,H
3253,2017-01-14,Hull,Bournemouth,Premier League,Premier League,1421.696274362435,1475.1708215067326,12.0,11.0,0.0,0.6,2.4,0.4,1.6,1.8,0.0,-5.0,1,349.4434178650001,Hull (default stadium),False,0,0.0,0,0,3,1,H
3254,2017-01-14,Leicester City,Chelsea,Premier League,Premier League,1526.450450065949,1617.3700588260408,12.0,10.0,0.2,0.6,1.0,0.8,1.8,0.8,0.3333333333333333,-0.6666666666666666,3,142.36087796503557,Leicester City (default stadium),False,0,0.0,0,0,0,3,A
3255,2017-01-14,Sunderland,Stoke,Premier League,Premier League,1430.04264537789,1487.7767187683473,12.0,11.0,0.2,1.0,2.0,0.2,1.4,2.0,0.3333333333333333,0.0,3,359.38231590481223,Sunderland (default stadium),False,0,0.0,0,0,1,3,A
3256,2017-01-14,Swansea,Arsenal,Premier League,Premier League,1432.0593683641146,1602.224763855334,11.0,11.0,0.2,0.8,2.8,0.4,1.6,1.4,0.3333333333333333,-1.0,3,264.43650443285355,Swansea (default stadium),False,0,0.0,0,0,0,4,A
3257,2017-01-14,Tottenham Hotspur,West Bromwich Albion,Premier League,Premier League,1618.7149156521555,1500.268159902997,10.0,12.0,1.0,3.0,0.6,0.6,1.6,1.2,0.0,0.0,3,167.03808994677587,Tottenham Hotspur (default stadium),False,0,0.0,0,0,4,0,H
3258,2017-01-14,Watford,Middlesbrough,Premier League,Premier League,1446.2478247485117,1465.419638815322,11.0,12.0,0.0,0.4,2.0,0.2,0.8,1.2,1.0,1.0,1,330.15214993213067,Watford (default stadium),False,0,0.0,0,0,0,0,D
3259,2017-01-14,West Ham United,Crystal Palace,Premier League,Premier League,1497.6393970080937,1412.1318150352824,12.0,11.0,0.6,1.2,0.8,0.0,0.6,1.6,0.6666666666666666,1.0,3,13.663891147783643,West Ham United (default stadium),False,0,0.0,0,0,3,0,H
3260,2017-01-15,Everton,Manchester City,Premier League,Premier League,1508.5981497421462,1592.7552333660255,13.0,13.0,0.6,1.8,0.8,0.8,1.8,0.6,0.0,-0.6666666666666666,3,11690.468746176242,Everton (default stadium),False,0,0.0,0,0,4,0,H
3261,2017-01-15,Manchester United,Liverpool,Premier League,Premier League,1595.1991041367266,1606.7148128326355,13.0,13.0,1.0,2.2,0.6,0.8,2.2,0.6,0.6666666666666666,1.0,3,5387.234837982907,Manchester United (default stadium),True,0,0.0,0,0,1,1,D
3262,2017-01-21,Bournemouth,Watford,Premier League,Premier League,1465.646103911265,1444.7952202320594,7.0,7.0,0.2,1.6,2.4,0.0,0.4,1.6,0.0,0.0,3,142.71746668291058,Bournemouth (default stadium),False,0,0.0,0,0,2,2,D
3263,2017-01-21,Crystal Palace,Everton,Premier League,Premier League,1406.3309483770233,1519.0053979972881,7.0,6.0,0.0,0.4,1.8,0.6,2.2,0.6,0.0,0.0,3,11676.66690896838,Crystal Palace (default stadium),False,0,0.0,0,0,0,1,A
3264,2017-01-21,Liverpool,Swansea,Premier League,Premier League,1608.38240507277,1424.8650546727213,6.0,7.0,0.6,1.8,0.8,0.2,0.6,3.0,0.6666666666666666,0.0,3,5556.210900180734,Liverpool (default stadium),False,0,0.0,0,0,2,3,A
3265,2017-01-21,Manchester City,Tottenham Hotspur,Premier League,Premier League,1582.3479851108837,1623.766940499679,6.0,7.0,0.6,1.4,1.4,1.0,3.2,0.6,0.0,-2.0,3,253.91120185713115,Manchester City (default stadium),False,0,0.0,0,0,2,2,D
3266,2017-01-21,Middlesbrough,West Ham United,Premier League,Premier League,1466.8722433317744,1503.4402636663528,7.0,7.0,0.2,0.8,0.6,0.6,1.6,0.8,0.0,0.0,1,347.5274065995305,Middlesbrough (default stadium),False,0,0.0,0,0,1,3,A
3267,2017-01-21,Stoke,Manchester United,Premier League,Premier League,1498.1296139131887,1593.531511896592,7.0,6.0,0.4,2.0,2.2,0.8,2.0,0.6,0.3333333333333333,-0.3333333333333333,3,275.4298868384115,Stoke (default stadium),False,0,0.0,0,0,1,1,D
3268,2017-01-21,West Bromwich Albion,Sunderland,Premier League,Premier League,1495.2161350554734,1419.6897502330487,7.0,7.0,0.4,1.0,1.8,0.2,1.2,2.4,0.3333333333333333,0.3333333333333333,3,264.2683720768647,West Bromwich Albion (default stadium),False,0,0.0,0,0,2,0,H
3269,2017-01-22,Arsenal,Burnley,Premier League,Premier League,1609.4190775467273,1484.062597145513,8.0,8.0,0.6,2.2,1.0,0.6,1.6,1.0,1.0,1.0,1,6555.361279391892,Arsenal (default stadium),False,0,0.0,0,0,2,1,H
3270,2017-01-22,Chelsea,Hull,Premier League,Premier League,1626.7686706712902,1431.2209919579025,8.0,8.0,0.8,2.2,0.8,0.2,1.2,2.0,1.0,2.0,1,252.09781880840558,Chelsea (default stadium),False,0,0.0,0,0,2,0,H
3271,2017-01-22,Southampton,Leicester City,Premier League,Premier League,1502.9108055782635,1517.0518382206997,8.0,8.0,0.2,1.0,2.2,0.2,0.6,1.4,0.0,-0.3333333333333333,3,191.4130852325117,Southampton (default stadium),False,0,0.0,0,0,3,0,H
3272,2017-01-31,Arsenal,Watford,Premier League,Premier League,1614.3223976444935,1447.3521054629289,9.0,10.0,0.8,2.4,0.8,0.0,0.8,1.8,1.0,3.0,3,22.816875346141348,Arsenal (default stadium),False,0,0.0,0,0,1,2,A
3273,2017-01-31,Bournemouth,Crystal Palace,Premier League,Premier League,1463.0892186803956,1397.553078074725,10.0,10.0,0.2,1.8,2.2,0.0,0.4,1.8,0.3333333333333333,0.3333333333333333,3,145.13706164318188,Bournemouth (default stadium),False,0,0.0,0,0,0,2,A
3274,2017-01-31,Burnley,Leicester City,Premier League,Premier League,1479.1592770477469,1508.6458775821613,9.0,9.0,0.6,1.6,1.0,0.2,0.2,1.6,0.0,-3.0,1,6455.690567406472,Burnley (default stadium),False,0,0.0,0,0,1,0,H
3275,2017-01-31,Liverpool,Chelsea,Premier League,Premier League,1592.153699963866,1630.332598109079,10.0,9.0,0.4,2.0,1.4,0.8,2.4,0.8,0.6666666666666666,1.0,3,5312.655647759373,Liverpool (default stadium),False,0,0.0,0,0,1,1,D
3276,2017-01-31,Middlesbrough,West Bromwich Albion,Premier League,Premier League,1455.91295255023,1501.2564507253246,10.0,10.0,0.0,0.4,1.2,0.6,1.4,1.4,0.0,0.0,1,229.4688293778388,Middlesbrough (default stadium),False,0,0.0,0,0,1,1,D
3277,2017-01-31,Sunderland,Tottenham Hotspur,Premier League,Premier League,1413.6494345631975,1624.5877184749986,10.0,10.0,0.0,1.0,2.8,0.8,3.2,0.8,0.0,-1.6666666666666667,3,378.42123111183287,Sunderland (default stadium),False,0,0.0,0,0,0,0,D
3278,2017-01-31,Swansea,Southampton,Premier League,Premier League,1441.0937597816253,1511.3167662168019,10.0,9.0,0.4,1.2,2.8,0.2,1.0,2.0,0.0,-1.3333333333333333,3,194.99590699752744,Swansea (default stadium),False,0,0.0,0,0,2,1,H
3279,2017-02-01,Manchester United,Hull,Premier League,Premier League,1592.8016864515748,1427.6570645201136,11.0,10.0,0.6,1.8,0.8,0.2,1.2,2.2,1.0,1.0,1,124.3743412184817,Manchester United (default stadium),False,0,0.0,0,0,0,0,D
3280,2017-02-01,Stoke,Everton,Premier League,Premier League,1498.859439358206,1527.7832682995866,11.0,11.0,0.4,1.8,2.0,0.8,2.4,0.4,0.3333333333333333,-1.0,3,11785.527014866359,Stoke (default stadium),False,0,0.0,0,0,1,1,D
3281,2017-02-01,West Ham United,Manchester City,Premier League,Premier League,1514.3995544478971,1581.5272071355641,11.0,11.0,0.6,2.0,1.0,0.4,1.4,1.6,0.3333333333333333,-0.3333333333333333,3,262.0495522571908,West Ham United (default stadium),False,0,0.0,0,0,0,4,A
3282,2017-02-04,Chelsea,Arsenal,Premier League,Premier League,1631.2459306553287,1598.3938581490834,4.0,4.0,0.6,2.0,1.0,0.6,2.4,1.2,0.6666666666666666,0.0,3,9.950774202617763,Chelsea (default stadium),False,0,0.0,0,0,3,1,H
3283,2017-02-04,Crystal Palace,Sunderland,Premier League,Premier League,1411.2675800935167,1417.4971891761768,4.0,4.0,0.2,0.6,1.6,0.0,0.8,2.2,0.3333333333333333,0.0,3,398.4608999330654,Crystal Palace (default stadium),False,0,0.0,0,0,0,4,A
3284,2017-02-04,Everton,Bournemouth,Premier League,Premier League,1528.9600577603276,1449.3747166616038,3.0,4.0,0.6,2.2,0.6,0.2,1.8,2.0,0.3333333333333333,0.0,3,11531.827627873134,Everton (default stadium),False,0,0.0,0,0,6,3,H
3285,2017-02-04,Hull,Liverpool,Premier League,Premier League,1433.551419827374,1591.2403674176164,3.0,4.0,0.2,1.2,1.6,0.2,1.4,1.4,0.0,-4.0,1,5262.862105303106,Hull (default stadium),False,0,0.0,0,0,2,0,H
3286,2017-02-04,Southampton,West Ham United,Premier League,Premier League,1501.3103475765174,1504.3168835300594,4.0,3.0,0.2,1.0,1.6,0.4,1.2,1.6,0.6666666666666666,1.0,3,118.78899564721851,Southampton (default stadium),False,0,0.0,0,0,1,3,A
3287,2017-02-04,Tottenham Hotspur,Middlesbrough,Premier League,Premier League,1620.7399638620193,1455.2044703654956,4.0,4.0,0.6,2.4,0.6,0.0,0.6,1.2,1.0,1.0,1,339.50750673725486,Tottenham Hotspur (default stadium),False,0,0.0,0,0,1,0,H
3288,2017-02-04,Watford,Burnley,Premier League,Premier League,1463.280644958339,1487.9984641734193,4.0,4.0,0.2,1.0,1.8,0.6,1.6,1.0,0.0,-2.0,1,6533.004942220552,Watford (default stadium),False,0,0.0,0,0,2,1,H
3289,2017-02-04,West Bromwich Albion,Stoke,Premier League,Premier League,1501.9649329100591,1497.682649897465,4.0,3.0,0.6,1.6,1.4,0.4,1.8,1.4,0.6666666666666666,0.6666666666666666,3,217.8619630192631,West Bromwich Albion (default stadium),False,0,0.0,0,0,1,0,H
3290,2017-02-05,Leicester City,Manchester United,Premier League,Premier League,1499.806690456489,1586.9073311443144,5.0,4.0,0.2,0.2,1.4,0.4,1.2,0.6,0.0,-1.0,3,119.18446031803153,Leicester City (default stadium),False,0,0.0,0,0,0,3,A
3291,2017-02-05,Manchester City,Swansea,Premier League,Premier League,1591.6098780534019,1451.1001784219097,4.0,5.0,0.4,1.6,1.6,0.6,1.4,2.2,0.6666666666666666,1.0,3,235.8161570960022,Manchester City (default stadium),False,0,0.0,0,0,2,1,H
3292,2017-02-11,Arsenal,Hull,Premier League,Premier League,1591.2706303676737,1446.0230509771045,7.0,7.0,0.4,2.2,1.8,0.4,1.2,1.2,1.0,3.0,1,244.29148412506942,Arsenal (default stadium),False,0,0.0,0,0,2,0,H
3293,2017-02-11,Liverpool,Tottenham Hotspur,Premier League,Premier League,1578.768736267886,1624.8382719355384,7.0,7.0,0.0,1.2,1.8,0.6,1.8,0.4,0.0,0.0,3,5300.810896107908,Liverpool (default stadium),False,0,0.0,0,0,2,0,H
3294,2017-02-11,Manchester United,Watford,Premier League,Premier League,1596.4155322150414,1471.9846489132926,6.0,7.0,0.4,1.4,0.4,0.4,1.2,1.2,0.6666666666666666,0.0,3,237.3590819226217,Manchester United (default stadium),False,0,0.0,0,0,2,0,H
3295,2017-02-11,Middlesbrough,Everton,Premier League,Premier League,1451.1061622919765,1534.9023226054294,7.0,7.0,0.0,0.4,1.0,0.8,3.0,0.8,0.0,-2.0,1,11813.102865831117,Middlesbrough (default stadium),False,0,0.0,0,0,0,0,D
3296,2017-02-11,Stoke,Crystal Palace,Premier League,Premier League,1489.7886736625796,1399.4524583463694,7.0,7.0,0.4,1.4,0.8,0.2,0.6,2.0,0.0,-1.6666666666666667,3,109.48338153904736,Stoke (default stadium),False,0,0.0,0,0,1,0,H
3297,2017-02-11,Sunderland,Southampton,Premier League,Premier League,1429.312310923324,1489.4056680780814,7.0,7.0,0.2,1.4,1.4,0.2,1.0,1.8,0.0,-0.3333333333333333,3,445.72865636782814,Sunderland (default stadium),False,0,0.0,0,0,0,4,A
3298,2017-02-11,West Ham United,West Bromwich Albion,Premier League,Premier League,1516.2215630284954,1509.8589091449444,7.0,7.0,0.6,1.8,1.6,0.6,1.4,1.2,0.3333333333333333,0.3333333333333333,3,174.57015283848514,West Ham United (default stadium),False,0,0.0,0,0,2,2,D
3299,2017-02-12,Burnley,Chelsea,Premier League,Premier League,1479.2944602184657,1638.3691584367384,8.0,8.0,0.4,1.0,1.2,0.6,1.8,0.8,0.0,-3.0,1,6552.140911877313,Burnley (default stadium),False,0,0.0,0,0,1,1,D
3300,2017-02-12,Swansea,Leicester City,Premier League,Premier League,1446.5124931218443,1490.298489385762,7.0,7.0,0.6,1.6,2.0,0.0,0.0,2.0,0.0,-2.6666666666666665,3,219.3978201651642,Swansea (default stadium),False,0,0.0,0,0,2,0,H
3301,2017-02-13,Bournemouth,Manchester City,Premier League,Premier League,1443.432451816502,1596.1975633534673,9.0,8.0,0.0,1.8,3.2,0.6,2.0,1.6,0.0,-4.0,3,306.55795629981236,Bournemouth (default stadium),False,0,0.0,0,0,0,2,A
3302,2017-02-25,Chelsea,Swansea,Premier League,Premier League,1635.8601158224417,1455.7594219041807,13.0,13.0,0.6,2.0,0.6,0.6,1.6,1.8,0.0,-0.3333333333333333,3,259.38781464619586,Chelsea (default stadium),False,0,0.0,0,0,3,1,H
3303,2017-02-25,Crystal Palace,Middlesbrough,Premier League,Premier League,1393.765393639833,1451.5030391331109,14.0,14.0,0.2,0.4,1.8,0.0,0.4,1.0,1.0,1.0,1,359.5725590019963,Crystal Palace (default stadium),False,0,0.0,0,0,1,0,H
3304,2017-02-25,Everton,Sunderland,Premier League,Premier League,1534.505445764295,1419.02725207084,14.0,14.0,0.6,2.4,0.8,0.2,1.0,1.8,0.6666666666666666,1.3333333333333333,3,11825.332160481525,Everton (default stadium),False,0,0.0,0,0,2,0,H
3305,2017-02-25,Hull,Burnley,Premier League,Premier League,1441.5310742653496,1481.8035028327624,14.0,13.0,0.4,1.0,1.0,0.4,1.0,1.0,0.0,0.0,1,6473.788947178601,Hull (default stadium),False,0,0.0,0,0,1,1,D
3306,2017-02-25,Watford,West Ham United,Premier League,Premier League,1467.0615814831963,1514.0583899127373,14.0,14.0,0.4,1.2,1.2,0.6,2.2,1.6,0.6666666666666666,0.6666666666666666,3,29.461782304363904,Watford (default stadium),False,0,0.0,0,0,1,1,D
3307,2017-02-25,West Bromwich Albion,Bournemouth,Premier League,Premier League,1512.0220822607025,1435.7705623999132,14.0,12.0,0.4,1.2,1.4,0.0,1.2,3.0,0.0,-0.6666666666666666,3,203.18642139610964,West Bromwich Albion (default stadium),False,0,0.0,0,0,2,1,H
3308,2017-02-26,Tottenham Hotspur,Stoke,Premier League,Premier League,1615.525958924996,1495.475738369116,15.0,15.0,0.4,1.4,0.8,0.4,1.2,0.8,0.6666666666666666,2.6666666666666665,3,97.17924263016836,Tottenham Hotspur (default stadium),False,0,0.0,0,0,4,0,H
3309,2017-02-27,Leicester City,Liverpool,Premier League,Premier League,1481.0515606034255,1588.0810492784283,15.0,16.0,0.0,0.0,2.4,0.2,1.2,1.4,0.3333333333333333,-0.6666666666666666,3,5343.065862682322,Leicester City (default stadium),False,0,0.0,0,0,3,1,H
3310,2017-03-04,Leicester City,Hull,Premier League,Premier League,1492.113337698085,1440.6775279010208,5.0,7.0,0.2,0.6,2.0,0.2,0.6,1.0,0.0,-1.0,1,135.40519278388993,Leicester City (default stadium),False,0,0.0,0,0,3,1,H
3311,2017-03-04,Liverpool,Arsenal,Premier League,Premier League,1577.0192721837689,1595.7626070794286,5.0,21.0,0.2,1.2,1.8,0.6,2.0,1.2,0.3333333333333333,0.3333333333333333,3,5305.0330774456925,Liverpool (default stadium),False,0,0.0,0,0,3,1,H
3312,2017-03-04,Manchester United,Bournemouth,Premier League,Premier League,1601.3385996451377,1429.7478308416314,21.0,7.0,0.4,1.4,0.4,0.0,1.2,2.8,0.6666666666666666,1.0,3,306.55795629981236,Manchester United (default stadium),False,0,0.0,0,0,1,1,D
3313,2017-03-04,Stoke,Middlesbrough,Premier League,Premier League,1490.4584862921918,1441.8558315925698,6.0,7.0,0.2,0.6,1.4,0.0,0.4,1.2,0.0,0.0,1,321.4376582173717,Stoke (default stadium),False,0,0.0,0,0,2,0,H
3314,2017-03-04,Swansea,Burnley,Premier League,Premier League,1451.9275712275132,1482.6570491970913,7.0,7.0,0.6,1.8,1.6,0.2,1.0,1.2,1.0,1.0,1,6297.369035676608,Swansea (default stadium),False,0,0.0,0,0,3,2,H
3315,2017-03-04,Watford,Southampton,Premier League,Premier League,1466.4004621461738,1499.6907269305655,7.0,21.0,0.4,1.4,1.4,0.4,1.8,1.2,0.0,-0.6666666666666666,3,107.60666567502645,Watford (default stadium),False,0,0.0,0,0,3,4,A
3316,2017-03-04,West Bromwich Albion,Crystal Palace,Premier League,Premier League,1518.0448138189843,1403.4126011803742,7.0,7.0,0.6,1.6,0.8,0.4,0.6,1.2,0.6666666666666666,0.0,3,180.90264463990698,West Bromwich Albion (default stadium),False,0,0.0,0,0,0,2,A
3317,2017-03-05,Sunderland,Manchester City,Premier League,Premier League,1413.9104311028323,1603.8594527700561,8.0,20.0,0.2,0.8,1.6,0.6,2.0,1.4,0.0,-1.6666666666666667,3,167.6858786175707,Sunderland (default stadium),False,0,0.0,0,0,0,2,A
3318,2017-03-05,Tottenham Hotspur,Everton,Premier League,Premier League,1620.5432110019203,1539.6222667323027,7.0,8.0,0.4,1.4,0.8,0.6,2.0,0.8,0.0,0.0,3,11688.48360204595,Tottenham Hotspur (default stadium),False,0,0.0,0,0,3,2,H
3319,2017-03-06,West Ham United,Chelsea,Premier League,Premier League,1514.7195092497598,1639.6919664991092,9.0,9.0,0.4,1.8,1.8,0.6,2.0,0.8,0.3333333333333333,0.0,3,13.657971575674615,West Ham United (default stadium),False,0,0.0,0,0,1,2,A
3320,2017-03-08,Manchester City,Stoke,Premier League,Premier League,1610.5379696157513,1497.1715237851827,3.0,4.0,0.8,2.4,0.6,0.4,0.8,1.2,0.6666666666666666,1.6666666666666667,3,275.4298868384115,Manchester City (default stadium),False,0,0.0,0,0,0,0,D
3321,2017-03-11,Bournemouth,West Ham United,Premier League,Premier League,1435.7619366075467,1506.288671081677,7.0,5.0,0.0,1.0,2.6,0.2,1.4,2.0,0.3333333333333333,-0.6666666666666666,3,155.36167637292584,Bournemouth (default stadium),False,0,0.0,0,0,3,2,H
3322,2017-03-11,Everton,West Bromwich Albion,Premier League,Premier League,1533.712063949662,1503.1801999214695,6.0,7.0,0.4,2.2,1.4,0.4,1.2,1.2,0.6666666666666666,0.3333333333333333,3,11644.311554609854,Everton (default stadium),False,0,0.0,0,0,3,0,H
3323,2017-03-11,Hull,Swansea,Premier League,Premier League,1434.037028934916,1460.8020637166928,7.0,7.0,0.2,0.8,1.2,0.6,1.8,1.6,1.0,2.0,1,335.312652620282,Hull (default stadium),False,0,0.0,0,0,2,1,H
3324,2017-03-12,Liverpool,Burnley,Premier League,Premier League,1585.5545974395527,1473.7825567079117,8.0,8.0,0.4,1.4,1.4,0.2,1.2,1.4,0.0,-2.0,1,11263.441847487935,Liverpool (default stadium),False,0,0.0,0,0,2,1,H
3325,2017-03-18,Bournemouth,Swansea,Premier League,Premier League,1445.7770972327826,1452.0400822419465,7.0,7.0,0.2,1.6,2.6,0.4,1.6,1.8,0.6666666666666666,1.3333333333333333,3,177.55997151067382,Bournemouth (default stadium),False,0,0.0,0,0,2,0,H
3326,2017-03-18,Crystal Palace,Watford,Premier League,Premier League,1418.277215077889,1455.347785427907,14.0,14.0,0.6,1.0,1.0,0.4,1.6,1.8,0.3333333333333333,0.0,3,34.44633804123294,Crystal Palace (default stadium),False,0,0.0,0,0,1,0,H
3327,2017-03-18,Everton,Hull,Premier League,Premier League,1540.896663017886,1442.7990104096623,7.0,7.0,0.6,2.6,1.2,0.4,1.2,1.4,0.0,0.0,1,11806.313005001568,Everton (default stadium),False,0,0.0,0,0,4,0,H
3328,2017-03-18,Stoke,Chelsea,Premier League,Premier League,1502.008278101685,1648.122804667192,10.0,12.0,0.4,0.6,1.0,0.6,2.0,1.0,0.3333333333333333,-0.3333333333333333,3,111.88362495735197,Stoke (default stadium),False,0,0.0,0,0,1,2,A
3329,2017-03-18,Sunderland,Burnley,Premier League,Premier League,1407.231914257137,1468.5840781515808,13.0,6.0,0.2,0.8,1.6,0.0,1.2,1.8,0.0,-3.0,1,6378.292184053279,Sunderland (default stadium),False,0,0.0,0,0,0,0,D
3330,2017-03-18,West Bromwich Albion,Arsenal,Premier League,Premier League,1495.9956008532454,1587.2272818236447,7.0,14.0,0.4,1.0,1.6,0.4,1.4,1.8,0.3333333333333333,-0.6666666666666666,3,168.46827367374928,West Bromwich Albion (default stadium),False,0,0.0,0,0,3,1,H
3331,2017-03-18,West Ham United,Leicester City,Premier League,Premier League,1496.273510456441,1498.7538366641897,7.0,14.0,0.2,1.8,1.8,0.4,1.2,1.6,0.0,-0.6666666666666666,3,142.949836877498,West Ham United (default stadium),False,0,0.0,0,0,2,3,A
3332,2017-03-19,Manchester City,Liverpool,Premier League,Premier League,1605.701215299249,1590.7530759958836,11.0,7.0,0.8,2.0,0.2,0.6,1.6,1.4,0.0,-2.3333333333333335,3,5387.234837982907,Manchester City (default stadium),False,0,0.0,0,0,1,1,D
3333,2017-03-19,Middlesbrough,Manchester United,Premier League,Premier League,1435.1427940995789,1595.3244938792225,15.0,15.0,0.0,0.2,1.0,0.4,1.4,0.4,0.0,-1.0,1,137.67925287438126,Middlesbrough (default stadium),False,0,0.0,0,0,1,3,A
3334,2017-03-19,Tottenham Hotspur,Southampton,Premier League,Premier League,1626.453413784561,1510.7434036488323,14.0,15.0,0.6,1.6,0.8,0.6,2.6,1.6,0.6666666666666666,1.3333333333333333,3,120.5232777621848,Tottenham Hotspur (default stadium),False,0,0.0,0,0,2,1,H
3335,2017-04-01,Burnley,Tottenham Hotspur,Premier League,Premier League,1468.8329314938221,1631.5651552132747,14.0,13.0,0.0,1.0,1.4,0.8,2.0,1.0,0.0,-1.0,1,6556.63679428139,Burnley (default stadium),False,0,0.0,0,0,0,2,A
3336,2017-04-01,Chelsea,Crystal Palace,Premier League,Premier League,1655.9664400985707,1427.3322577189665,14.0,14.0,0.8,2.2,1.0,0.6,0.8,1.0,0.6666666666666666,1.0,3,10.944971454605678,Chelsea (default stadium),False,0,0.0,0,0,1,2,A
3337,2017-04-01,Hull,West Ham United,Premier League,Premier League,1437.2920188247265,1484.3542390948635,14.0,14.0,0.2,0.8,2.2,0.0,1.6,2.2,0.0,-1.0,1,246.75905263816102,Hull (default stadium),False,0,0.0,0,0,2,1,H
3338,2017-04-01,Leicester City,Stoke,Premier League,Premier League,1510.6731080257673,1494.1646426703062,14.0,14.0,0.6,1.8,1.8,0.4,0.8,1.2,0.3333333333333333,1.0,3,167.64927486136108,Leicester City (default stadium),False,0,0.0,0,0,2,0,H
3339,2017-04-01,Liverpool,Everton,Premier League,Premier League,1593.150496349404,1546.403654602822,13.0,14.0,0.6,1.8,1.2,0.6,2.2,0.6,0.6666666666666666,1.6666666666666667,3,16451.58764038487,Liverpool (default stadium),True,0,0.0,0,0,3,1,H
3340,2017-04-01,Manchester United,West Bromwich Albion,Premier League,Premier League,1602.7856189596444,1506.6059381968441,13.0,14.0,0.6,1.8,0.4,0.4,1.4,1.8,0.6666666666666666,1.0,3,103.87357381667516,Manchester United (default stadium),False,0,0.0,0,0,0,0,D
3341,2017-04-01,Southampton,Bournemouth,Premier League,Premier League,1505.6316622201186,1453.962904488447,13.0,14.0,0.4,2.2,2.0,0.4,1.4,1.4,0.6666666666666666,0.6666666666666666,3,36.717522209000165,Southampton (default stadium),False,0,0.0,0,0,0,0,D
3342,2017-04-01,Watford,Sunderland,Premier League,Premier League,1446.2927427868294,1406.9830609148958,14.0,14.0,0.2,1.2,1.8,0.2,0.8,1.6,0.3333333333333333,0.0,3,368.8823663967205,Watford (default stadium),False,0,0.0,0,0,1,0,H
3343,2017-04-02,Arsenal,Manchester City,Premier League,Premier League,1576.616944480046,1603.3037949457287,15.0,14.0,0.2,1.2,2.2,0.6,1.4,0.4,0.3333333333333333,0.0,3,256.9000111017041,Arsenal (default stadium),False,0,0.0,0,0,2,2,D
3344,2017-04-02,Swansea,Middlesbrough,Premier League,Premier League,1443.854274986282,1427.681669019157,15.0,14.0,0.4,1.4,1.8,0.0,0.2,1.4,0.0,-3.0,1,373.3696587419555,Swansea (default stadium),False,0,0.0,0,0,0,0,D
3345,2017-04-04,Burnley,Stoke,Premier League,Premier League,1461.4403554776532,1486.6043457623286,3.0,3.0,0.0,0.8,1.6,0.2,0.6,1.6,0.0,-2.0,1,6622.334647654521,Burnley (default stadium),False,0,0.0,0,0,1,0,H
3346,2017-04-04,Leicester City,Sunderland,Premier League,Premier League,1518.2334049337449,1400.029390096554,3.0,3.0,0.8,2.2,1.2,0.0,0.0,1.8,0.6666666666666666,1.0,3,255.59207939927754,Leicester City (default stadium),False,0,0.0,0,0,2,0,H
3347,2017-04-04,Manchester United,Everton,Premier League,Premier League,1598.336779282016,1539.6428901559718,3.0,3.0,0.6,1.8,0.4,0.6,2.4,1.2,0.6666666666666666,1.3333333333333333,3,11690.468746176242,Manchester United (default stadium),False,0,0.0,0,0,1,1,D
3348,2017-04-04,Watford,West Bromwich Albion,Premier League,Premier League,1453.2464136051713,1511.0547778744724,3.0,3.0,0.2,1.0,1.6,0.4,1.0,1.4,0.3333333333333333,-0.3333333333333333,3,146.51145046000096,Watford (default stadium),False,0,0.0,0,0,2,0,H
3349,2017-04-05,Arsenal,West Ham United,Premier League,Premier League,1575.3767101815617,1475.0134839333632,3.0,4.0,0.2,1.4,2.2,0.0,1.4,2.2,0.3333333333333333,0.6666666666666666,3,6.7390655013334415,Arsenal (default stadium),False,0,0.0,0,0,3,0,H
3350,2017-04-05,Chelsea,Manchester City,Premier League,Premier League,1639.0062430822306,1604.5440292442129,4.0,3.0,0.6,1.8,1.2,0.4,1.4,0.6,0.3333333333333333,-1.3333333333333333,3,260.84692450845216,Chelsea (default stadium),False,0,0.0,0,0,2,1,H
3351,2017-04-05,Hull,Middlesbrough,Premier League,Premier League,1446.6327739862268,1430.1122785422706,4.0,3.0,0.4,1.2,2.0,0.0,0.2,1.2,0.0,-1.0,1,107.7777594975819,Hull (default stadium),False,0,0.0,0,0,4,2,H
3352,2017-04-05,Liverpool,Bournemouth,Premier League,Premier League,1599.911260796254,1457.3283522443862,4.0,4.0,0.6,2.0,1.4,0.4,1.4,1.0,0.6666666666666666,0.3333333333333333,3,5445.991656818437,Liverpool (default stadium),False,0,0.0,0,0,2,2,D
3353,2017-04-05,Southampton,Crystal Palace,Premier League,Premier League,1502.2662144641795,1444.2924547353066,4.0,4.0,0.4,2.0,1.6,0.8,1.2,0.4,0.3333333333333333,-0.3333333333333333,3,108.42688407911376,Southampton (default stadium),False,0,0.0,0,0,3,1,H
3354,2017-04-05,Swansea,Tottenham Hotspur,Premier League,Premier League,1441.4236654631684,1638.9577312294437,3.0,4.0,0.2,1.0,1.8,0.8,2.2,1.0,0.0,-2.0,3,267.05513719576624,Swansea (default stadium),False,0,0.0,0,0,1,3,A
3355,2017-04-08,Bournemouth,Chelsea,Premier League,Premier League,1462.7827226352588,1646.0870194824495,3.0,3.0,0.4,1.6,1.0,0.8,2.0,1.2,0.3333333333333333,-1.6666666666666667,3,141.82746970047285,Bournemouth (default stadium),False,0,0.0,0,0,1,3,A
3356,2017-04-08,Manchester City,Hull,Premier League,Premier League,1597.463252843994,1454.1927452527232,3.0,3.0,0.2,1.2,1.0,0.6,1.8,2.2,1.0,3.0,1,124.3743412184817,Manchester City (default stadium),False,0,0.0,0,0,3,1,H
3357,2017-04-08,Middlesbrough,Burnley,Premier League,Premier League,1422.5523072757742,1470.1569876708406,3.0,4.0,0.0,0.6,2.0,0.2,0.8,1.4,0.0,-1.0,1,6397.634590967248,Middlesbrough (default stadium),False,0,0.0,0,0,0,0,D
3358,2017-04-08,Stoke,Liverpool,Premier League,Premier League,1477.8877135691412,1594.4568904053815,4.0,3.0,0.2,0.6,1.0,0.6,2.2,1.2,0.0,-2.3333333333333335,3,5207.768724813521,Stoke (default stadium),False,0,0.0,0,0,1,2,A
3359,2017-04-08,Tottenham Hotspur,Watford,Premier League,Premier League,1645.4434467172953,1462.8956540769034,3.0,4.0,1.0,2.8,0.8,0.4,1.4,1.2,1.0,1.6666666666666667,3,23.679576890869605,Tottenham Hotspur (default stadium),False,0,0.0,0,0,4,0,H
3360,2017-04-08,West Bromwich Albion,Southampton,Premier League,Premier League,1501.4055374027403,1508.740842447376,4.0,3.0,0.2,0.6,1.6,0.6,2.4,1.2,0.3333333333333333,-0.6666666666666666,3,188.05243986432515,West Bromwich Albion (default stadium),False,0,0.0,0,0,0,1,A
3361,2017-04-08,West Ham United,Swansea,Premier League,Premier League,1469.5583843185686,1434.9379499753168,3.0,3.0,0.0,1.2,2.6,0.2,1.0,1.8,0.3333333333333333,0.0,3,271.00387883479357,West Ham United (default stadium),False,0,0.0,0,0,1,0,H
3362,2017-04-09,Everton,Leicester City,Premier League,Premier League,1543.186399881987,1523.2907077476045,5.0,5.0,0.4,2.2,1.4,1.0,2.6,0.8,0.3333333333333333,-0.3333333333333333,3,11692.657159990456,Everton (default stadium),False,0,0.0,0,0,4,2,H
3363,2017-04-09,Sunderland,Manchester United,Premier League,Premier League,1394.9720872826942,1594.793269556001,5.0,5.0,0.0,0.0,1.4,0.4,1.4,0.6,0.3333333333333333,-1.3333333333333333,3,167.6858786175707,Sunderland (default stadium),False,0,0.0,0,0,0,3,A
3364,2017-04-10,Crystal Palace,Arsenal,Premier League,Premier League,1437.81782675211,1580.8318097963563,5.0,5.0,0.8,1.4,0.8,0.4,1.8,1.6,0.0,-1.0,3,15.34028105594792,Crystal Palace (default stadium),False,0,0.0,0,0,3,0,H
3365,2017-04-15,Crystal Palace,Leicester City,Premier League,Premier League,1449.888938326488,1515.8218797201155,5.0,6.0,0.8,1.8,0.8,0.8,2.4,1.4,0.0,-1.3333333333333333,3,152.43481774000773,Crystal Palace (default stadium),False,0,0.0,0,0,2,2,D
3366,2017-04-15,Everton,Burnley,Premier League,Premier League,1550.655227909476,1470.8006855200667,6.0,7.0,0.6,2.6,1.2,0.2,0.4,0.8,0.0,-1.0,1,7457.166496435577,Everton (default stadium),False,0,0.0,0,0,3,1,H
3367,2017-04-15,Southampton,Manchester City,Premier League,Premier League,1520.5251705333228,1601.9949945330327,7.0,7.0,0.6,1.8,1.2,0.2,1.4,1.2,0.3333333333333333,0.0,3,291.8406815664775,Southampton (default stadium),False,0,0.0,0,0,0,3,A
3368,2017-04-15,Stoke,Hull,Premier League,Premier League,1469.2201125239678,1449.6610035636845,7.0,7.0,0.0,0.4,1.4,0.6,1.8,2.2,1.0,2.0,1,213.68623416615006,Stoke (default stadium),False,0,0.0,0,0,3,1,H
3369,2017-04-15,Sunderland,West Ham United,Premier League,Premier League,1388.5439363490286,1476.6349954023278,6.0,7.0,0.0,0.0,1.6,0.2,1.2,2.2,0.0,-0.6666666666666666,3,386.44952491666476,Sunderland (default stadium),False,0,0.0,0,0,2,2,D
3370,2017-04-15,Tottenham Hotspur,Bournemouth,Premier League,Premier League,1649.231850747737,1455.9329877123355,7.0,7.0,1.0,2.8,0.8,0.4,1.6,1.4,0.6666666666666666,2.3333333333333335,3,156.84013393890496,Tottenham Hotspur (default stadium),False,0,0.0,0,0,4,0,H
3371,2017-04-15,Watford,Swansea,Premier League,Premier League,1459.1072500464616,1427.8613388915576,7.0,7.0,0.4,1.2,1.8,0.0,0.4,1.6,0.3333333333333333,0.0,3,243.7745500737881,Watford (default stadium),False,0,0.0,0,0,1,0,H
3372,2017-04-16,Manchester United,Chelsea,Premier League,Premier League,1601.2214204896666,1652.9367544053728,7.0,8.0,0.4,1.6,0.6,0.8,2.0,1.2,0.0,-1.3333333333333333,3,260.84692450845216,Manchester United (default stadium),False,0,0.0,0,0,2,0,H
3373,2017-04-16,West Bromwich Albion,Liverpool,Premier League,Premier League,1489.6212093167935,1603.1244914505548,8.0,8.0,0.2,0.6,1.4,0.6,2.0,1.2,0.0,-0.3333333333333333,3,5397.522050574016,West Bromwich Albion (default stadium),False,0,0.0,0,0,0,1,A
3374,2017-04-17,Middlesbrough,Arsenal,Premier League,Premier League,1421.908609426548,1568.7606982219784,9.0,7.0,0.0,0.6,1.8,0.2,1.4,2.2,0.0,0.0,1,344.23851860366983,Middlesbrough (default stadium),False,0,0.0,0,0,1,2,A
3375,2017-04-22,Bournemouth,Middlesbrough,Premier League,Premier League,1452.3309876035034,1414.0852063332243,7.0,5.0,0.2,1.0,1.8,0.0,0.8,1.8,0.0,-2.0,1,429.3826208366597,Bournemouth (default stadium),False,0,0.0,0,0,4,0,H
3376,2017-04-22,Hull,Watford,Premier League,Premier League,1442.1831063436134,1466.2729372007245,7.0,7.0,0.4,1.6,2.6,0.6,0.8,1.0,0.0,-1.0,1,233.12739957424787,Hull (default stadium),False,0,0.0,0,0,2,0,H
3377,2017-04-22,Swansea,Stoke,Premier League,Premier League,1420.6956517372946,1476.698009744039,7.0,7.0,0.0,0.2,1.4,0.2,1.0,1.6,0.0,-1.0,3,351.8654069044793,Swansea (default stadium),False,0,0.0,0,0,2,0,H
3378,2017-04-22,West Ham United,Everton,Premier League,Premier League,1476.1147629519162,1556.5910223178919,7.0,7.0,0.2,1.2,2.0,0.6,2.6,1.4,0.3333333333333333,-0.3333333333333333,3,11687.188342303432,West Ham United (default stadium),False,0,0.0,0,0,0,0,D
3379,2017-04-23,Burnley,Manchester United,Premier League,Premier League,1464.8648911116509,1610.6956308240406,8.0,7.0,0.2,0.4,1.0,0.6,1.8,0.4,0.0,0.0,1,6363.654979892703,Burnley (default stadium),False,0,0.0,0,0,0,2,A
3380,2017-04-23,Liverpool,Crystal Palace,Premier League,Premier League,1611.8788692384649,1449.7718843165424,7.0,8.0,0.6,1.8,1.0,0.6,1.8,1.2,0.6666666666666666,0.6666666666666666,3,5306.285725112793,Liverpool (default stadium),False,0,0.0,0,0,1,2,A
3381,2017-04-25,Chelsea,Southampton,Premier League,Premier League,1643.4625440709988,1510.8551787280696,9.0,10.0,0.6,1.6,1.4,0.4,1.0,1.2,0.6666666666666666,0.3333333333333333,3,105.31037742874952,Chelsea (default stadium),False,0,0.0,0,0,4,2,H
3382,2017-04-26,Arsenal,Leicester City,Premier League,Premier League,1576.5841013153022,1515.938933730061,9.0,11.0,0.4,1.6,1.8,0.6,2.2,1.6,0.6666666666666666,1.3333333333333333,3,137.93652464122155,Arsenal (default stadium),False,0,0.0,0,0,1,0,H
3383,2017-04-26,Crystal Palace,Tottenham Hotspur,Premier League,Premier League,1465.6088915765408,1652.8338508565691,3.0,11.0,0.6,2.0,1.4,1.0,3.0,0.4,0.0,-1.3333333333333333,3,20.57108758153193,Crystal Palace (default stadium),False,0,0.0,0,0,0,1,A
3384,2017-04-26,Middlesbrough,Sunderland,Premier League,Premier League,1407.1037298572853,1389.0641687994403,4.0,11.0,0.0,0.6,2.0,0.0,0.4,1.6,1.0,1.0,1,38.95502002780137,Middlesbrough (default stadium),False,0,0.0,0,0,1,0,H
3385,2017-04-27,Manchester City,Manchester United,Premier League,Premier League,1611.6649863382859,1618.5470558614504,12.0,4.0,0.4,2.0,1.2,0.6,1.6,0.2,0.3333333333333333,0.0,3,0.0,Manchester City (default stadium),True,0,0.0,0,0,0,0,D
3386,2017-04-29,Crystal Palace,Burnley,Premier League,Premier League,1458.8604390349055,1457.013466074241,3.0,6.0,0.4,1.6,1.4,0.2,0.4,1.4,0.0,-1.0,1,6562.201316773521,Crystal Palace (default stadium),False,0,0.0,0,0,0,2,A
3387,2017-04-29,Southampton,Hull,Premier League,Premier League,1506.1046965053438,1450.8693431100294,4.0,7.0,0.4,1.2,1.6,0.6,2.0,1.8,0.0,-1.0,1,323.3866099649363,Southampton (default stadium),False,0,0.0,0,0,0,0,D
3388,2017-04-29,Stoke,West Ham United,Premier League,Premier League,1467.100676425927,1476.4162025832911,7.0,7.0,0.2,0.8,1.6,0.2,0.8,1.4,0.3333333333333333,0.3333333333333333,3,98.38337997534771,Stoke (default stadium),False,0,0.0,0,0,0,0,D
3389,2017-04-29,Sunderland,Bournemouth,Premier League,Premier League,1381.5452725663326,1459.3124640794424,3.0,7.0,0.0,0.4,1.8,0.2,1.4,1.8,0.3333333333333333,-0.3333333333333333,3,465.6875431438778,Sunderland (default stadium),False,0,0.0,0,0,0,1,A
3390,2017-04-29,West Bromwich Albion,Leicester City,Premier League,Premier League,1480.8668315288835,1509.5314557108188,13.0,3.0,0.2,0.6,1.0,0.4,1.6,1.4,0.3333333333333333,0.0,3,55.00254871843119,West Bromwich Albion (default stadium),False,0,0.0,0,0,0,1,A
3391,2017-04-30,Everton,Chelsea,Premier League,Premier League,1556.289582686517,1648.2130262937246,8.0,5.0,0.4,1.8,1.4,0.6,2.0,1.6,0.3333333333333333,-1.0,3,11673.649510171086,Everton (default stadium),False,0,0.0,0,0,0,3,A
3392,2017-04-30,Manchester United,Swansea,Premier League,Premier League,1620.3440108325237,1430.2929850554065,3.0,8.0,0.6,1.6,0.2,0.2,0.6,1.0,0.6666666666666666,0.6666666666666666,3,235.8161570960022,Manchester United (default stadium),False,0,0.0,0,0,1,1,D
3393,2017-04-30,Middlesbrough,Manchester City,Premier League,Premier League,1414.622626090393,1609.8680313672126,4.0,3.0,0.2,0.8,2.0,0.4,1.8,1.0,0.0,0.0,1,137.67925287438126,Middlesbrough (default stadium),False,0,0.0,0,0,2,2,D
3394,2017-04-30,Tottenham Hotspur,Arsenal,Premier League,Premier League,1659.5823033982044,1582.9915793345444,4.0,4.0,1.0,2.8,0.2,0.6,1.6,1.2,0.0,0.0,3,6.203038582804336,Tottenham Hotspur (default stadium),True,0,0.0,0,0,2,0,H
3395,2017-05-01,Watford,Liverpool,Premier League,Premier League,1457.5867004343086,1596.0418619784664,9.0,8.0,0.6,0.8,1.2,0.6,1.8,1.2,0.3333333333333333,-1.3333333333333333,3,5321.850013915433,Watford (default stadium),False,0,0.0,0,0,0,1,A
3396,2017-05-05,West Ham United,Tottenham Hotspur,Premier League,Premier League,1478.1452943807697,1665.5968194565703,6.0,5.0,0.2,0.6,1.0,1.0,2.8,0.2,0.3333333333333333,-1.0,3,8.221735834635023,West Ham United (default stadium),False,0,0.0,0,0,1,0,H
3397,2017-05-06,Bournemouth,Stoke,Premier League,Premier League,1469.0889435728693,1465.3715846284485,7.0,7.0,0.4,1.6,1.8,0.2,0.8,1.2,0.3333333333333333,-0.6666666666666666,3,253.71102121569086,Bournemouth (default stadium),False,0,0.0,0,0,2,2,D
3398,2017-05-06,Burnley,West Bromwich Albion,Premier League,Premier League,1469.0524069510666,1469.6826855183572,7.0,7.0,0.4,0.8,1.0,0.0,0.0,1.0,0.0,-4.0,1,6404.481396239543,Burnley (default stadium),False,0,0.0,0,0,2,2,D
3399,2017-05-06,Hull,Sunderland,Premier League,Premier League,1454.3255022293354,1371.7687930729057,7.0,7.0,0.4,1.6,1.6,0.0,0.4,1.8,0.0,-3.0,1,145.7708776197944,Hull (default stadium),False,0,0.0,0,0,0,2,A
3400,2017-05-06,Leicester City,Watford,Premier League,Premier League,1520.7156017213451,1449.5318920117934,7.0,5.0,0.4,1.4,1.4,0.4,0.6,1.4,0.6666666666666666,0.3333333333333333,3,119.18970796768599,Leicester City (default stadium),False,0,0.0,0,0,3,0,H
3401,2017-05-06,Manchester City,Crystal Palace,Premier League,Premier League,1606.4116174929961,1446.82149815808,6.0,7.0,0.4,1.8,1.0,0.4,1.4,1.2,1.0,2.0,3,271.155957712397,Manchester City (default stadium),False,0,0.0,0,0,5,0,H
3402,2017-05-06,Swansea,Everton,Premier League,Premier League,1436.6354396752745,1546.9197539538077,6.0,6.0,0.2,0.8,1.2,0.4,1.6,1.4,0.3333333333333333,0.3333333333333333,3,11474.649384341092,Swansea (default stadium),False,0,0.0,0,0,1,0,H
3403,2017-05-07,Arsenal,Manchester United,Premier League,Premier League,1576.9770632761786,1614.0015562126557,7.0,7.0,0.6,1.2,1.2,0.6,1.6,0.2,0.3333333333333333,0.6666666666666666,3,256.9000111017041,Arsenal (default stadium),False,0,0.0,0,0,2,0,H
3404,2017-05-07,Liverpool,Southampton,Premier League,Premier League,1604.0966704009816,1502.6485373860378,6.0,8.0,0.6,1.4,1.0,0.4,1.2,1.6,0.0,-0.3333333333333333,3,5410.461987095733,Liverpool (default stadium),False,0,0.0,0,0,0,0,D
3405,2017-05-08,Chelsea,Middlesbrough,Premier League,Premier League,1657.582855026434,1418.0790399646094,8.0,8.0,0.8,2.4,1.2,0.2,0.8,1.6,1.0,1.0,1,351.0976209582028,Chelsea (default stadium),False,0,0.0,0,0,3,0,H
3406,2017-05-10,Southampton,Arsenal,Premier League,Premier League,1507.2181785995092,1586.0307915615251,3.0,3.0,0.2,0.6,1.4,0.6,1.0,1.2,0.3333333333333333,1.0,3,114.81248103375616,Southampton (default stadium),False,0,0.0,0,0,0,2,A
3407,2017-05-12,Everton,Watford,Premier League,Premier League,1535.7654463302595,1443.3856630818539,6.0,6.0,0.4,1.4,1.4,0.2,0.2,2.0,0.0,-0.3333333333333333,3,11672.34169380457,Everton (default stadium),False,0,0.0,0,0,1,0,H
3408,2017-05-12,West Bromwich Albion,Chelsea,Premier League,Premier League,1471.6531912177072,1660.4648522314542,6.0,4.0,0.0,0.4,1.4,0.8,2.6,1.0,0.0,-0.6666666666666666,3,170.0193819377569,West Bromwich Albion (default stadium),False,0,0.0,0,0,0,1,A
3409,2017-05-13,Bournemouth,Burnley,Premier League,Premier League,1466.9984637608438,1467.0819012517165,7.0,7.0,0.4,1.6,1.8,0.2,1.0,1.4,0.0,-1.0,1,6464.032279474406,Bournemouth (default stadium),False,0,0.0,0,0,2,1,H
3410,2017-05-13,Manchester City,Leicester City,Premier League,Premier League,1610.622572215739,1526.8618306512847,7.0,7.0,0.6,2.6,0.6,0.4,1.6,1.4,0.0,-1.3333333333333333,3,119.18446031803153,Manchester City (default stadium),False,0,0.0,0,0,2,1,H
3411,2017-05-13,Middlesbrough,Southampton,Premier League,Premier League,1415.197042759589,1497.47177160759,5.0,3.0,0.2,0.8,2.2,0.0,0.4,1.8,0.0,-1.0,1,408.5255480080426,Middlesbrough (default stadium),False,0,0.0,0,0,1,2,A
3412,2017-05-13,Stoke,Arsenal,Premier League,Premier League,1467.462064440474,1595.7771985534444,7.0,3.0,0.2,1.2,1.4,0.8,1.4,0.6,0.0,-1.3333333333333333,3,102.57433411648985,Stoke (default stadium),False,0,0.0,0,0,1,4,A
3413,2017-05-13,Sunderland,Swansea,Premier League,Premier League,1385.8977207604119,1447.7897472988227,7.0,7.0,0.2,0.8,1.4,0.4,0.8,0.6,0.3333333333333333,-0.3333333333333333,3,401.1863520715426,Sunderland (default stadium),False,0,0.0,0,0,0,2,A
3414,2017-05-14,Crystal Palace,Hull,Premier League,Premier League,1442.6105434353371,1440.1965745418292,8.0,8.0,0.2,0.8,2.2,0.2,0.8,1.6,0.0,0.0,1,259.5443742875743,Crystal Palace (default stadium),False,0,0.0,0,0,4,0,H
3415,2017-05-14,Tottenham Hotspur,Manchester United,Premier League,Premier League,1652.3394415934674,1604.9478279273092,9.0,7.0,0.8,2.2,0.2,0.4,1.0,0.6,0.3333333333333333,0.3333333333333333,3,253.91120185713115,Tottenham Hotspur (default stadium),False,0,0.0,0,0,2,1,H
3416,2017-05-14,West Ham United,Liverpool,Premier League,Premier League,1491.4026722438725,1599.5270291875102,9.0,7.0,0.4,0.8,0.4,0.6,1.0,0.6,0.6666666666666666,1.6666666666666667,3,5299.298724106387,West Ham United (default stadium),False,0,0.0,0,0,0,4,A
3417,2017-05-15,Chelsea,Watford,Premier League,Premier League,1667.1725250425875,1437.7463541985219,3.0,3.0,0.8,2.2,0.8,0.2,0.2,1.4,0.3333333333333333,0.3333333333333333,3,23.690230405937225,Chelsea (default stadium),False,0,0.0,0,0,4,3,H
3418,2017-05-16,Arsenal,Sunderland,Premier League,Premier League,1604.114340039701,1375.6643968794422,3.0,3.0,0.8,1.8,0.6,0.2,0.8,1.2,0.6666666666666666,1.6666666666666667,3,383.12980296580747,Arsenal (default stadium),False,0,0.0,0,0,2,0,H
3419,2017-05-16,Manchester City,West Bromwich Albion,Premier League,Premier League,1616.4649388509554,1464.945518406574,3.0,4.0,0.6,2.4,0.6,0.0,0.4,1.2,1.0,2.6666666666666665,3,103.87357381667516,Manchester City (default stadium),False,0,0.0,0,0,3,1,H
3420,2017-05-17,Southampton,Manchester United,Premier League,Premier League,1507.1186234296945,1598.2036642813316,4.0,3.0,0.2,0.8,1.4,0.2,0.8,1.0,0.3333333333333333,-0.6666666666666666,3,291.8406815664775,Southampton (default stadium),False,0,0.0,0,0,0,0,D
3421,2017-05-18,Leicester City,Tottenham Hotspur,Premier League,Premier League,1521.0194640160682,1659.083605239445,5.0,4.0,0.4,1.4,1.0,0.8,1.8,0.4,0.3333333333333333,0.3333333333333333,3,134.78780460437943,Leicester City (default stadium),False,0,0.0,0,0,1,6,A
3422,2017-05-21,Arsenal,Everton,Premier League,Premier League,1607.1568779419167,1541.4047552135914,5.0,9.0,0.8,2.0,0.6,0.4,0.8,1.0,0.6666666666666666,0.6666666666666666,3,11682.978134396302,Arsenal (default stadium),False,0,0.0,0,0,3,1,H
3423,2017-05-21,Burnley,West Ham United,Premier League,Premier League,1459.0675304573583,1482.4955963891587,8.0,7.0,0.2,1.2,1.8,0.2,0.6,1.2,0.0,-1.0,1,6562.099962977977,Burnley (default stadium),False,0,0.0,0,0,1,2,A
3424,2017-05-21,Chelsea,Sunderland,Premier League,Premier League,1670.2005944166804,1372.6218589772263,6.0,5.0,1.0,3.0,1.0,0.2,0.4,1.2,0.6666666666666666,0.6666666666666666,3,389.93734890187324,Chelsea (default stadium),False,0,0.0,0,0,5,1,H
3425,2017-05-21,Hull,Tottenham Hotspur,Premier League,Premier League,1432.2511512114284,1667.149244654768,7.0,3.0,0.2,0.6,1.8,0.8,2.2,0.6,0.0,-3.0,1,239.05273846665017,Hull (default stadium),False,0,0.0,0,0,1,7,A
3426,2017-05-21,Leicester City,Bournemouth,Premier League,Premier League,1512.9538246007453,1475.012834555202,3.0,8.0,0.4,1.2,1.8,0.6,1.8,1.4,0.0,-0.3333333333333333,3,215.0463353224413,Leicester City (default stadium),False,0,0.0,0,0,1,1,D
3427,2017-05-21,Liverpool,Middlesbrough,Premier League,Premier League,1608.434105042224,1405.5501909374846,7.0,8.0,0.6,1.4,0.4,0.2,0.8,2.2,1.0,3.0,1,5295.771251358291,Liverpool (default stadium),False,0,0.0,0,0,3,0,H
3428,2017-05-21,Manchester United,Crystal Palace,Premier League,Premier League,1597.5975319653153,1450.555966765738,4.0,7.0,0.0,0.4,1.0,0.4,1.2,1.8,0.6666666666666666,1.0,3,271.155957712397,Manchester United (default stadium),False,0,0.0,0,0,2,0,H
3429,2017-05-21,Southampton,Stoke,Premier League,Premier League,1507.7247557457108,1459.1249229542175,4.0,8.0,0.2,0.4,0.6,0.2,1.2,1.8,0.3333333333333333,0.0,3,217.169880891397,Southampton (default stadium),False,0,0.0,0,0,0,1,A
3430,2017-05-21,Swansea,West Bromwich Albion,Premier League,Premier League,1458.0230711797924,1460.5780422033374,8.0,5.0,0.6,1.2,0.4,0.0,0.6,1.6,0.3333333333333333,-0.3333333333333333,3,169.67031549263714,Swansea (default stadium),False,0,0.0,0,0,2,1,H
3431,2017-05-21,Watford,Manchester City,Premier League,Premier League,1434.718284824429,1620.8324150541919,6.0,5.0,0.0,0.6,2.2,0.6,2.4,0.8,0.0,-1.6666666666666667,3,237.3590819226217,Watford (default stadium),False,0,0.0,0,0,0,5,A
2672,2017-08-11,Arsenal,Leicester City,Premier League,Premier League,1585.0777638105576,1507.4574573520617,82.0,82.0,1.0,2.6,0.4,0.4,1.4,1.8,0.75,1.25,4,137.93652464122155,Arsenal (default stadium),False,0,0.0,0,0,4,3,H
2673,2017-08-12,Brighton,Manchester City,Premier League,Premier League,1500.0,1595.7071168998152,,83.0,0.5,0.0,0.0,0.8,3.4,0.8,0.5,0.0,0,325.25795184878103,Brighton (default stadium),False,0,0.0,0,0,0,2,A
2674,2017-08-12,Chelsea,Burnley,Premier League,Premier League,1629.2637841316887,1460.8012901639686,83.0,83.0,1.0,3.2,0.8,0.2,1.2,1.6,0.5,1.5,2,6552.140911877313,Chelsea (default stadium),False,0,0.0,0,0,2,3,A
2675,2017-08-12,Crystal Palace,Huddersfield,Premier League,Premier League,1459.5748931827407,1500.0,83.0,,0.2,0.8,2.0,0.5,0.0,0.0,0.5,0.0,0,273.8144211307599,Crystal Palace (default stadium),False,0,0.0,0,0,0,3,A
2676,2017-08-12,Everton,Stoke,Premier League,Premier League,1526.3434610560735,1479.3088597614071,83.0,83.0,0.2,0.4,1.4,0.2,0.8,1.6,0.5,0.75,4,11785.527014866359,Everton (default stadium),False,0,0.0,0,0,1,0,H
2677,2017-08-12,Southampton,Swansea,Premier League,Premier League,1495.8283992635393,1474.579401910228,83.0,83.0,0.2,0.4,0.8,0.8,1.6,0.4,0.75,0.75,4,194.99590699752744,Southampton (default stadium),False,0,0.0,0,0,0,0,D
2678,2017-08-12,Watford,Liverpool,Premier League,Premier League,1445.9559080091503,1583.907015924573,83.0,83.0,0.0,0.6,2.8,0.6,1.8,0.4,0.25,-1.25,4,5321.850013915433,Watford (default stadium),False,0,0.0,0,0,3,3,D
2679,2017-08-12,West Bromwich Albion,Bournemouth,Premier League,Premier League,1464.3714331271194,1483.5175370148988,83.0,83.0,0.0,0.8,1.8,0.6,2.0,0.8,0.25,-0.25,4,203.18642139610964,West Bromwich Albion (default stadium),False,0,0.0,0,0,1,0,H
2680,2017-08-13,Manchester United,West Ham United,Premier League,Premier League,1576.5402308655493,1495.3710549709192,84.0,84.0,0.2,0.8,1.0,0.4,0.6,1.0,0.25,0.25,4,262.0495522571908,Manchester United (default stadium),False,0,0.0,0,0,4,0,H
2681,2017-08-13,Newcastle United,Tottenham Hotspur,Premier League,Premier League,1460.7261595681412,1629.547529830543,455.0,84.0,0.4,1.8,0.8,0.8,3.4,0.8,1.0,2.5,2,388.1243553495561,Newcastle United (default stadium),False,0,0.0,0,0,0,2,A
2682,2017-08-19,Bournemouth,Watford,Premier League,Premier League,1474.9708659075905,1447.887136769354,7.0,7.0,0.4,1.2,1.0,0.0,1.2,3.2,0.0,0.0,4,142.71746668291058,Bournemouth (default stadium),False,0,0.0,0,0,0,2,A
2683,2017-08-19,Burnley,West Bromwich Albion,Premier League,Premier League,1476.7576122257108,1472.9181042344278,7.0,7.0,0.4,1.8,1.6,0.2,1.0,1.6,0.0,-2.0,2,6404.481396239543,Burnley (default stadium),False,0,0.0,0,0,0,1,A
2684,2017-08-19,Leicester City,Brighton,Premier League,Premier League,1501.4678385280388,1490.7385629967723,8.0,7.0,0.2,1.8,2.6,0.0,0.0,2.0,0.5,0.0,0,208.7110806263465,Leicester City (default stadium),False,0,0.0,0,0,2,0,H
2685,2017-08-19,Liverpool,Crystal Palace,Premier League,Premier League,1581.9757871643694,1448.725709399776,7.0,7.0,0.6,2.2,0.6,0.2,0.8,2.4,0.5,0.25,4,5306.285725112793,Liverpool (default stadium),False,0,0.0,0,0,1,0,H
2686,2017-08-19,Southampton,West Ham United,Premier League,Premier League,1493.2608076681902,1489.4668000789804,7.0,6.0,0.2,0.4,0.8,0.4,0.6,1.8,0.5,0.25,4,118.78899564721851,Southampton (default stadium),False,0,0.0,0,0,3,2,H
2687,2017-08-19,Stoke,Arsenal,Premier League,Premier League,1472.5555066685936,1591.0673826345806,7.0,8.0,0.2,0.8,1.4,1.0,3.0,1.0,0.0,-1.75,4,102.57433411648985,Stoke (default stadium),False,0,0.0,0,0,1,0,H
2688,2017-08-19,Swansea,Manchester United,Premier League,Premier League,1477.146993505577,1582.444485757488,7.0,6.0,0.6,1.2,0.4,0.4,1.4,0.8,0.25,-0.5,4,235.8161570960022,Swansea (default stadium),False,0,0.0,0,0,0,4,A
2689,2017-08-20,Huddersfield,Newcastle United,Premier League,Premier League,1510.8491837829647,1453.4961683448216,8.0,7.0,1.0,3.0,0.0,0.4,1.6,1.0,0.5,0.0,0,147.76004493466408,Huddersfield (default stadium),False,0,0.0,0,0,1,0,H
2690,2017-08-20,Tottenham Hotspur,Chelsea,Premier League,Premier League,1636.7775210538625,1613.3074620699465,7.0,8.0,0.8,3.4,0.8,0.8,3.0,1.4,0.25,0.25,4,16.124829392275434,Tottenham Hotspur (default stadium),True,0,0.0,0,0,1,2,A
2691,2017-08-21,Manchester City,Everton,Premier League,Premier League,1604.968553903043,1533.096814148887,9.0,9.0,1.0,3.4,0.4,0.4,0.6,1.4,0.25,-0.5,4,11690.468746176242,Manchester City (default stadium),False,0,0.0,0,0,1,1,D
2692,2017-08-26,Bournemouth,Manchester City,Premier League,Premier League,1462.247096638983,1601.0979336842279,7.0,5.0,0.2,1.0,1.4,0.8,2.6,0.6,0.0,-3.5,4,306.55795629981236,Bournemouth (default stadium),False,0,0.0,0,0,1,2,A
2693,2017-08-26,Crystal Palace,Swansea,Premier League,Premier League,1443.9886151298178,1468.1594560459755,7.0,7.0,0.2,0.8,2.2,0.6,1.0,1.0,0.0,-0.5,4,268.54218681775865,Crystal Palace (default stadium),False,0,0.0,0,0,0,2,A
2694,2017-08-26,Huddersfield,Southampton,Premier League,Premier League,1517.339467579795,1501.1682182381676,6.0,7.0,1.0,2.0,0.0,0.4,1.0,0.8,0.5,0.0,0,306.69331634321105,Huddersfield (default stadium),False,0,0.0,0,0,0,0,D
2695,2017-08-26,Manchester United,Leicester City,Premier League,Premier League,1591.4320232170896,1509.1851960666875,7.0,7.0,0.6,2.2,0.4,0.2,1.6,2.6,0.5,1.5,4,119.18446031803153,Manchester United (default stadium),False,0,0.0,0,0,2,0,H
2696,2017-08-26,Newcastle United,West Ham United,Premier League,Premier League,1447.0058845479914,1481.559389509003,6.0,7.0,0.4,1.2,0.8,0.4,1.0,2.4,0.5,-0.5,2,396.1921830254467,Newcastle United (default stadium),False,0,0.0,0,0,3,0,H
2697,2017-08-26,Watford,Brighton,Premier League,Premier League,1460.6109060379613,1483.0212054581236,7.0,7.0,0.2,1.6,2.6,0.0,0.0,2.0,0.5,0.0,0,90.38973636945235,Watford (default stadium),False,0,0.0,0,0,0,0,D
2698,2017-08-27,Chelsea,Everton,Premier League,Premier League,1625.934667871696,1536.967434367702,7.0,6.0,0.8,2.8,1.6,0.4,0.8,1.0,0.5,1.5,4,11673.649510171086,Chelsea (default stadium),False,0,0.0,0,0,2,0,H
2699,2017-08-27,Liverpool,Arsenal,Premier League,Premier League,1586.7128814343275,1579.6801024217987,8.0,8.0,0.6,2.2,0.6,0.8,2.6,1.2,0.5,0.75,4,5305.0330774456925,Liverpool (default stadium),False,0,0.0,0,0,4,0,H
2700,2017-08-27,Tottenham Hotspur,Burnley,Premier League,Premier League,1624.150315252113,1464.6637705699418,7.0,8.0,0.8,3.6,1.0,0.2,1.4,1.8,1.0,1.5,2,6556.63679428139,Tottenham Hotspur (default stadium),False,0,0.0,0,0,1,1,D
2701,2017-08-27,West Bromwich Albion,Stoke,Premier League,Premier League,1485.0119458901968,1483.9427868813755,8.0,8.0,0.4,0.8,1.2,0.4,1.0,1.4,0.75,0.75,4,217.8619630192631,West Bromwich Albion (default stadium),False,0,0.0,0,0,1,1,D
2702,2017-09-09,Arsenal,Bournemouth,Premier League,Premier League,1571.8616530635932,1454.2032433282293,13.0,14.0,0.6,1.8,1.8,0.2,0.8,1.4,0.75,1.5,4,151.22456097479042,Arsenal (default stadium),False,0,0.0,0,0,3,0,H
2703,2017-09-09,Brighton,West Bromwich Albion,Premier League,Premier League,1484.3824446217639,1482.9944713591403,14.0,13.0,0.0,0.0,1.3333333333333333,0.4,1.0,1.2,0.5,0.0,0,228.59434467262278,Brighton (default stadium),False,0,0.0,0,0,3,1,H
2704,2017-09-09,Everton,Tottenham Hotspur,Premier League,Premier League,1531.24824218018,1618.3632523715871,13.0,13.0,0.4,0.8,1.2,0.6,3.4,1.0,0.0,-0.25,4,11688.48360204595,Everton (default stadium),False,0,0.0,0,0,0,3,A
2705,2017-09-09,Leicester City,Chelsea,Premier League,Premier League,1503.3067224450995,1631.6538600592182,14.0,13.0,0.2,1.4,2.6,0.8,3.0,1.6,0.25,-1.25,4,142.36087796503557,Leicester City (default stadium),False,0,0.0,0,0,1,2,A
2706,2017-09-09,Manchester City,Liverpool,Premier League,Premier League,1609.1417869949817,1594.531330792533,14.0,13.0,0.8,2.6,0.6,0.8,3.0,0.6,0.0,-1.75,4,5387.234837982907,Manchester City (default stadium),False,0,0.0,0,0,5,0,H
2707,2017-09-09,Southampton,Watford,Premier League,Premier League,1503.5987910212582,1459.249666874321,14.0,14.0,0.2,0.6,0.6,0.2,1.6,2.4,0.5,0.75,4,107.60666567502645,Southampton (default stadium),False,0,0.0,0,0,0,2,A
2708,2017-09-09,Stoke,Manchester United,Premier League,Premier League,1485.960261412432,1597.3104968386776,13.0,14.0,0.4,0.8,1.2,0.8,2.4,0.0,0.25,-0.25,4,275.4298868384115,Stoke (default stadium),False,0,0.0,0,0,2,2,D
2709,2017-09-10,Burnley,Crystal Palace,Premier League,Premier League,1470.4508334504676,1432.6771433795268,14.0,15.0,0.2,1.2,1.6,0.2,0.8,1.6,1.0,1.5,2,6562.201316773521,Burnley (default stadium),False,0,0.0,0,0,1,0,H
2710,2017-09-10,Swansea,Newcastle United,Premier League,Premier League,1479.4709277962666,1455.9891775092576,15.0,15.0,0.6,1.2,1.0,0.4,1.6,0.8,0.5,-0.5,2,402.81584675050533,Swansea (default stadium),False,0,0.0,0,0,0,1,A
2711,2017-09-11,West Ham United,Huddersfield,Premier League,Premier League,1472.5760965477368,1514.9088947967043,16.0,16.0,0.2,0.8,3.0,0.6666666666666666,1.3333333333333333,0.0,0.5,0.0,0,263.4811228877531,West Ham United (default stadium),False,0,0.0,0,0,2,0,H
2712,2017-09-15,Bournemouth,Brighton,Premier League,Premier League,1449.1340640014068,1492.356169001145,6.0,6.0,0.0,0.4,1.8,0.25,0.75,1.25,0.5,0.0,0,124.11226270743967,Bournemouth (default stadium),False,0,0.0,0,0,2,1,H
2713,2017-09-16,Crystal Palace,Southampton,Premier League,Premier League,1425.6833120240933,1490.4214635673554,6.0,7.0,0.0,0.0,1.8,0.2,0.6,1.0,0.5,-0.25,4,108.42688407911376,Crystal Palace (default stadium),False,0,0.0,0,0,0,1,A
2714,2017-09-16,Huddersfield,Leicester City,Premier League,Premier League,1505.7035418730063,1494.9704766096459,5.0,7.0,0.5,1.0,0.5,0.2,1.4,1.8,0.5,0.0,0,122.31665013640415,Huddersfield (default stadium),False,0,0.0,0,0,1,1,D
2715,2017-09-16,Liverpool,Burnley,Premier League,Premier League,1586.9195883418686,1477.444664805901,7.0,6.0,0.6,2.2,1.6,0.4,1.2,1.2,0.5,-0.5,2,11263.441847487935,Liverpool (default stadium),False,0,0.0,0,0,1,1,D
2716,2017-09-16,Newcastle United,Stoke,Premier League,Premier League,1468.6166965848627,1487.1448291175943,6.0,7.0,0.6,1.8,0.8,0.4,1.0,0.8,0.0,-0.5,2,371.0835169844392,Newcastle United (default stadium),False,0,0.0,0,0,2,1,H
2717,2017-09-16,Tottenham Hotspur,Swansea,Premier League,Premier League,1627.8710408559227,1466.8434087206615,7.0,6.0,0.6,2.8,0.8,0.4,0.8,1.2,0.75,2.0,4,267.05513719576624,Tottenham Hotspur (default stadium),False,0,0.0,0,0,0,0,D
2718,2017-09-16,Watford,Manchester City,Premier League,Premier League,1472.4269943282238,1616.753529445646,7.0,7.0,0.4,1.4,1.6,0.8,3.0,0.4,0.0,-2.5,4,237.3590819226217,Watford (default stadium),False,0,0.0,0,0,0,6,A
2719,2017-09-16,West Bromwich Albion,West Ham United,Premier League,Premier League,1475.0207469797592,1481.7814494714348,7.0,5.0,0.4,1.0,1.2,0.4,1.2,2.2,0.25,-0.25,4,174.57015283848514,West Bromwich Albion (default stadium),False,0,0.0,0,0,0,0,D
2720,2017-09-17,Chelsea,Arsenal,Premier League,Premier League,1639.9901058946718,1576.9308323904156,8.0,8.0,0.8,2.6,1.2,0.6,2.0,1.8,0.75,0.5,4,9.950774202617763,Chelsea (default stadium),False,0,0.0,0,0,0,0,D
2721,2017-09-17,Manchester United,Everton,Premier League,Premier League,1596.1259291335152,1521.7404536958443,8.0,8.0,0.8,2.8,0.4,0.2,0.6,1.8,0.5,1.0,4,11690.468746176242,Manchester United (default stadium),False,0,0.0,0,0,4,0,H
2722,2017-09-23,Burnley,Huddersfield,Premier League,Premier League,1482.1951514960015,1503.420796018078,7.0,7.0,0.4,1.2,1.0,0.4,1.0,0.6,0.5,0.0,0,6386.914244918695,Burnley (default stadium),False,0,0.0,0,0,0,0,D
2723,2017-09-23,Everton,Bournemouth,Premier League,Premier League,1515.6724127679365,1458.3648567184007,6.0,8.0,0.2,0.4,2.0,0.2,0.6,1.8,0.5,0.75,4,11531.827627873134,Everton (default stadium),False,0,0.0,0,0,2,1,H
2724,2017-09-23,Leicester City,Liverpool,Premier League,Premier League,1497.2532224645743,1582.1691016517682,7.0,7.0,0.2,1.4,1.8,0.4,1.8,1.8,0.5,0.0,4,5343.065862682322,Leicester City (default stadium),False,0,0.0,0,0,2,3,A
2725,2017-09-23,Manchester City,Crystal Palace,Premier League,Premier League,1624.646288527124,1415.5318754292998,7.0,7.0,0.8,3.2,0.4,0.0,0.0,1.6,1.0,2.75,4,271.155957712397,Manchester City (default stadium),False,0,0.0,0,0,5,0,H
2726,2017-09-23,Southampton,Manchester United,Premier League,Premier League,1500.572900162149,1602.193970061423,7.0,6.0,0.4,0.8,0.8,0.8,3.2,0.4,0.25,-0.5,4,291.8406815664775,Southampton (default stadium),False,0,0.0,0,0,0,1,A
2727,2017-09-23,Stoke,Chelsea,Premier League,Premier League,1478.615564454491,1636.3372197097087,7.0,6.0,0.2,1.0,1.2,0.6,1.6,1.0,0.25,-0.5,4,111.88362495735197,Stoke (default stadium),False,0,0.0,0,0,0,4,A
2728,2017-09-23,Swansea,Watford,Premier League,Premier League,1472.6598970498464,1464.534235246746,7.0,7.0,0.2,0.4,1.0,0.4,1.4,1.8,0.25,-0.25,4,243.7745500737881,Swansea (default stadium),False,0,0.0,0,0,1,2,A
2729,2017-09-23,West Ham United,Tottenham Hotspur,Premier League,Premier League,1483.581784656308,1622.0545525267378,7.0,7.0,0.2,0.8,2.0,0.4,1.4,0.6,0.5,-0.5,4,8.221735834635023,West Ham United (default stadium),False,0,0.0,0,0,2,3,A
2730,2017-09-24,Brighton,Newcastle United,Premier League,Premier League,1483.1253762841511,1477.145961247966,9.0,8.0,0.2,0.8,1.4,0.6,1.2,0.8,0.5,0.0,0,468.342499245935,Brighton (default stadium),False,0,0.0,0,0,1,0,H
2731,2017-09-25,Arsenal,West Bromwich Albion,Premier League,Premier League,1580.5837185753787,1473.220411794886,8.0,9.0,0.4,1.4,1.6,0.4,0.8,0.8,0.5,0.0,4,168.46827367374928,Arsenal (default stadium),False,0,0.0,0,0,2,0,H
2732,2017-09-30,Bournemouth,Leicester City,Premier League,Premier League,1451.8734256158812,1487.6822724161527,7.0,7.0,0.2,0.8,2.0,0.2,1.2,1.6,0.25,0.25,4,215.0463353224413,Bournemouth (default stadium),False,0,0.0,0,0,0,0,D
2733,2017-09-30,Chelsea,Manchester City,Premier League,Premier League,1643.8647046881676,1627.987201508455,7.0,7.0,0.8,2.0,0.4,0.8,3.8,0.4,0.5,-0.75,4,260.84692450845216,Chelsea (default stadium),False,0,0.0,0,0,0,1,A
2734,2017-09-30,Huddersfield,Tottenham Hotspur,Premier League,Premier League,1504.8154848256213,1630.1088733775405,7.0,7.0,0.2,0.4,0.6,0.4,1.6,1.0,0.5,0.0,0,255.25978769220998,Huddersfield (default stadium),False,0,0.0,0,0,0,4,A
2735,2017-09-30,Manchester United,Crystal Palace,Premier League,Premier League,1611.2863471705427,1412.1909624479688,7.0,7.0,0.8,2.6,0.4,0.0,0.0,2.0,0.75,1.25,4,271.155957712397,Manchester United (default stadium),False,0,0.0,0,0,4,0,H
2736,2017-09-30,Stoke,Southampton,Premier League,Premier League,1471.0880794760321,1491.4805230530292,7.0,7.0,0.2,1.0,1.8,0.4,0.8,1.0,0.5,0.25,4,217.169880891397,Stoke (default stadium),False,0,0.0,0,0,2,1,H
2737,2017-09-30,West Bromwich Albion,Watford,Premier League,Premier League,1467.9237012513622,1476.74572391307,5.0,7.0,0.2,0.6,1.2,0.6,1.2,1.4,0.25,-0.25,4,146.51145046000096,West Bromwich Albion (default stadium),False,0,0.0,0,0,2,2,D
2738,2017-09-30,West Ham United,Swansea,Premier League,Premier League,1475.5274638055052,1460.4484083835225,7.0,7.0,0.2,1.2,1.8,0.2,0.6,1.4,0.5,0.25,4,271.00387883479357,West Ham United (default stadium),False,0,0.0,0,0,1,0,H
2739,2017-10-01,Arsenal,Brighton,Premier League,Premier League,1585.8804291189026,1490.9727200220568,6.0,7.0,0.4,1.0,1.0,0.4,1.0,1.0,0.5,0.0,0,77.11653294203013,Arsenal (default stadium),False,0,0.0,0,0,2,0,H
2740,2017-10-01,Everton,Burnley,Premier League,Premier League,1522.163843870456,1480.800462688458,8.0,8.0,0.2,0.6,2.2,0.2,0.6,0.6,0.5,0.5,2,7457.166496435577,Everton (default stadium),False,0,0.0,0,0,0,1,A
2741,2017-10-01,Newcastle United,Liverpool,Premier League,Premier League,1469.2986175100602,1591.7400517001897,7.0,8.0,0.6,1.2,0.6,0.6,1.8,1.6,0.5,1.0,2,5307.58997068219,Newcastle United (default stadium),False,0,0.0,0,0,1,1,D
2742,2017-10-14,Burnley,West Ham United,Premier League,Premier League,1493.900319577489,1483.126492278603,13.0,14.0,0.4,0.8,0.4,0.4,1.0,1.2,0.0,-1.0,2,6562.099962977977,Burnley (default stadium),False,0,0.0,0,0,1,1,D
2743,2017-10-14,Crystal Palace,Chelsea,Premier League,Premier League,1408.6864560721529,1631.442088755844,14.0,14.0,0.0,0.0,2.6,0.6,1.6,0.4,0.5,-0.5,4,10.944971454605678,Crystal Palace (default stadium),False,0,0.0,0,0,2,1,H
2744,2017-10-14,Liverpool,Manchester United,Premier League,Premier League,1590.242024894094,1614.7908535463587,13.0,14.0,0.4,1.8,1.8,0.8,2.6,0.4,0.0,-0.75,4,5387.234837982907,Liverpool (default stadium),True,0,0.0,0,0,0,0,D
2745,2017-10-14,Manchester City,Stoke,Premier League,Premier League,1640.4098174407786,1479.669883601777,14.0,14.0,1.0,3.8,0.2,0.2,1.2,2.0,0.5,1.25,4,275.4298868384115,Manchester City (default stadium),False,0,0.0,0,0,7,2,H
2746,2017-10-14,Swansea,Huddersfield,Premier League,Premier League,1452.8493799104247,1496.393655051308,14.0,14.0,0.2,0.6,0.8,0.0,0.2,1.4,0.5,0.0,0,267.1615484561505,Swansea (default stadium),False,0,0.0,0,0,2,0,H
2747,2017-10-14,Tottenham Hotspur,Bournemouth,Premier League,Premier League,1638.5307031518537,1450.892489714355,14.0,14.0,0.6,2.2,0.6,0.2,0.8,1.6,0.75,2.75,4,156.84013393890496,Tottenham Hotspur (default stadium),False,0,0.0,0,0,1,0,H
2748,2017-10-14,Watford,Arsenal,Premier League,Premier League,1478.488591819789,1591.4610015297976,14.0,13.0,0.4,1.2,1.8,0.6,1.4,0.8,0.25,-2.0,4,22.816875346141348,Watford (default stadium),False,0,0.0,0,0,2,1,H
2749,2017-10-15,Brighton,Everton,Premier League,Premier League,1485.3921476111618,1509.0639869814252,14.0,14.0,0.4,1.0,1.0,0.2,0.4,2.2,0.5,0.0,0,11640.55138593053,Brighton (default stadium),False,0,0.0,0,0,1,1,D
2750,2017-10-15,Southampton,Newcastle United,Premier League,Premier League,1482.8987189272843,1470.796644316156,15.0,14.0,0.2,0.4,1.0,0.6,1.4,0.6,0.5,1.0,2,452.9404186033056,Southampton (default stadium),False,0,0.0,0,0,2,2,D
2751,2017-10-16,Leicester City,West Bromwich Albion,Premier League,Premier League,1488.663208317679,1466.1808333446431,16.0,16.0,0.0,0.8,1.6,0.0,0.8,1.6,0.5,0.25,4,55.00254871843119,Leicester City (default stadium),False,0,0.0,0,0,1,1,D
2752,2017-10-20,West Ham United,Brighton,Premier League,Premier League,1485.410350193482,1484.0665631374186,6.0,5.0,0.4,1.2,0.8,0.4,1.2,1.2,0.5,0.0,0,75.30394037947526,West Ham United (default stadium),False,0,0.0,0,0,0,3,A
2753,2017-10-21,Chelsea,Watford,Premier League,Premier League,1617.3084127942277,1489.7191685199205,7.0,7.0,0.4,1.4,0.8,0.6,1.6,2.0,0.5,0.5,4,23.690230405937225,Chelsea (default stadium),False,0,0.0,0,0,4,2,H
2754,2017-10-21,Huddersfield,Manchester United,Premier League,Premier League,1487.1536437426669,1616.0916315339705,7.0,7.0,0.0,0.2,1.8,0.6,2.2,0.4,0.5,0.0,0,34.30790636336862,Huddersfield (default stadium),False,0,0.0,0,0,2,1,H
2755,2017-10-21,Manchester City,Burnley,Premier League,Premier League,1644.5988109113487,1491.6164616626102,7.0,7.0,1.0,4.8,0.4,0.4,0.8,0.4,1.0,1.0,2,6363.654979892703,Manchester City (default stadium),False,0,0.0,0,0,3,0,H
2756,2017-10-21,Newcastle United,Crystal Palace,Premier League,Premier League,1473.1167063937837,1422.8201320337691,6.0,7.0,0.4,1.2,1.0,0.2,0.4,2.4,0.5,-1.5,2,408.04977898274933,Newcastle United (default stadium),False,0,0.0,0,0,1,0,H
2757,2017-10-21,Southampton,West Bromwich Albion,Premier League,Premier League,1480.5786568496567,1468.7815537546082,6.0,5.0,0.2,0.8,1.4,0.0,0.8,1.6,0.5,0.75,4,188.05243986432515,Southampton (default stadium),False,0,0.0,0,0,1,0,H
2758,2017-10-21,Stoke,Bournemouth,Premier League,Premier League,1475.480890131207,1447.1932510251972,7.0,7.0,0.2,1.4,3.2,0.2,0.6,1.4,0.5,0.5,4,253.71102121569086,Stoke (default stadium),False,0,0.0,0,0,1,2,A
2759,2017-10-21,Swansea,Leicester City,Premier League,Premier League,1462.0893912190659,1486.0624879077138,7.0,5.0,0.2,0.6,0.8,0.0,1.0,1.4,0.25,-1.5,4,219.3978201651642,Swansea (default stadium),False,0,0.0,0,0,1,2,A
2760,2017-10-22,Everton,Arsenal,Premier League,Premier League,1510.3895714551684,1580.2304248296662,7.0,8.0,0.2,0.6,2.0,0.6,1.6,0.4,0.25,-1.0,4,11682.978134396302,Everton (default stadium),False,0,0.0,0,0,2,5,A
2761,2017-10-22,Tottenham Hotspur,Liverpool,Premier League,Premier League,1642.2299418410114,1588.941246906482,8.0,8.0,0.8,2.2,0.4,0.2,1.0,1.8,0.0,-0.5,4,5300.810896107908,Tottenham Hotspur (default stadium),False,0,0.0,0,0,4,1,H
2762,2017-10-28,Arsenal,Swansea,Premier League,Premier League,1590.2350054374392,1450.772326242536,6.0,7.0,0.6,2.0,0.8,0.2,0.8,1.0,0.75,1.75,4,264.43650443285355,Arsenal (default stadium),False,0,0.0,0,0,2,1,H
2763,2017-10-28,Bournemouth,Chelsea,Premier League,Premier League,1459.9490704772268,1622.164318073139,7.0,7.0,0.4,1.0,1.0,0.4,1.8,1.0,0.25,-1.75,4,141.82746970047285,Bournemouth (default stadium),False,0,0.0,0,0,0,1,A
2764,2017-10-28,Crystal Palace,West Ham United,Premier League,Premier League,1416.150512002777,1473.3852941688376,7.0,8.0,0.2,0.4,2.4,0.2,0.8,1.4,0.0,-1.5,4,13.663891147783643,Crystal Palace (default stadium),False,0,0.0,0,0,2,2,D
2765,2017-10-28,Liverpool,Huddersfield,Premier League,Premier League,1582.3479742098502,1498.8339285089555,6.0,7.0,0.2,1.2,1.6,0.2,0.6,1.6,0.5,0.0,0,5354.853698869528,Liverpool (default stadium),False,0,0.0,0,0,3,0,H
2766,2017-10-28,Manchester United,Tottenham Hotspur,Premier League,Premier League,1604.4113467676818,1648.8232145376433,7.0,6.0,0.6,2.0,0.4,0.8,2.4,0.6,0.5,-0.5,4,253.91120185713115,Manchester United (default stadium),False,0,0.0,0,0,1,0,H
2767,2017-10-28,Watford,Stoke,Premier League,Premier League,1484.8632632410092,1462.7250706791774,7.0,7.0,0.4,1.6,2.8,0.2,1.2,3.2,0.25,-0.5,4,115.3858128973264,Watford (default stadium),False,0,0.0,0,0,0,1,A
2768,2017-10-28,West Bromwich Albion,Manchester City,Premier League,Premier League,1461.093308837644,1648.9376072431714,7.0,7.0,0.0,0.6,1.2,1.0,4.4,0.4,0.0,-2.5,4,103.87357381667516,West Bromwich Albion (default stadium),False,0,0.0,0,0,2,3,A
2769,2017-10-29,Brighton,Southampton,Premier League,Premier League,1496.091619162063,1488.266901766621,9.0,8.0,0.4,1.2,1.0,0.4,1.0,1.0,0.5,0.0,0,91.83331837808883,Brighton (default stadium),False,0,0.0,0,0,1,1,D
2770,2017-10-29,Leicester City,Everton,Premier League,Premier League,1497.3795528842436,1500.3849908473953,8.0,7.0,0.2,1.2,1.2,0.2,1.0,2.4,0.5,-0.25,4,11692.657159990456,Leicester City (default stadium),False,0,0.0,0,0,2,0,H
2771,2017-10-30,Burnley,Newcastle United,Premier League,Premier League,1487.2776653307874,1479.7863264247758,9.0,9.0,0.2,0.6,1.0,0.4,1.2,1.0,0.5,0.0,0,6365.680353490109,Burnley (default stadium),False,0,0.0,0,0,1,0,H
2772,2017-11-04,Huddersfield,West Bromwich Albion,Premier League,Premier League,1492.9856870452413,1454.3607883914522,7.0,7.0,0.2,0.4,2.0,0.0,1.0,1.8,0.5,0.0,0,122.16637044097324,Huddersfield (default stadium),False,0,0.0,0,0,1,0,H
2773,2017-11-04,Newcastle United,Bournemouth,Premier League,Premier League,1471.980443721547,1452.5426209445989,5.0,7.0,0.2,0.8,1.0,0.2,0.6,1.0,0.5,-0.5,2,472.12392823775417,Newcastle United (default stadium),False,0,0.0,0,0,0,1,A
2774,2017-11-04,Southampton,Burnley,Premier League,Premier League,1490.470150605115,1495.083548034016,6.0,5.0,0.2,1.0,1.2,0.4,0.6,0.8,0.5,0.5,2,6489.228471942674,Southampton (default stadium),False,0,0.0,0,0,0,1,A
2775,2017-11-04,Stoke,Leicester City,Premier League,Premier League,1475.3165523873245,1505.4748429296062,7.0,6.0,0.4,1.2,2.8,0.4,1.4,1.0,0.0,-1.25,4,167.64927486136108,Stoke (default stadium),False,0,0.0,0,0,2,2,D
2776,2017-11-04,Swansea,Brighton,Premier League,Premier League,1446.163298212995,1493.888370323569,7.0,6.0,0.2,1.0,1.4,0.4,1.2,0.8,0.5,0.0,0,281.70514105854767,Swansea (default stadium),False,0,0.0,0,0,0,1,A
2777,2017-11-04,West Ham United,Liverpool,Premier League,Premier League,1473.75254143596,1588.1962156735644,7.0,7.0,0.2,1.2,1.8,0.4,1.6,1.4,0.5,0.25,4,5299.298724106387,West Ham United (default stadium),False,0,0.0,0,0,1,4,A
2778,2017-11-05,Chelsea,Manchester United,Premier League,Premier League,1629.5707676057668,1613.676189830371,8.0,8.0,0.6,2.0,1.0,0.6,1.4,0.4,0.25,0.5,4,260.84692450845216,Chelsea (default stadium),False,0,0.0,0,0,1,0,H
2779,2017-11-05,Everton,Watford,Premier League,Premier League,1492.2897008020327,1472.2717815328622,7.0,8.0,0.2,1.0,2.0,0.4,1.6,1.8,0.25,0.0,4,11672.34169380457,Everton (default stadium),False,0,0.0,0,0,3,2,H
2780,2017-11-05,Manchester City,Arsenal,Premier League,Premier League,1655.6701276893632,1594.8440334669804,8.0,8.0,1.0,3.8,0.8,0.8,2.4,1.0,0.25,0.0,4,256.9000111017041,Manchester City (default stadium),False,0,0.0,0,0,3,1,H
2781,2017-11-05,Tottenham Hotspur,Crystal Palace,Premier League,Premier League,1639.5583714749541,1415.7832647356547,8.0,8.0,0.8,2.4,0.8,0.2,0.8,2.6,1.0,1.25,4,20.57108758153193,Tottenham Hotspur (default stadium),False,0,0.0,0,0,1,0,H
2782,2017-11-18,Arsenal,Tottenham Hotspur,Premier League,Premier League,1588.4410899967702,1642.6709818254583,13.0,13.0,0.6,2.2,1.6,0.8,2.0,0.4,0.0,-0.5,4,6.203038582804336,Arsenal (default stadium),True,0,0.0,0,0,2,0,H
2783,2017-11-18,Bournemouth,Huddersfield,Premier League,Premier League,1465.061454595903,1499.9572491490542,14.0,14.0,0.4,0.6,0.6,0.4,0.6,2.0,0.5,0.0,0,324.63170701126126,Bournemouth (default stadium),False,0,0.0,0,0,4,0,H
2784,2017-11-18,Burnley,Swansea,Premier League,Premier League,1506.943617192325,1435.52305123497,14.0,14.0,0.6,0.8,0.8,0.2,0.8,1.2,0.0,-1.0,2,6297.369035676608,Burnley (default stadium),False,0,0.0,0,0,2,0,H
2785,2017-11-18,Crystal Palace,Everton,Premier League,Premier League,1412.6706543851506,1499.7552365341276,13.0,13.0,0.2,0.8,1.8,0.2,1.2,2.2,0.0,-0.25,4,11676.66690896838,Crystal Palace (default stadium),False,0,0.0,0,0,2,2,D
2786,2017-11-18,Leicester City,Manchester City,Premier League,Premier League,1506.6165792608736,1662.0730711595734,14.0,13.0,0.4,1.4,0.8,1.0,3.4,1.0,0.5,0.75,4,119.18446031803153,Leicester City (default stadium),False,0,0.0,0,0,0,2,A
2787,2017-11-18,Liverpool,Southampton,Premier League,Premier League,1596.9239558063218,1478.610081446806,14.0,14.0,0.4,1.8,1.2,0.2,1.0,1.2,0.0,-0.25,4,5410.461987095733,Liverpool (default stadium),False,0,0.0,0,0,3,0,H
2788,2017-11-18,Manchester United,Newcastle United,Premier League,Premier League,1606.0992683602337,1459.461610070243,13.0,14.0,0.4,1.2,0.6,0.2,0.8,1.0,0.0,0.0,2,171.2592358971847,Manchester United (default stadium),False,0,0.0,0,0,4,1,H
2789,2017-11-18,West Bromwich Albion,Chelsea,Premier League,Premier League,1447.3892262876393,1637.147689075904,14.0,13.0,0.0,1.0,1.6,0.6,1.4,1.0,0.0,-0.75,4,170.0193819377569,West Bromwich Albion (default stadium),False,0,0.0,0,0,0,4,A
2790,2017-11-19,Watford,West Ham United,Premier League,Premier League,1464.8062458007673,1465.0248013032026,14.0,15.0,0.2,1.6,2.2,0.2,1.0,2.0,0.5,0.5,4,29.461782304363904,Watford (default stadium),False,0,0.0,0,0,2,0,H
2791,2017-11-20,Brighton,Stoke,Premier League,Premier League,1504.528617301594,1474.1748160560571,16.0,16.0,0.4,1.2,0.8,0.4,1.6,2.4,0.5,0.0,0,157.66421041407423,Brighton (default stadium),False,0,0.0,0,0,2,2,D
2792,2017-11-24,West Ham United,Leicester City,Premier League,Premier League,1457.0066945444116,1499.0277853653124,5.0,6.0,0.0,0.8,2.4,0.4,1.4,1.2,0.0,-0.75,4,142.949836877498,West Ham United (default stadium),False,0,0.0,0,0,1,1,D
2793,2017-11-25,Crystal Palace,Stoke,Premier League,Premier League,1413.161992229384,1476.9854974852917,7.0,5.0,0.2,1.2,1.4,0.2,1.6,2.6,0.75,1.0,4,109.48338153904736,Crystal Palace (default stadium),False,0,0.0,0,0,2,1,H
2794,2017-11-25,Liverpool,Chelsea,Premier League,Premier League,1601.9788694698495,1643.8310864470016,7.0,7.0,0.6,2.2,1.0,0.8,2.2,0.8,0.5,0.75,4,5312.655647759373,Liverpool (default stadium),False,0,0.0,0,0,1,1,D
2795,2017-11-25,Manchester United,Brighton,Premier League,Premier League,1610.5634350865985,1501.7179358723595,7.0,5.0,0.4,1.2,0.8,0.4,1.6,0.8,0.5,0.0,0,325.25795184878103,Manchester United (default stadium),False,0,0.0,0,0,1,0,H
2796,2017-11-25,Newcastle United,Watford,Premier League,Premier League,1454.9974433438783,1472.8243525595583,7.0,6.0,0.2,0.8,1.6,0.4,1.6,1.8,0.0,-1.0,2,378.04905633016585,Newcastle United (default stadium),False,0,0.0,0,0,0,3,A
2797,2017-11-25,Swansea,Bournemouth,Premier League,Premier League,1429.3826255798167,1474.054498578848,7.0,7.0,0.2,0.8,1.4,0.6,1.4,0.6,0.0,-1.5,4,177.55997151067382,Swansea (default stadium),False,0,0.0,0,0,0,0,D
2798,2017-11-25,Tottenham Hotspur,West Bromwich Albion,Premier League,Premier League,1633.1245705654528,1440.7058289165418,7.0,7.0,0.6,1.2,0.8,0.0,0.6,2.0,0.25,1.0,4,167.03808994677587,Tottenham Hotspur (default stadium),False,0,0.0,0,0,1,1,D
2799,2017-11-26,Burnley,Arsenal,Premier League,Premier League,1513.0840428474783,1597.9875012567757,8.0,8.0,0.6,1.0,0.8,0.6,2.2,1.6,0.0,-1.0,2,6555.361279391892,Burnley (default stadium),False,0,0.0,0,0,0,1,A
2800,2017-11-26,Huddersfield,Manchester City,Premier League,Premier League,1490.964205166109,1669.6618650551345,8.0,8.0,0.4,0.6,2.0,1.0,3.6,1.0,0.5,0.0,0,34.30790636336862,Huddersfield (default stadium),False,0,0.0,0,0,1,2,A
2801,2017-11-26,Southampton,Everton,Premier League,Premier League,1473.5551677832782,1499.2638986898942,8.0,8.0,0.2,0.8,1.4,0.2,1.6,2.4,0.25,-1.25,4,11568.424076531252,Southampton (default stadium),False,0,0.0,0,0,4,1,H
2802,2017-11-28,Brighton,Crystal Palace,Premier League,Premier League,1496.454382531745,1422.984237145556,3.0,3.0,0.4,1.4,0.8,0.2,1.2,1.4,0.5,0.0,0,62.01282292846458,Brighton (default stadium),False,0,0.0,0,0,0,0,D
2803,2017-11-28,Leicester City,Tottenham Hotspur,Premier League,Premier League,1499.8313468118486,1626.7415573874175,4.0,3.0,0.4,1.4,1.2,0.4,1.2,1.0,0.25,-1.0,4,134.78780460437943,Leicester City (default stadium),False,0,0.0,0,0,2,1,H
2804,2017-11-28,Watford,Manchester United,Premier League,Premier League,1484.314828272254,1615.8269884272129,3.0,3.0,0.4,1.8,1.6,0.6,1.4,0.8,0.25,-0.5,4,237.3590819226217,Watford (default stadium),False,0,0.0,0,0,2,4,A
2805,2017-11-28,West Bromwich Albion,Newcastle United,Premier League,Premier League,1447.088842094577,1443.5069676311825,3.0,3.0,0.0,0.6,2.0,0.2,0.4,1.8,0.5,0.0,2,269.9204995926814,West Bromwich Albion (default stadium),False,0,0.0,0,0,2,2,D
2806,2017-11-29,Arsenal,Huddersfield,Premier League,Premier League,1607.5588081463723,1483.9945451067506,3.0,3.0,0.8,2.2,1.2,0.4,0.8,2.0,0.5,0.0,0,258.9472722783357,Arsenal (default stadium),False,0,0.0,0,0,5,0,H
2807,2017-11-29,Bournemouth,Burnley,Premier League,Premier League,1474.7822120012656,1503.5127359578817,4.0,3.0,0.6,1.4,0.4,0.6,0.8,0.8,0.5,0.0,2,6464.032279474406,Bournemouth (default stadium),False,0,0.0,0,0,1,2,A
2808,2017-11-29,Chelsea,Swansea,Premier League,Premier League,1644.6394768991881,1428.6549121573992,4.0,4.0,0.8,2.2,0.6,0.0,0.4,1.4,0.25,0.25,4,259.38781464619586,Chelsea (default stadium),False,0,0.0,0,0,1,0,H
2809,2017-11-29,Everton,West Ham United,Premier League,Premier League,1490.531842746936,1456.2031330978755,3.0,5.0,0.2,1.6,3.0,0.0,0.8,2.4,0.25,0.25,4,11687.188342303432,Everton (default stadium),False,0,0.0,0,0,4,0,H
2810,2017-11-29,Manchester City,Southampton,Premier League,Premier League,1676.631525114493,1482.2872237262363,3.0,3.0,1.0,2.6,0.8,0.4,1.2,1.2,0.5,0.75,4,291.8406815664775,Manchester City (default stadium),False,0,0.0,0,0,2,1,H
2811,2017-11-29,Stoke,Liverpool,Premier League,Premier League,1467.1632525691195,1601.170479017663,4.0,4.0,0.2,1.4,1.6,0.6,2.4,1.2,0.0,-2.0,4,5207.768724813521,Stoke (default stadium),False,0,0.0,0,0,0,3,A
2812,2017-12-02,Arsenal,Manchester United,Premier League,Premier League,1612.5004131435505,1624.0747957040335,3.0,4.0,0.8,2.2,0.8,0.8,2.0,0.8,0.5,1.0,4,256.9000111017041,Arsenal (default stadium),False,0,0.0,0,0,1,3,A
2813,2017-12-02,Brighton,Liverpool,Premier League,Premier League,1492.5447187545703,1609.348765999259,4.0,3.0,0.2,0.8,0.8,0.8,2.8,0.4,0.5,0.0,0,5323.625304961785,Brighton (default stadium),False,0,0.0,0,0,1,5,A
2814,2017-12-02,Chelsea,Newcastle United,Premier League,Premier League,1647.8717795267785,1445.5937179973064,3.0,4.0,0.8,1.6,0.2,0.0,0.6,2.2,0.5,2.0,2,399.367741301676,Chelsea (default stadium),False,0,0.0,0,0,3,1,H
2815,2017-12-02,Everton,Huddersfield,Premier League,Premier League,1497.6161346429842,1479.0529401095723,3.0,3.0,0.4,2.0,2.0,0.2,0.4,2.8,0.5,0.0,0,11724.760626435651,Everton (default stadium),False,0,0.0,0,0,2,0,H
2816,2017-12-02,Leicester City,Burnley,Premier League,Premier League,1511.4548602555972,1514.6950117746742,4.0,3.0,0.4,1.4,1.2,0.8,1.2,0.4,0.5,1.0,2,6455.690567406472,Leicester City (default stadium),False,0,0.0,0,0,1,0,H
2817,2017-12-02,Stoke,Swansea,Premier League,Premier League,1458.9849655875234,1425.4226095298088,3.0,3.0,0.2,1.2,1.8,0.0,0.2,1.2,0.5,0.25,4,351.8654069044793,Stoke (default stadium),False,0,0.0,0,0,2,1,H
2818,2017-12-02,Watford,Tottenham Hotspur,Premier League,Premier League,1476.0670209954335,1615.118043943669,4.0,4.0,0.4,1.8,1.6,0.2,0.6,1.2,0.0,-2.25,4,23.679576890869605,Watford (default stadium),False,0,0.0,0,0,1,1,D
2819,2017-12-02,West Bromwich Albion,Crystal Palace,Premier League,Premier League,1445.0020917284533,1426.8939009227308,4.0,4.0,0.0,1.0,2.2,0.2,1.2,1.2,0.5,-0.5,4,180.90264463990698,West Bromwich Albion (default stadium),False,0,0.0,0,0,0,0,D
2820,2017-12-03,Bournemouth,Southampton,Premier League,Premier League,1463.599936184473,1478.7029623316346,4.0,4.0,0.4,1.2,0.6,0.2,1.2,1.6,0.25,-0.5,4,36.717522209000165,Bournemouth (default stadium),False,0,0.0,0,0,1,1,D
2821,2017-12-03,Manchester City,West Ham United,Premier League,Premier League,1680.2157865090946,1449.1188412018273,4.0,4.0,1.0,2.4,1.0,0.0,0.8,2.6,0.5,1.25,4,262.0495522571908,Manchester City (default stadium),False,0,0.0,0,0,2,1,H
2822,2017-12-09,Burnley,Watford,Premier League,Premier League,1506.5932103810046,1478.0287083966657,7.0,7.0,0.6,1.0,0.6,0.4,2.0,1.6,0.5,0.5,2,6533.004942220552,Burnley (default stadium),False,0,0.0,0,0,1,0,H
2823,2017-12-09,Crystal Palace,Bournemouth,Premier League,Premier League,1429.3768583232547,1462.0328935166344,7.0,6.0,0.2,0.8,0.8,0.4,1.4,0.6,0.25,0.25,4,145.13706164318188,Crystal Palace (default stadium),False,0,0.0,0,0,2,2,D
2824,2017-12-09,Huddersfield,Brighton,Premier League,Premier League,1471.5481821862352,1483.8837572127013,7.0,7.0,0.2,0.4,2.6,0.2,0.8,1.6,0.5,0.0,0,331.01226557957716,Huddersfield (default stadium),False,0,0.0,0,0,2,0,H
2825,2017-12-09,Newcastle United,Leicester City,Premier League,Premier League,1442.1418523464279,1519.5566616492667,7.0,7.0,0.0,0.8,2.6,0.4,1.2,1.2,0.0,-2.0,2,263.6083592563879,Newcastle United (default stadium),False,0,0.0,0,0,2,3,A
2826,2017-12-09,Swansea,West Bromwich Albion,Premier League,Premier League,1418.3181224290274,1442.5191343279294,7.0,7.0,0.0,0.2,1.2,0.0,0.6,1.6,0.5,0.0,4,169.67031549263714,Swansea (default stadium),False,0,0.0,0,0,1,0,H
2827,2017-12-09,Tottenham Hotspur,Stoke,Premier League,Premier League,1613.1563565424367,1466.0894526883048,7.0,7.0,0.2,0.8,1.2,0.2,1.4,2.0,0.75,3.0,4,97.17924263016836,Tottenham Hotspur (default stadium),False,0,0.0,0,0,5,1,H
2828,2017-12-09,West Ham United,Chelsea,Premier League,Premier League,1446.1154029178158,1651.323645177657,6.0,7.0,0.0,0.6,2.6,0.8,2.0,0.4,0.25,-0.25,4,13.657971575674615,West Ham United (default stadium),False,0,0.0,0,0,1,0,H
2829,2017-12-10,Liverpool,Everton,Premier League,Premier League,1618.009727541128,1505.1208925663213,8.0,8.0,0.8,3.2,0.6,0.6,2.4,1.6,0.75,1.75,4,16451.58764038487,Liverpool (default stadium),True,0,0.0,0,0,1,1,D
2830,2017-12-10,Manchester United,Manchester City,Premier League,Premier League,1635.7407460907552,1683.2192247931062,8.0,7.0,0.8,2.4,1.0,1.0,2.2,0.8,0.25,0.0,4,0.0,Manchester United (default stadium),True,0,0.0,0,0,1,2,A
2831,2017-12-10,Southampton,Arsenal,Premier League,Premier League,1480.2700049994733,1600.8344627568288,7.0,8.0,0.2,1.2,1.6,0.6,2.0,1.2,0.25,0.25,4,114.81248103375616,Southampton (default stadium),False,0,0.0,0,0,1,1,D
2832,2017-12-12,Burnley,Stoke,Premier League,Premier League,1513.8300289833376,1461.633848634313,3.0,3.0,0.6,1.0,0.6,0.2,1.2,2.6,0.5,-0.5,2,6622.334647654521,Burnley (default stadium),False,0,0.0,0,0,1,0,H
2833,2017-12-12,Crystal Palace,Watford,Premier League,Premier League,1428.3061327826374,1470.7918897943327,3.0,3.0,0.2,1.2,1.0,0.4,1.6,1.2,0.5,0.25,4,34.44633804123294,Crystal Palace (default stadium),False,0,0.0,0,0,2,1,H
2834,2017-12-12,Huddersfield,Chelsea,Premier League,Premier League,1479.903540366145,1637.6172815171713,3.0,3.0,0.2,0.6,2.6,0.6,1.8,0.6,0.5,0.0,0,264.0587647332326,Huddersfield (default stadium),False,0,0.0,0,0,1,3,A
2835,2017-12-13,Liverpool,West Bromwich Albion,Premier League,Premier League,1613.1835110299248,1433.8297526137703,3.0,4.0,0.6,2.6,0.6,0.0,0.6,1.6,0.5,0.5,4,5397.522050574016,Liverpool (default stadium),False,0,0.0,0,0,0,0,D
2836,2017-12-13,Manchester United,Bournemouth,Premier League,Premier League,1625.0934310002015,1463.1036190572518,3.0,4.0,0.8,2.6,1.2,0.2,1.6,1.0,0.5,0.75,4,306.55795629981236,Manchester United (default stadium),False,0,0.0,0,0,1,0,H
2837,2017-12-13,Newcastle United,Everton,Premier League,Premier League,1432.3552353186255,1509.9471090775246,4.0,3.0,0.0,1.2,3.0,0.4,2.0,1.4,0.0,-2.0,2,11820.07394279188,Newcastle United (default stadium),False,0,0.0,0,0,0,1,A
2838,2017-12-13,Southampton,Leicester City,Premier League,Premier League,1481.715178159336,1529.343278677069,3.0,4.0,0.2,1.4,1.6,0.6,1.4,1.2,0.25,0.5,4,191.4130852325117,Southampton (default stadium),False,0,0.0,0,0,1,4,A
2839,2017-12-13,Swansea,Manchester City,Premier League,Premier League,1427.0075041431865,1693.86653988366,4.0,3.0,0.2,0.4,1.0,1.0,2.0,0.8,0.0,-1.0,4,235.8161570960022,Swansea (default stadium),False,0,0.0,0,0,0,4,A
2840,2017-12-13,Tottenham Hotspur,Brighton,Premier League,Premier League,1617.6119605964286,1475.5283990327914,4.0,4.0,0.2,1.6,1.4,0.0,0.6,2.0,0.5,0.0,0,82.58337268155316,Tottenham Hotspur (default stadium),False,0,0.0,0,0,2,0,H
2841,2017-12-13,West Ham United,Arsenal,Premier League,Premier League,1459.8217665783015,1599.3892895969661,4.0,3.0,0.2,0.6,1.8,0.6,2.0,0.8,0.25,-1.25,4,6.7390655013334415,West Ham United (default stadium),False,0,0.0,0,0,0,0,D
2842,2017-12-16,Arsenal,Newcastle United,Premier League,Premier League,1597.413312385091,1422.5737122392263,3.0,3.0,0.4,1.6,0.8,0.0,1.0,2.4,1.0,1.0,2,392.7352980316752,Arsenal (default stadium),False,0,0.0,0,0,1,0,H
2843,2017-12-16,Brighton,Burnley,Premier League,Premier League,1470.9726649479217,1520.4511270413532,3.0,4.0,0.0,0.2,2.0,0.6,0.8,0.6,0.5,0.0,0,6578.701185693557,Brighton (default stadium),False,0,0.0,0,0,0,0,D
2844,2017-12-16,Chelsea,Southampton,Premier League,Premier League,1645.1449803577389,1471.0721516052865,4.0,3.0,0.6,1.6,0.8,0.2,1.6,1.8,0.75,0.75,4,105.31037742874952,Chelsea (default stadium),False,0,0.0,0,0,1,0,H
2845,2017-12-16,Leicester City,Crystal Palace,Premier League,Premier League,1539.9863052311184,1437.5158605659446,3.0,4.0,0.8,2.2,1.0,0.4,1.2,0.8,0.75,1.0,4,152.43481774000773,Leicester City (default stadium),False,0,0.0,0,0,0,3,A
2846,2017-12-16,Manchester City,Tottenham Hotspur,Premier League,Premier League,1698.7379174767814,1622.1676946812984,3.0,3.0,1.0,2.4,0.8,0.4,2.0,1.0,0.0,-1.5,4,253.91120185713115,Manchester City (default stadium),False,0,0.0,0,0,4,1,H
2847,2017-12-16,Stoke,West Ham United,Premier League,Premier League,1455.0127505762973,1461.7977437901766,4.0,3.0,0.2,0.8,2.4,0.2,0.6,1.4,0.25,0.25,4,98.38337997534771,Stoke (default stadium),False,0,0.0,0,0,0,3,A
2848,2017-12-16,Watford,Huddersfield,Premier League,Premier League,1461.5821620110255,1472.3758415255775,4.0,4.0,0.2,1.4,1.6,0.2,0.8,2.4,0.5,0.0,0,241.20875372023048,Watford (default stadium),False,0,0.0,0,0,1,4,A
2849,2017-12-17,Bournemouth,Liverpool,Premier League,Premier League,1458.938402406128,1607.0286985577834,4.0,4.0,0.0,0.8,1.2,0.4,2.0,0.6,0.25,-0.25,4,5445.991656818437,Bournemouth (default stadium),False,0,0.0,0,0,0,4,A
2850,2017-12-17,West Bromwich Albion,Manchester United,Premier League,Premier League,1439.9845650859118,1629.2586476513252,4.0,4.0,0.0,0.6,0.8,0.8,2.0,1.0,0.25,-0.75,4,103.87357381667516,West Bromwich Albion (default stadium),False,0,0.0,0,0,1,2,A
2851,2017-12-18,Everton,Swansea,Premier League,Premier League,1519.7286321569238,1422.136126550065,5.0,5.0,0.6,1.8,1.0,0.2,0.4,1.4,0.0,-0.5,4,11474.649384341092,Everton (default stadium),False,0,0.0,0,0,3,1,H
2852,2017-12-22,Arsenal,Liverpool,Premier League,Premier League,1601.3398549094718,1614.8181780360114,6.0,5.0,0.4,1.6,0.8,0.6,2.6,0.4,0.0,-1.4,5,5305.0330774456925,Arsenal (default stadium),False,0,0.0,0,0,3,3,D
2853,2017-12-23,Brighton,Watford,Premier League,Premier League,1470.3826935372772,1449.8943730388082,7.0,7.0,0.0,0.2,1.8,0.0,1.0,2.4,0.0,0.0,1,90.38973636945235,Brighton (default stadium),False,0,0.0,0,0,1,0,H
2854,2017-12-23,Burnley,Tottenham Hotspur,Premier League,Premier League,1521.0410984519976,1616.1526822651574,7.0,7.0,0.6,0.8,0.4,0.4,2.0,1.6,0.0,-1.0,3,6556.63679428139,Burnley (default stadium),False,0,0.0,0,0,0,3,A
2855,2017-12-23,Everton,Chelsea,Premier League,Premier League,1525.2472355520576,1649.0854702744682,5.0,7.0,0.8,2.2,0.4,0.8,1.6,0.6,0.2,-1.6,5,11673.649510171086,Everton (default stadium),False,0,0.0,0,0,0,0,D
2856,2017-12-23,Leicester City,Manchester United,Premier League,Premier League,1525.3934151618196,1635.9544587841556,7.0,6.0,0.8,2.0,1.4,0.8,2.2,1.2,0.0,-1.6,5,119.18446031803153,Leicester City (default stadium),False,0,0.0,0,0,2,2,D
2857,2017-12-23,Manchester City,Bournemouth,Premier League,Premier League,1704.7529298929223,1451.1489229279,7.0,6.0,1.0,2.8,0.8,0.0,0.8,2.0,1.0,3.0,5,306.55795629981236,Manchester City (default stadium),False,0,0.0,0,0,4,0,H
2858,2017-12-23,Southampton,Huddersfield,Premier League,Premier League,1467.1316616885572,1484.0636304977947,7.0,7.0,0.0,0.8,1.8,0.4,1.4,2.2,0.0,0.0,1,306.69331634321105,Southampton (default stadium),False,0,0.0,0,0,1,1,D
2859,2017-12-23,Stoke,West Bromwich Albion,Premier League,Premier League,1443.2130918824473,1433.2887539530814,7.0,6.0,0.2,0.6,2.6,0.0,0.6,1.0,0.0,-0.6,5,217.8619630192631,Stoke (default stadium),False,0,0.0,0,0,3,1,H
2860,2017-12-23,Swansea,Crystal Palace,Premier League,Premier League,1416.6175231549312,1452.1087506352435,5.0,7.0,0.2,0.6,2.0,0.4,1.4,0.6,0.6,0.8,5,268.54218681775865,Swansea (default stadium),False,0,0.0,0,0,1,1,D
2861,2017-12-23,West Ham United,Newcastle United,Premier League,Premier League,1473.5974024840266,1418.6471697148456,7.0,7.0,0.4,1.0,1.2,0.0,1.0,2.0,0.3333333333333333,-0.6666666666666666,3,396.1921830254467,West Ham United (default stadium),False,0,0.0,0,0,2,3,A
2862,2017-12-26,Bournemouth,West Ham United,Premier League,Premier League,1448.4614159852758,1460.1484715833508,3.0,3.0,0.0,0.6,2.4,0.4,1.4,1.0,0.5,-0.25,4,155.36167637292584,Bournemouth (default stadium),False,0,0.0,0,0,3,3,D
2863,2017-12-26,Chelsea,Brighton,Premier League,Premier League,1647.5481663763296,1477.835564081447,3.0,3.0,0.6,1.4,0.6,0.2,0.4,1.8,0.5,0.0,0,69.35066034154319,Chelsea (default stadium),False,0,0.0,0,0,2,0,H
2864,2017-12-26,Huddersfield,Stoke,Premier League,Premier League,1485.579282715757,1450.9524218113966,3.0,3.0,0.4,1.6,1.4,0.4,1.2,2.2,0.5,0.0,0,264.3461810820006,Huddersfield (default stadium),False,0,0.0,0,0,1,1,D
2865,2017-12-26,Liverpool,Swansea,Premier League,Premier League,1616.4308013666437,1415.6275342146726,4.0,3.0,0.4,2.6,1.0,0.2,0.8,2.0,0.5,-0.25,4,5556.210900180734,Liverpool (default stadium),False,0,0.0,0,0,5,0,H
2866,2017-12-26,Manchester United,Burnley,Premier League,Premier League,1634.792293100512,1511.7626119859212,3.0,3.0,0.6,1.8,1.2,0.4,0.4,0.8,0.5,1.0,2,6363.654979892703,Manchester United (default stadium),False,0,0.0,0,0,2,2,D
2867,2017-12-26,Tottenham Hotspur,Southampton,Premier League,Premier League,1625.4311687312338,1465.616009470595,3.0,3.0,0.6,2.4,1.2,0.0,0.8,1.6,0.75,1.25,4,120.5232777621848,Tottenham Hotspur (default stadium),False,0,0.0,0,0,5,2,H
2868,2017-12-26,Watford,Leicester City,Premier League,Premier League,1442.4415024946384,1526.555580845463,3.0,3.0,0.0,0.6,1.8,0.6,2.0,1.6,0.25,-1.0,4,119.18970796768599,Watford (default stadium),False,0,0.0,0,0,2,1,H
2869,2017-12-26,West Bromwich Albion,Everton,Premier League,Premier League,1425.5494240241321,1526.7845394501962,3.0,3.0,0.0,0.4,1.2,0.6,1.4,0.4,0.25,-1.0,4,11644.311554609854,West Bromwich Albion (default stadium),False,0,0.0,0,0,0,0,D
2870,2017-12-27,Newcastle United,Manchester City,Premier League,Premier League,1432.0961006155217,1707.4404368355465,4.0,4.0,0.2,1.2,2.0,1.0,3.2,0.6,0.0,-2.5,2,171.2592358971847,Newcastle United (default stadium),False,0,0.0,0,0,0,1,A
2871,2017-12-28,Crystal Palace,Arsenal,Premier League,Premier League,1453.0987395755021,1599.7272315788396,5.0,6.0,0.4,1.6,0.8,0.2,1.2,1.4,0.25,0.0,4,15.34028105594792,Crystal Palace (default stadium),False,0,0.0,0,0,2,3,A
2872,2017-12-30,Bournemouth,Everton,Premier League,Premier League,1446.7986187538447,1525.8879348175392,4.0,4.0,0.0,1.0,2.8,0.4,1.0,0.4,0.2,-0.8,5,11531.827627873134,Bournemouth (default stadium),False,0,0.0,0,0,2,1,H
2873,2017-12-30,Chelsea,Stoke,Premier League,Premier League,1651.5686783135366,1453.8759798899982,4.0,4.0,0.6,1.2,0.4,0.2,1.0,2.2,0.6,1.2,5,111.88362495735197,Chelsea (default stadium),False,0,0.0,0,0,5,0,H
2874,2017-12-30,Huddersfield,Burnley,Premier League,Premier League,1482.6557246371553,1516.8095485752765,4.0,4.0,0.4,1.8,1.2,0.4,0.8,1.0,0.0,0.0,1,6386.914244918695,Huddersfield (default stadium),False,0,0.0,0,0,0,0,D
2875,2017-12-30,Liverpool,Leicester City,Premier League,Premier League,1619.90698157145,1516.1495683349112,4.0,4.0,0.4,2.6,0.8,0.4,2.0,2.0,0.6,0.2,5,5343.065862682322,Liverpool (default stadium),False,0,0.0,0,0,2,1,H
2876,2017-12-30,Manchester United,Southampton,Premier League,Premier League,1629.7453565111568,1461.4093596059818,4.0,4.0,0.4,1.6,1.4,0.0,1.0,2.4,0.6,0.6,5,291.8406815664775,Manchester United (default stadium),False,0,0.0,0,0,0,0,D
2877,2017-12-30,Newcastle United,Brighton,Premier League,Premier League,1427.4024498079318,1473.81505214424,3.0,4.0,0.2,1.0,1.6,0.2,0.2,1.2,0.0,-1.0,1,468.342499245935,Newcastle United (default stadium),False,0,0.0,0,0,0,0,D
2878,2017-12-30,Watford,Swansea,Premier League,Premier League,1452.8475150051902,1412.1513540098663,4.0,4.0,0.2,0.8,1.8,0.2,0.6,2.6,0.6,0.4,5,243.7745500737881,Watford (default stadium),False,0,0.0,0,0,1,2,A
2879,2017-12-31,Crystal Palace,Manchester City,Premier League,Premier League,1445.2692048840022,1712.1340876431364,3.0,4.0,0.4,2.0,1.4,1.0,3.0,0.4,0.0,-3.2,5,271.155957712397,Crystal Palace (default stadium),False,0,0.0,0,0,0,0,D
2880,2017-12-31,West Bromwich Albion,Arsenal,Premier League,Premier League,1426.4460286567892,1607.5567662703395,5.0,3.0,0.0,0.4,1.2,0.4,1.6,1.2,0.4,-0.4,5,168.46827367374928,West Bromwich Albion (default stadium),False,0,0.0,0,0,1,1,D
2881,2018-01-01,Brighton,Bournemouth,Premier League,Premier League,1474.4929109137154,1457.0601706332632,2.0,2.0,0.2,0.2,0.8,0.2,1.0,2.6,0.0,-1.0,1,124.11226270743967,Brighton (default stadium),False,0,0.0,0,0,2,2,D
2882,2018-01-01,Burnley,Liverpool,Premier League,Premier League,1517.8376391087224,1625.2849132055412,2.0,2.0,0.2,0.6,1.0,0.6,2.8,0.8,0.3333333333333333,0.3333333333333333,3,11263.441847487935,Burnley (default stadium),False,0,0.0,0,0,1,2,A
2883,2018-01-01,Everton,Manchester United,Premier League,Premier League,1515.6263829381207,1623.79138413454,2.0,2.0,0.4,1.0,0.6,0.4,1.4,1.0,0.0,-1.6,5,11690.468746176242,Everton (default stadium),False,0,0.0,0,0,0,2,A
2884,2018-01-01,Leicester City,Huddersfield,Premier League,Premier League,1510.77163670082,1481.6276341037094,2.0,2.0,0.2,1.6,2.0,0.2,1.4,1.2,0.0,0.0,1,122.31665013640415,Leicester City (default stadium),False,0,0.0,0,0,3,0,H
2885,2018-01-01,Stoke,Newcastle United,Premier League,Premier League,1450.348073482253,1426.7245910384565,2.0,2.0,0.2,0.8,2.2,0.2,0.6,1.0,0.3333333333333333,0.0,3,371.0835169844392,Stoke (default stadium),False,0,0.0,0,0,0,1,A
2886,2018-01-02,Manchester City,Watford,Premier League,Premier League,1707.005341211722,1439.7650272278204,2.0,3.0,0.8,2.6,0.2,0.2,1.0,2.0,1.0,3.2,5,237.3590819226217,Manchester City (default stadium),False,0,0.0,0,0,3,1,H
2887,2018-01-02,Southampton,Crystal Palace,Premier League,Premier League,1467.3633319825985,1450.3979513154165,3.0,2.0,0.0,0.8,2.2,0.4,1.6,1.0,0.6,0.4,5,108.42688407911376,Southampton (default stadium),False,0,0.0,0,0,1,2,A
2888,2018-01-02,Swansea,Tottenham Hotspur,Premier League,Premier League,1425.233841787236,1629.637818595847,3.0,7.0,0.2,0.8,2.8,0.8,3.2,1.4,0.0,-1.6,5,267.05513719576624,Swansea (default stadium),False,0,0.0,0,0,0,2,A
2889,2018-01-02,West Ham United,West Bromwich Albion,Premier League,Premier League,1461.811268814782,1429.5393111412272,7.0,2.0,0.4,1.8,1.2,0.0,0.6,1.2,0.2,0.2,5,174.57015283848514,West Ham United (default stadium),False,0,0.0,0,0,2,1,H
2890,2018-01-03,Arsenal,Chelsea,Premier League,Premier League,1604.4634837859014,1655.0965847212817,3.0,4.0,0.4,1.6,1.2,0.8,2.2,0.2,0.2,-0.4,5,9.950774202617763,Arsenal (default stadium),False,0,0.0,0,0,2,2,D
2891,2018-01-04,Tottenham Hotspur,West Ham United,Premier League,Premier League,1635.951440710929,1468.9498191717182,2.0,2.0,0.8,2.6,1.2,0.4,2.0,1.4,0.6,0.6,5,8.221735834635023,Tottenham Hotspur (default stadium),False,0,0.0,0,0,1,1,D
2892,2018-01-13,Chelsea,Leicester City,Premier League,Premier League,1655.6534322555601,1517.9930565443992,10.0,12.0,0.6,2.0,0.4,0.2,1.4,1.8,0.6,1.2,5,142.36087796503557,Chelsea (default stadium),False,0,0.0,0,0,0,0,D
2893,2018-01-13,Crystal Palace,Burnley,Premier League,Premier League,1462.8500187409147,1508.9113039465065,11.0,12.0,0.4,1.6,1.0,0.0,0.6,1.4,0.0,-1.3333333333333333,3,6562.201316773521,Crystal Palace (default stadium),False,0,0.0,0,0,1,0,H
2894,2018-01-13,Huddersfield,West Ham United,Premier League,Premier League,1474.4062142601301,1474.8789434304947,12.0,9.0,0.2,1.2,1.2,0.4,2.2,1.6,0.0,-2.0,1,263.4811228877531,Huddersfield (default stadium),False,0,0.0,0,0,1,4,A
2895,2018-01-13,Newcastle United,Swansea,Premier League,Premier League,1439.3559074517214,1418.920219672154,12.0,11.0,0.4,0.8,0.8,0.2,0.8,2.4,0.6666666666666666,0.6666666666666666,3,402.81584675050533,Newcastle United (default stadium),False,0,0.0,0,0,1,1,D
2896,2018-01-13,Tottenham Hotspur,Everton,Premier League,Premier League,1630.0223164521526,1506.7204629307657,9.0,12.0,0.6,2.4,1.4,0.2,0.8,1.0,0.4,0.8,5,11688.48360204595,Tottenham Hotspur (default stadium),False,0,0.0,0,0,4,0,H
2897,2018-01-13,Watford,Southampton,Premier League,Premier League,1437.2549498827555,1454.9112645571004,11.0,11.0,0.2,1.0,2.2,0.0,0.8,1.8,0.2,-0.2,5,107.60666567502645,Watford (default stadium),False,0,0.0,0,0,2,2,D
2898,2018-01-13,West Bromwich Albion,Brighton,Premier League,Premier League,1422.400760784291,1472.0282047747028,11.0,12.0,0.0,0.8,1.6,0.2,0.6,0.8,0.0,-2.0,1,228.59434467262278,West Bromwich Albion (default stadium),False,0,0.0,0,0,2,0,H
2899,2018-01-14,Bournemouth,Arsenal,Premier League,Premier League,1459.5248767722758,1603.906636251623,13.0,11.0,0.2,1.4,2.8,0.4,2.0,1.6,0.0,-1.8,5,151.22456097479042,Bournemouth (default stadium),False,0,0.0,0,0,2,1,H
2900,2018-01-14,Liverpool,Manchester City,Premier League,Premier League,1634.2112483677572,1709.515418556787,13.0,12.0,0.8,3.2,1.0,0.8,2.4,0.4,0.6,0.4,5,5387.234837982907,Liverpool (default stadium),False,0,0.0,0,0,4,3,H
2901,2018-01-15,Manchester United,Stoke,Premier League,Premier League,1632.697304141895,1437.7167570689883,14.0,14.0,0.4,1.6,1.0,0.2,0.8,2.2,0.2,0.2,5,275.4298868384115,Manchester United (default stadium),False,0,0.0,0,0,3,0,H
2902,2018-01-20,Arsenal,Crystal Palace,Premier League,Premier League,1591.7978764795894,1472.162095407471,6.0,7.0,0.2,2.0,2.0,0.4,1.2,1.0,0.6,0.2,5,15.34028105594792,Arsenal (default stadium),False,0,0.0,0,0,4,1,H
2903,2018-01-20,Brighton,Chelsea,Premier League,Premier League,1462.6139029590486,1650.2993615570656,7.0,7.0,0.2,0.6,1.2,0.4,1.8,0.4,0.0,-2.0,1,69.35066034154319,Brighton (default stadium),False,0,0.0,0,0,0,4,A
2904,2018-01-20,Burnley,Manchester United,Premier League,Premier League,1499.5992272799501,1636.2708033572662,7.0,5.0,0.0,0.6,1.6,0.4,1.8,0.8,0.0,-0.6666666666666666,3,6363.654979892703,Burnley (default stadium),False,0,0.0,0,0,0,1,A
2905,2018-01-20,Everton,West Bromwich Albion,Premier League,Premier League,1501.773235583703,1431.8150625999451,7.0,7.0,0.0,0.2,1.6,0.2,1.0,1.2,0.6,0.8,5,11644.311554609854,Everton (default stadium),False,0,0.0,0,0,1,1,D
2906,2018-01-20,Leicester City,Watford,Premier League,Premier League,1523.3471272428937,1435.7596734950523,7.0,7.0,0.2,1.4,1.2,0.2,1.2,1.8,0.6,0.6,5,119.18970796768599,Leicester City (default stadium),False,0,0.0,0,0,2,0,H
2907,2018-01-20,Manchester City,Newcastle United,Premier League,Premier League,1699.362764126224,1436.8101946578054,6.0,7.0,0.6,2.2,1.0,0.4,1.0,0.8,0.6666666666666666,2.0,3,171.2592358971847,Manchester City (default stadium),False,0,0.0,0,0,3,1,H
2908,2018-01-20,Stoke,Huddersfield,Premier League,Premier League,1434.1432578536171,1462.4313503894016,5.0,7.0,0.2,0.8,2.2,0.0,0.6,1.8,0.0,0.0,1,264.3461810820006,Stoke (default stadium),False,0,0.0,0,0,2,0,H
2909,2018-01-20,West Ham United,Bournemouth,Premier League,Premier League,1486.8538073012232,1471.6336365443094,7.0,6.0,0.4,2.4,1.8,0.4,1.8,2.2,0.4,0.2,5,155.36167637292584,West Ham United (default stadium),False,0,0.0,0,0,1,1,D
2910,2018-01-21,Southampton,Tottenham Hotspur,Premier League,Premier League,1456.4065409448035,1634.9695437992154,8.0,8.0,0.0,1.2,2.0,0.8,3.0,0.6,0.2,-1.6,5,120.5232777621848,Southampton (default stadium),False,0,0.0,0,0,1,1,D
2911,2018-01-22,Swansea,Liverpool,Premier League,Premier League,1421.46593246607,1644.3639027983202,9.0,8.0,0.2,0.8,2.0,0.8,3.2,1.6,0.4,-0.8,5,5556.210900180734,Swansea (default stadium),False,0,0.0,0,0,1,0,H
2912,2018-01-30,Huddersfield,Liverpool,Premier League,Premier League,1453.6261805136394,1630.2268306379212,10.0,8.0,0.0,0.4,2.0,0.8,2.6,1.2,0.0,-3.0,1,5354.853698869528,Huddersfield (default stadium),False,0,0.0,0,0,0,3,A
2913,2018-01-30,Swansea,Arsenal,Premier League,Premier League,1435.6030046264689,1596.8241008241862,8.0,10.0,0.4,0.8,1.8,0.4,2.2,1.6,0.2,-1.6,5,264.43650443285355,Swansea (default stadium),False,0,0.0,0,0,3,1,H
2914,2018-01-30,West Ham United,Crystal Palace,Premier League,Premier League,1484.4490086610067,1467.1358710628742,10.0,10.0,0.4,2.2,1.4,0.4,1.2,1.6,0.6,1.2,5,13.663891147783643,West Ham United (default stadium),False,0,0.0,0,0,1,1,D
2915,2018-01-31,Chelsea,Bournemouth,Premier League,Premier League,1657.0359662880012,1474.038435184526,11.0,11.0,0.6,2.6,0.4,0.4,2.0,1.6,0.8,1.6,5,141.82746970047285,Chelsea (default stadium),False,0,0.0,0,0,0,3,A
2916,2018-01-31,Everton,Leicester City,Premier League,Premier League,1497.9495403516153,1529.0988101701018,11.0,11.0,0.0,0.4,1.8,0.4,1.4,0.8,0.4,-0.2,5,11692.657159990456,Everton (default stadium),False,0,0.0,0,0,2,1,H
2917,2018-01-31,Manchester City,West Bromwich Albion,Premier League,Premier League,1701.9326756300718,1435.6387578320328,11.0,11.0,0.6,2.0,1.2,0.2,1.0,0.8,1.0,2.2,5,103.87357381667516,Manchester City (default stadium),False,0,0.0,0,0,3,0,H
2918,2018-01-31,Newcastle United,Burnley,Premier League,Premier League,1434.2402831539575,1491.4949766290617,11.0,11.0,0.2,0.6,1.0,0.0,0.6,1.2,0.0,-1.0,1,6365.680353490109,Newcastle United (default stadium),False,0,0.0,0,0,1,1,D
2919,2018-01-31,Southampton,Brighton,Premier League,Premier League,1459.4333606389205,1455.877298228113,10.0,11.0,0.0,1.2,2.0,0.0,0.4,2.0,0.0,0.0,1,91.83331837808883,Southampton (default stadium),False,0,0.0,0,0,1,1,D
2920,2018-01-31,Stoke,Watford,Premier League,Premier League,1442.9484277293793,1430.0079905678442,11.0,11.0,0.2,0.6,2.0,0.2,1.2,2.0,0.8,0.6,5,115.3858128973264,Stoke (default stadium),False,0,0.0,0,0,0,0,D
2921,2018-01-31,Tottenham Hotspur,Manchester United,Premier League,Premier League,1631.9427241050985,1644.3750540081546,10.0,11.0,0.6,2.6,0.8,0.6,1.6,0.4,0.4,0.2,5,253.91120185713115,Tottenham Hotspur (default stadium),False,0,0.0,0,0,2,0,H
2922,2018-02-03,Arsenal,Everton,Premier League,Premier League,1584.2572593621828,1506.835963980013,4.0,3.0,0.2,1.8,1.8,0.2,0.8,2.0,0.8,1.4,5,11682.978134396302,Arsenal (default stadium),False,0,0.0,0,0,5,1,H
2923,2018-02-03,Bournemouth,Stoke,Premier League,Premier League,1490.257974774685,1440.6055472999503,3.0,3.0,0.6,2.0,1.0,0.2,0.4,1.8,0.4,-0.2,5,253.71102121569086,Bournemouth (default stadium),False,0,0.0,0,0,2,1,H
2924,2018-02-03,Brighton,West Ham United,Premier League,Premier League,1457.963338003742,1481.987536117494,3.0,4.0,0.0,0.6,1.8,0.4,1.8,1.0,1.0,3.0,1,75.30394037947526,Brighton (default stadium),False,0,0.0,0,0,3,1,H
2925,2018-02-03,Burnley,Manchester City,Premier League,Premier League,1491.8616515743722,1704.4547358095772,3.0,3.0,0.0,0.4,1.0,0.6,2.4,1.2,0.0,-1.6666666666666667,3,6363.654979892703,Burnley (default stadium),False,0,0.0,0,0,1,1,D
2926,2018-02-03,Leicester City,Swansea,Premier League,Premier League,1520.212386541704,1448.1698460884722,3.0,4.0,0.4,1.4,0.8,0.6,1.4,1.0,0.8,1.4,5,219.3978201651642,Leicester City (default stadium),False,0,0.0,0,0,1,1,D
2927,2018-02-03,Manchester United,Huddersfield,Premier League,Premier League,1636.0169862003675,1446.6016064299115,3.0,4.0,0.6,1.2,0.4,0.0,0.2,2.4,0.0,-1.0,1,34.30790636336862,Manchester United (default stadium),False,0,0.0,0,0,2,0,H
2928,2018-02-03,West Bromwich Albion,Southampton,Premier League,Premier League,1433.1166976525274,1457.3473208632915,3.0,3.0,0.2,1.0,1.4,0.0,1.0,1.2,0.2,-0.8,5,188.05243986432515,West Bromwich Albion (default stadium),False,0,0.0,0,0,2,3,A
2929,2018-02-04,Crystal Palace,Newcastle United,Premier League,Premier League,1469.5973436063869,1433.873608208647,5.0,4.0,0.4,1.0,1.2,0.2,0.8,1.0,0.3333333333333333,0.6666666666666666,3,408.04977898274933,Crystal Palace (default stadium),False,0,0.0,0,0,1,1,D
2930,2018-02-04,Liverpool,Tottenham Hotspur,Premier League,Premier League,1637.2514047216491,1640.3007919128856,5.0,4.0,0.8,2.2,1.2,0.6,2.0,0.4,0.2,-0.2,5,5300.810896107908,Liverpool (default stadium),False,0,0.0,0,0,2,2,D
2931,2018-02-05,Watford,Chelsea,Premier League,Premier League,1432.3508709972732,1640.8164266978422,5.0,5.0,0.0,0.8,1.8,0.4,2.2,1.0,0.0,-0.8,5,23.690230405937225,Watford (default stadium),False,0,0.0,0,0,4,1,H
2932,2018-02-10,Everton,Crystal Palace,Premier League,Premier League,1500.8415372959769,1466.6449400603456,7.0,6.0,0.2,0.8,2.6,0.4,1.2,1.4,0.2,0.2,5,11676.66690896838,Everton (default stadium),False,0,0.0,0,0,3,1,H
2933,2018-02-10,Manchester City,Leicester City,Premier League,Premier League,1700.5664783218067,1516.3375875853685,7.0,7.0,0.6,2.6,1.4,0.4,1.4,0.6,0.4,-0.2,5,119.18446031803153,Manchester City (default stadium),False,0,0.0,0,0,5,1,H
2934,2018-02-10,Stoke,Brighton,Premier League,Premier League,1433.9194334214124,1466.6477183587654,7.0,7.0,0.2,0.6,1.2,0.2,1.2,2.0,0.0,0.0,1,157.66421041407423,Stoke (default stadium),False,0,0.0,0,0,1,1,D
2935,2018-02-10,Swansea,Burnley,Premier League,Premier League,1452.0446450448078,1495.7499090621427,7.0,7.0,0.4,1.2,1.0,0.0,0.6,1.2,0.6666666666666666,0.0,3,6297.369035676608,Swansea (default stadium),False,0,0.0,0,0,1,0,H
2936,2018-02-10,Tottenham Hotspur,Arsenal,Premier League,Premier League,1642.204282769443,1590.251686046219,6.0,7.0,0.4,2.0,0.8,0.4,2.6,1.8,0.2,0.0,5,6.203038582804336,Tottenham Hotspur (default stadium),True,0,0.0,0,0,1,0,H
2937,2018-02-10,West Ham United,Watford,Premier League,Premier League,1473.3031557624706,1446.1378262962935,7.0,5.0,0.2,1.6,1.4,0.2,1.4,1.6,0.2,-0.8,5,29.461782304363904,West Ham United (default stadium),False,0,0.0,0,0,2,0,H
2938,2018-02-11,Huddersfield,Bournemouth,Premier League,Premier League,1442.9331126212528,1496.944088653223,8.0,8.0,0.0,0.2,2.8,0.6,2.0,1.0,0.0,-4.0,1,324.63170701126126,Huddersfield (default stadium),False,0,0.0,0,0,4,1,H
2939,2018-02-11,Newcastle United,Manchester United,Premier League,Premier League,1436.8260117546884,1639.6854800090262,7.0,8.0,0.2,1.0,1.2,0.8,1.6,0.4,0.0,-1.0,3,171.2592358971847,Newcastle United (default stadium),False,0,0.0,0,0,1,0,H
2940,2018-02-11,Southampton,Liverpool,Premier League,Premier League,1468.6571014975339,1635.3479138650919,8.0,7.0,0.2,1.6,1.6,0.6,2.2,1.4,0.2,-0.4,5,5410.461987095733,Southampton (default stadium),False,0,0.0,0,0,0,2,A
2941,2018-02-12,Chelsea,West Bromwich Albion,Premier League,Premier League,1627.029471398822,1421.806917018285,7.0,9.0,0.2,1.4,1.8,0.2,1.2,1.8,0.8,1.4,5,170.0193819377569,Chelsea (default stadium),False,0,0.0,0,0,3,0,H
2942,2018-02-24,Bournemouth,Newcastle United,Premier League,Premier League,1487.403965152156,1450.4739134058236,13.0,13.0,0.6,1.8,1.4,0.2,1.0,1.2,0.6666666666666666,0.6666666666666666,3,472.12392823775417,Bournemouth (default stadium),False,0,0.0,0,0,2,2,D
2943,2018-02-24,Brighton,Swansea,Premier League,Premier League,1467.7163881795104,1461.2892633846304,14.0,14.0,0.2,1.0,1.8,0.6,1.4,0.6,1.0,1.0,1,281.70514105854767,Brighton (default stadium),False,0,0.0,0,0,4,1,H
2944,2018-02-24,Burnley,Southampton,Premier League,Premier League,1486.50529072232,1461.3703975003023,14.0,13.0,0.0,0.4,1.0,0.2,1.4,1.6,0.6666666666666666,0.0,3,6489.228471942674,Burnley (default stadium),False,0,0.0,0,0,1,1,D
2945,2018-02-24,Leicester City,Stoke,Premier League,Premier League,1512.578810993772,1432.8507636006673,14.0,14.0,0.2,1.0,1.6,0.2,0.8,1.2,0.4,1.0,5,167.64927486136108,Leicester City (default stadium),False,0,0.0,0,0,1,1,D
2946,2018-02-24,Liverpool,West Ham United,Premier League,Premier League,1642.6346178623235,1480.5772122309231,13.0,14.0,0.6,2.2,1.2,0.4,1.8,1.2,0.4,0.4,5,5299.298724106387,Liverpool (default stadium),False,0,0.0,0,0,4,1,H
2947,2018-02-24,Watford,Everton,Premier League,Premier League,1438.863769827841,1507.9293088145098,14.0,14.0,0.2,1.2,1.4,0.4,1.4,2.4,0.2,-0.2,5,11672.34169380457,Watford (default stadium),False,0,0.0,0,0,1,0,H
2948,2018-02-24,West Bromwich Albion,Huddersfield,Premier League,Premier League,1418.403193501064,1452.4732361223198,12.0,13.0,0.2,1.0,2.0,0.2,1.0,2.4,0.0,-1.0,1,122.16637044097324,West Bromwich Albion (default stadium),False,0,0.0,0,0,1,2,A
2949,2018-02-25,Crystal Palace,Tottenham Hotspur,Premier League,Premier League,1459.5571685418126,1648.831592765346,15.0,15.0,0.2,1.0,1.8,0.6,2.0,0.6,0.0,-1.2,5,20.57108758153193,Crystal Palace (default stadium),False,0,0.0,0,0,0,1,A
2950,2018-02-25,Manchester United,Chelsea,Premier League,Premier League,1626.0375783578909,1630.433194916043,14.0,13.0,0.6,1.2,0.6,0.4,1.6,1.4,0.2,-0.6,5,260.84692450845216,Manchester United (default stadium),False,0,0.0,0,0,2,1,H
2951,2018-03-01,Arsenal,Manchester City,Premier League,Premier League,1583.624376050316,1704.3252549134031,19.0,19.0,0.4,2.2,1.6,0.6,3.0,1.4,0.2,-0.4,5,256.9000111017041,Arsenal (default stadium),False,0,0.0,0,0,0,3,A
2952,2018-03-03,Burnley,Everton,Premier League,Premier League,1483.8335309553104,1497.9562046996466,7.0,7.0,0.0,0.6,1.0,0.4,1.4,1.8,0.6666666666666666,0.0,3,7457.166496435577,Burnley (default stadium),False,0,0.0,0,0,2,1,H
2953,2018-03-03,Leicester City,Bournemouth,Premier League,Premier League,1508.5176452885805,1484.4199000975532,7.0,7.0,0.2,1.2,1.8,0.4,1.8,1.6,0.0,-0.2,5,215.0463353224413,Leicester City (default stadium),False,0,0.0,0,0,1,1,D
2954,2018-03-03,Liverpool,Newcastle United,Premier League,Premier League,1646.798551496872,1453.4579784604264,7.0,7.0,0.6,2.2,0.8,0.2,1.2,1.4,0.0,-0.6666666666666666,3,5307.58997068219,Liverpool (default stadium),False,0,0.0,0,0,2,0,H
2955,2018-03-03,Southampton,Stoke,Premier League,Premier League,1464.042157267312,1436.9119293058588,7.0,7.0,0.2,1.2,1.4,0.2,1.0,0.8,0.2,-0.4,5,217.169880891397,Southampton (default stadium),False,0,0.0,0,0,0,0,D
2956,2018-03-03,Swansea,West Ham United,Premier League,Premier League,1453.4542052209106,1476.4132785963745,7.0,7.0,0.6,1.4,1.2,0.2,1.2,1.8,0.2,-0.4,5,271.00387883479357,Swansea (default stadium),False,0,0.0,0,0,4,1,H
2957,2018-03-03,Tottenham Hotspur,Huddersfield,Premier League,Premier League,1655.5273951380796,1463.50371252872,6.0,7.0,0.6,1.4,0.6,0.4,1.2,1.8,1.0,4.0,1,255.25978769220998,Tottenham Hotspur (default stadium),False,0,0.0,0,0,2,0,H
2958,2018-03-03,Watford,West Bromwich Albion,Premier League,Premier League,1448.8368739427042,1407.3727170946638,7.0,7.0,0.4,1.0,1.0,0.0,0.8,2.4,0.4,0.2,5,146.51145046000096,Watford (default stadium),False,0,0.0,0,0,1,0,H
2959,2018-03-04,Brighton,Arsenal,Premier League,Premier League,1475.5514463432303,1575.0733935006256,8.0,3.0,0.4,1.8,1.6,0.4,2.0,1.8,0.0,-2.0,1,77.11653294203013,Brighton (default stadium),False,0,0.0,0,0,2,1,H
2960,2018-03-04,Manchester City,Chelsea,Premier League,Premier League,1712.8762374630935,1622.2993147333582,3.0,7.0,0.8,3.0,0.6,0.4,1.8,1.8,0.6,0.8,5,260.84692450845216,Manchester City (default stadium),False,0,0.0,0,0,1,0,H
2961,2018-03-05,Crystal Palace,Manchester United,Premier League,Premier League,1452.861366169079,1634.1714585405757,8.0,8.0,0.0,0.8,2.0,0.6,1.0,0.8,0.0,-1.8,5,271.155957712397,Crystal Palace (default stadium),False,0,0.0,0,0,2,3,A
2962,2018-03-10,Chelsea,Crystal Palace,Premier League,Premier League,1616.6178877302493,1445.959836599137,6.0,5.0,0.2,1.0,2.0,0.0,1.0,1.8,0.4,0.2,5,10.944971454605678,Chelsea (default stadium),False,0,0.0,0,0,2,1,H
2963,2018-03-10,Everton,Brighton,Premier League,Premier League,1489.5507590415993,1486.3991171866276,7.0,6.0,0.4,1.4,2.0,0.6,2.2,1.0,0.0,0.0,1,11640.55138593053,Everton (default stadium),False,0,0.0,0,0,2,0,H
2964,2018-03-10,Huddersfield,Swansea,Premier League,Premier League,1459.87998285599,1462.108471685671,7.0,7.0,0.4,1.2,1.8,0.6,2.0,1.4,0.0,-2.0,1,267.1615484561505,Huddersfield (default stadium),False,0,0.0,0,0,0,0,D
2965,2018-03-10,Manchester United,Liverpool,Premier League,Premier League,1641.0729881105178,1650.3998425715674,5.0,7.0,0.6,1.4,1.2,0.8,2.6,0.6,0.4,0.6,5,5387.234837982907,Manchester United (default stadium),True,0,0.0,0,0,2,1,H
2966,2018-03-10,Newcastle United,Southampton,Premier League,Premier League,1449.856687385731,1461.3171489907998,7.0,7.0,0.2,1.0,1.2,0.2,1.0,1.2,0.0,-0.6666666666666666,3,452.9404186033056,Newcastle United (default stadium),False,0,0.0,0,0,3,0,H
2967,2018-03-10,West Bromwich Albion,Leicester City,Premier League,Premier League,1400.4751955869588,1505.8736281944546,7.0,7.0,0.0,0.6,2.4,0.0,1.0,2.0,0.2,-0.2,5,55.00254871843119,West Bromwich Albion (default stadium),False,0,0.0,0,0,1,4,A
2968,2018-03-10,West Ham United,Burnley,Premier League,Premier League,1467.759012131614,1492.2389766133576,7.0,7.0,0.2,1.2,2.4,0.2,1.0,1.0,0.6666666666666666,0.6666666666666666,3,6562.099962977977,West Ham United (default stadium),False,0,0.0,0,0,0,3,A
2969,2018-03-11,Arsenal,Watford,Premier League,Premier League,1564.2257226572283,1455.7343954504092,7.0,8.0,0.2,1.4,2.0,0.6,1.2,0.6,0.6,1.4,5,22.816875346141348,Arsenal (default stadium),False,0,0.0,0,0,3,0,H
2970,2018-03-11,Bournemouth,Tottenham Hotspur,Premier League,Premier League,1487.0639171916791,1659.1511248108095,8.0,8.0,0.4,1.8,1.6,0.8,1.6,0.4,0.0,-2.4,5,156.84013393890496,Bournemouth (default stadium),False,0,0.0,0,0,1,4,A
2971,2018-03-12,Stoke,Manchester City,Premier League,Premier League,1439.636937582371,1718.5576644662024,9.0,8.0,0.0,0.6,0.8,0.8,2.6,0.4,0.2,-2.0,5,275.4298868384115,Stoke (default stadium),False,0,0.0,0,0,0,2,A
2972,2018-03-17,Bournemouth,West Bromwich Albion,Premier League,Premier League,1479.920483952267,1391.4905335580413,6.0,7.0,0.2,1.4,2.4,0.0,0.8,2.6,0.4,0.0,5,203.18642139610964,Bournemouth (default stadium),False,0,0.0,0,0,2,1,H
2973,2018-03-17,Huddersfield,Crystal Palace,Premier League,Premier League,1457.9537310088829,1441.9567788958645,7.0,7.0,0.4,1.2,1.2,0.0,1.0,2.0,1.0,3.0,1,273.8144211307599,Huddersfield (default stadium),False,0,0.0,0,0,0,2,A
2974,2018-03-17,Liverpool,Watford,Premier League,Premier League,1642.1286180607235,1450.4629312929555,7.0,6.0,0.6,2.2,1.0,0.6,1.2,1.2,0.6,1.0,5,5321.850013915433,Liverpool (default stadium),False,0,0.0,0,0,5,0,H
2975,2018-03-17,Stoke,Everton,Premier League,Premier League,1435.0168349750372,1497.4758555955937,5.0,7.0,0.0,0.6,1.2,0.4,1.4,1.8,0.2,-0.8,5,11785.527014866359,Stoke (default stadium),False,0,0.0,0,0,1,2,A
2976,2018-03-31,Brighton,Leicester City,Premier League,Premier League,1478.4740206326333,1514.858290223372,21.0,21.0,0.6,2.0,1.2,0.2,1.6,1.8,0.0,-2.0,1,208.7110806263465,Brighton (default stadium),False,0,0.0,0,0,0,2,A
2977,2018-03-31,Crystal Palace,Liverpool,Premier League,Premier League,1454.3826307956679,1645.7584664417536,14.0,14.0,0.2,1.2,1.8,0.8,2.8,0.6,0.4,-0.4,5,5306.285725112793,Crystal Palace (default stadium),False,0,0.0,0,0,1,2,A
2978,2018-03-31,Everton,Manchester City,Premier League,Premier League,1507.6928683527344,1723.1777670735362,14.0,19.0,0.6,1.6,1.0,0.8,2.4,0.4,0.2,0.4,5,11690.468746176242,Everton (default stadium),False,0,0.0,0,0,1,3,A
2979,2018-03-31,Manchester United,Swansea,Premier League,Premier League,1649.3442126213617,1464.0347235327781,21.0,21.0,0.8,1.8,1.0,0.4,1.4,1.2,0.6,1.2,5,235.8161570960022,Manchester United (default stadium),False,0,0.0,0,0,2,0,H
2980,2018-03-31,Newcastle United,Huddersfield,Premier League,Premier League,1458.187549267108,1445.5278791090795,21.0,14.0,0.4,1.4,1.0,0.4,1.2,1.2,0.0,-1.0,1,147.76004493466408,Newcastle United (default stadium),False,0,0.0,0,0,1,0,H
2981,2018-03-31,Watford,Bournemouth,Premier League,Premier League,1446.8330829119254,1485.6523148746946,14.0,14.0,0.4,0.4,2.0,0.2,1.4,2.4,0.2,0.4,5,142.71746668291058,Watford (default stadium),False,0,0.0,0,0,2,2,D
2982,2018-03-31,West Bromwich Albion,Burnley,Premier League,Premier League,1385.7587026356136,1503.5417030837734,14.0,21.0,0.0,0.6,2.4,0.4,1.4,0.8,0.6666666666666666,1.6666666666666667,3,6404.481396239543,West Bromwich Albion (default stadium),False,0,0.0,0,0,1,2,A
2983,2018-03-31,West Ham United,Southampton,Premier League,Premier League,1456.4562856611983,1452.9862871094228,21.0,21.0,0.2,1.0,2.8,0.2,0.8,1.6,0.4,-0.4,5,118.78899564721851,West Ham United (default stadium),False,0,0.0,0,0,3,0,H
2984,2018-04-01,Arsenal,Stoke,Premier League,Premier League,1569.497186814682,1424.7998222178965,21.0,15.0,0.4,1.8,1.4,0.0,0.6,1.2,0.6,1.2,5,102.57433411648985,Arsenal (default stadium),False,0,0.0,0,0,3,0,H
2985,2018-04-01,Chelsea,Tottenham Hotspur,Premier League,Premier League,1620.6209454335217,1666.2945580502217,22.0,21.0,0.4,1.4,1.6,0.8,2.0,0.6,0.4,0.0,5,16.124829392275434,Chelsea (default stadium),True,0,0.0,0,0,1,3,A
2986,2018-04-07,Bournemouth,Crystal Palace,Premier League,Premier League,1486.5473678169617,1447.7406003685564,7.0,7.0,0.2,1.6,2.0,0.2,1.2,1.6,0.2,-0.2,5,145.13706164318188,Bournemouth (default stadium),False,0,0.0,0,0,2,2,D
2987,2018-04-07,Brighton,Huddersfield,Premier League,Premier League,1467.5094900152021,1437.863120549975,7.0,7.0,0.4,1.4,1.4,0.2,0.4,1.2,0.0,-2.0,1,331.01226557957716,Brighton (default stadium),False,0,0.0,0,0,1,1,D
2988,2018-04-07,Everton,Liverpool,Premier League,Premier League,1501.6515457880917,1652.400496868865,7.0,7.0,0.4,1.2,1.4,0.8,2.8,0.8,0.0,-1.4,5,16451.58764038487,Everton (default stadium),True,0,0.0,0,0,0,0,D
2989,2018-04-07,Leicester City,Newcastle United,Premier League,Premier League,1525.8228208408032,1465.8523078262124,7.0,7.0,0.4,1.8,1.6,0.6,1.4,0.8,1.0,1.6666666666666667,3,263.6083592563879,Leicester City (default stadium),False,0,0.0,0,0,1,2,A
2990,2018-04-07,Manchester City,Manchester United,Premier League,Premier League,1729.219089638179,1653.084039106935,7.0,7.0,1.0,2.8,0.4,0.8,1.8,1.0,0.4,0.2,5,0.0,Manchester City (default stadium),True,0,0.0,0,0,2,3,A
2991,2018-04-07,Stoke,Tottenham Hotspur,Premier League,Premier League,1420.296803943723,1676.993585836246,6.0,6.0,0.0,0.4,1.6,1.0,2.2,0.4,0.0,-3.2,5,97.17924263016836,Stoke (default stadium),False,0,0.0,0,0,1,2,A
2992,2018-04-07,Watford,Burnley,Premier League,Premier League,1445.9380299696584,1512.1750038090493,7.0,7.0,0.4,0.8,2.0,0.6,1.6,0.8,0.3333333333333333,-0.6666666666666666,3,6533.004942220552,Watford (default stadium),False,0,0.0,0,0,1,2,A
2993,2018-04-07,West Bromwich Albion,Swansea,Premier League,Premier League,1377.1254019103378,1460.2948970472048,7.0,7.0,0.0,0.8,2.2,0.4,1.2,1.4,0.2,-0.2,5,169.67031549263714,West Bromwich Albion (default stadium),False,0,0.0,0,0,1,1,D
2994,2018-04-08,Arsenal,Southampton,Premier League,Premier League,1574.0002050888554,1445.0699574389566,7.0,8.0,0.4,1.4,1.2,0.0,0.2,1.8,0.4,-0.2,5,114.81248103375616,Arsenal (default stadium),False,0,0.0,0,0,3,2,H
2995,2018-04-08,Chelsea,West Ham United,Premier League,Premier League,1609.9219176474974,1464.3726153316645,7.0,8.0,0.4,1.4,1.4,0.4,1.4,2.2,0.4,0.0,5,13.657971575674615,Chelsea (default stadium),False,0,0.0,0,0,1,1,D
2996,2018-04-14,Burnley,Leicester City,Premier League,Premier League,1522.2833081733845,1512.2472226201708,7.0,7.0,0.8,2.0,0.8,0.4,1.8,1.0,0.3333333333333333,-1.0,3,6455.690567406472,Burnley (default stadium),False,0,0.0,0,0,2,1,H
2997,2018-04-14,Crystal Palace,Brighton,Premier League,Premier League,1450.7737920269792,1464.7175722757313,7.0,7.0,0.2,1.6,1.8,0.4,1.4,1.4,0.0,0.0,1,62.01282292846458,Crystal Palace (default stadium),False,0,0.0,0,0,3,2,H
2998,2018-04-14,Huddersfield,Watford,Premier League,Premier League,1440.6550382894459,1435.8297256053231,7.0,7.0,0.0,0.2,1.2,0.2,0.8,2.4,1.0,3.0,1,241.20875372023048,Huddersfield (default stadium),False,0,0.0,0,0,1,0,H
2999,2018-04-14,Liverpool,Bournemouth,Premier League,Premier League,1650.1173176138402,1483.514176158539,7.0,7.0,0.6,2.0,0.6,0.2,1.6,2.0,0.6,1.0,5,5445.991656818437,Liverpool (default stadium),False,0,0.0,0,0,3,0,H
3000,2018-04-14,Southampton,Chelsea,Premier League,Premier League,1440.2423794819788,1604.4078476351208,6.0,6.0,0.0,0.6,2.0,0.2,1.0,1.6,0.2,-0.8,5,105.31037742874952,Southampton (default stadium),False,0,0.0,0,0,2,3,A
3001,2018-04-14,Swansea,Everton,Premier League,Premier League,1459.9160299393247,1503.9347250431165,7.0,7.0,0.2,1.2,1.6,0.4,1.2,1.2,0.4,0.0,5,11474.649384341092,Swansea (default stadium),False,0,0.0,0,0,1,1,D
3002,2018-04-14,Tottenham Hotspur,Manchester City,Premier League,Premier League,1682.0837422926813,1715.244643547185,7.0,7.0,1.0,2.4,0.6,0.8,2.2,0.8,0.6,0.6,5,253.91120185713115,Tottenham Hotspur (default stadium),False,0,0.0,0,0,1,3,A
3003,2018-04-15,Manchester United,West Bromwich Albion,Premier League,Premier League,1667.058485197929,1377.5042690182179,8.0,8.0,1.0,2.4,1.2,0.0,0.8,2.0,0.6,0.8,5,103.87357381667516,Manchester United (default stadium),False,0,0.0,0,0,0,1,A
3004,2018-04-15,Newcastle United,Arsenal,Premier League,Premier League,1479.4279060468448,1578.8277830458333,8.0,7.0,0.6,1.6,1.0,0.6,2.0,1.4,0.0,-1.0,3,392.7352980316752,Newcastle United (default stadium),False,0,0.0,0,0,2,1,H
3005,2018-04-16,West Ham United,Stoke,Premier League,Premier League,1469.886685344041,1415.2066474872877,8.0,9.0,0.2,1.2,2.4,0.0,0.4,1.8,0.2,0.4,5,98.38337997534771,West Ham United (default stadium),False,0,0.0,0,0,1,1,D
3006,2018-04-17,Brighton,Tottenham Hotspur,Premier League,Premier League,1456.3171442561181,1671.0273835970518,3.0,3.0,0.2,1.0,1.8,0.8,2.4,1.2,0.0,-2.0,1,82.58337268155316,Brighton (default stadium),False,0,0.0,0,0,1,1,D
3007,2018-04-18,Bournemouth,Manchester United,Premier League,Premier League,1479.4358581149957,1649.299902690401,4.0,3.0,0.2,1.4,2.4,0.8,2.0,1.2,0.2,-0.8,5,306.55795629981236,Bournemouth (default stadium),False,0,0.0,0,0,0,2,A
3008,2018-04-19,Burnley,Chelsea,Premier League,Premier League,1530.0195863451602,1611.7620176777448,5.0,5.0,1.0,2.2,0.8,0.4,1.4,1.6,0.3333333333333333,-0.6666666666666666,3,6552.140911877313,Burnley (default stadium),False,0,0.0,0,0,1,2,A
3009,2018-04-19,Leicester City,Southampton,Premier League,Premier League,1504.510944448395,1432.8882094393548,5.0,5.0,0.4,1.8,1.2,0.0,0.8,2.4,0.4,0.2,5,191.4130852325117,Leicester City (default stadium),False,0,0.0,0,0,0,0,D
3010,2018-04-21,Watford,Crystal Palace,Premier League,Premier League,1427.9506808661765,1459.1742200465924,7.0,7.0,0.0,0.6,2.6,0.4,1.8,1.6,0.2,-0.4,5,34.44633804123294,Watford (default stadium),False,0,0.0,0,0,0,0,D
3011,2018-04-21,West Bromwich Albion,Liverpool,Premier League,Premier League,1395.2628515257459,1654.1956356573835,6.0,7.0,0.2,1.0,1.8,0.6,2.2,0.6,0.0,-0.4,5,5397.522050574016,West Bromwich Albion (default stadium),False,0,0.0,0,0,2,2,D
3012,2018-04-22,Arsenal,West Ham United,Premier League,Premier League,1567.983600521939,1466.4446080508005,7.0,6.0,0.6,2.2,1.2,0.2,1.2,1.8,0.4,1.0,5,6.7390655013334415,Arsenal (default stadium),False,0,0.0,0,0,4,1,H
3013,2018-04-22,Manchester City,Swansea,Premier League,Premier League,1726.3010022428145,1459.1696186843362,8.0,8.0,0.8,2.2,1.0,0.2,1.2,1.0,0.8,1.6,5,235.8161570960022,Manchester City (default stadium),False,0,0.0,0,0,5,0,H
3014,2018-04-22,Stoke,Burnley,Premier League,Premier League,1418.6487247805283,1520.3574320601083,6.0,3.0,0.0,0.6,2.0,0.8,2.0,1.0,0.3333333333333333,0.0,3,6622.334647654521,Stoke (default stadium),False,0,0.0,0,0,1,1,D
3015,2018-04-23,Everton,Newcastle United,Premier League,Premier League,1504.681136298105,1490.272088570739,9.0,8.0,0.4,1.2,1.0,0.8,1.6,0.8,1.0,1.6666666666666667,3,11820.07394279188,Everton (default stadium),False,0,0.0,0,0,1,0,H
3016,2018-04-28,Burnley,Brighton,Premier League,Premier League,1519.447307599047,1460.2570027340842,6.0,11.0,0.6,1.6,1.2,0.0,0.8,1.8,0.0,0.0,1,6578.701185693557,Burnley (default stadium),False,0,0.0,0,0,0,0,D
3017,2018-04-28,Crystal Palace,Leicester City,Premier League,Premier League,1460.285685231806,1500.6464191235505,7.0,9.0,0.4,1.6,1.2,0.4,1.6,1.0,0.2,-0.2,5,152.43481774000773,Crystal Palace (default stadium),False,0,0.0,0,0,5,0,H
3018,2018-04-28,Huddersfield,Everton,Premier League,Premier League,1448.5340830285925,1512.2983458590736,14.0,5.0,0.2,0.4,0.8,0.4,1.0,1.0,0.0,-2.0,1,11724.760626435651,Huddersfield (default stadium),False,0,0.0,0,0,0,2,A
3019,2018-04-28,Liverpool,Stoke,Premier League,Premier League,1649.2371036539032,1419.5588492415895,7.0,6.0,0.6,2.4,0.6,0.0,0.8,1.8,1.0,2.2,5,5207.768724813521,Liverpool (default stadium),False,0,0.0,0,0,0,0,D
3020,2018-04-28,Newcastle United,West Bromwich Albion,Premier League,Premier League,1482.6548790097704,1400.2213835292262,5.0,7.0,0.8,1.6,0.6,0.2,1.2,1.4,0.3333333333333333,0.0,3,269.9204995926814,Newcastle United (default stadium),False,0,0.0,0,0,0,1,A
3021,2018-04-28,Southampton,Bournemouth,Premier League,Premier League,1436.7527347641994,1472.2335516771277,9.0,10.0,0.0,0.8,2.4,0.2,1.2,2.0,0.4,0.4,5,36.717522209000165,Southampton (default stadium),False,0,0.0,0,0,2,1,H
3022,2018-04-28,Swansea,Chelsea,Premier League,Premier League,1456.6581645994409,1621.4241719627967,6.0,9.0,0.0,0.4,1.8,0.6,1.8,1.6,0.2,-0.4,5,259.38781464619586,Swansea (default stadium),False,0,0.0,0,0,0,1,A
3023,2018-04-29,Manchester United,Arsenal,Premier League,Premier League,1656.502209128269,1573.4118904951158,11.0,7.0,0.8,1.8,0.8,0.8,2.8,1.0,0.4,-0.4,5,256.9000111017041,Manchester United (default stadium),False,0,0.0,0,0,2,1,H
3024,2018-04-29,West Ham United,Manchester City,Premier League,Premier League,1461.0163180776237,1728.81245632771,7.0,7.0,0.2,1.2,1.8,0.8,3.0,1.0,0.2,-1.2,5,262.0495522571908,West Ham United (default stadium),False,0,0.0,0,0,1,4,A
3025,2018-04-30,Tottenham Hotspur,Watford,Premier League,Premier League,1667.0875251190857,1426.839215680963,13.0,9.0,0.6,2.2,1.4,0.0,0.6,2.0,0.8,1.8,5,23.679576890869605,Tottenham Hotspur (default stadium),False,0,0.0,0,0,2,0,H
3026,2018-05-04,Brighton,Manchester United,Premier League,Premier League,1463.813000056323,1662.3605493358323,6.0,5.0,0.0,0.8,1.4,0.8,1.8,0.8,0.0,-1.0,1,325.25795184878103,Brighton (default stadium),False,0,0.0,0,0,1,0,H
3027,2018-05-05,Bournemouth,Swansea,Premier League,Premier League,1463.223837320014,1449.3200620850919,7.0,7.0,0.0,1.0,2.2,0.0,0.4,2.0,0.6,1.2,5,177.55997151067382,Bournemouth (default stadium),False,0,0.0,0,0,1,0,H
3028,2018-05-05,Everton,Southampton,Premier League,Premier League,1522.4778055330203,1445.7624491213132,7.0,7.0,0.4,1.0,0.8,0.2,1.2,2.0,0.4,0.4,5,11568.424076531252,Everton (default stadium),False,0,0.0,0,0,1,1,D
3029,2018-05-05,Leicester City,West Ham United,Premier League,Premier League,1491.497442318491,1456.1647905794375,7.0,6.0,0.2,0.8,1.8,0.2,1.4,2.0,0.6,0.6,5,142.949836877498,Leicester City (default stadium),False,0,0.0,0,0,0,2,A
3030,2018-05-05,Stoke,Crystal Palace,Premier League,Premier League,1426.534506766285,1469.4346620368653,7.0,7.0,0.0,0.6,1.4,0.4,2.2,1.2,0.2,-1.0,5,109.48338153904736,Stoke (default stadium),False,0,0.0,0,0,1,2,A
3031,2018-05-05,Watford,Newcastle United,Premier League,Premier League,1423.9677737909415,1468.5288935401204,5.0,7.0,0.0,0.6,1.4,0.6,1.0,0.8,1.0,1.6666666666666667,3,378.04905633016585,Watford (default stadium),False,0,0.0,0,0,2,1,H
3032,2018-05-05,West Bromwich Albion,Tottenham Hotspur,Premier League,Premier League,1414.3473689988762,1669.9589670091073,7.0,5.0,0.4,1.2,1.0,0.6,1.8,1.2,0.0,-0.8,5,167.03808994677587,West Bromwich Albion (default stadium),False,0,0.0,0,0,1,0,H
3033,2018-05-06,Arsenal,Burnley,Premier League,Premier League,1567.5535502875525,1515.891310276808,7.0,8.0,0.6,2.4,1.4,0.4,1.2,1.0,1.0,1.0,3,6555.361279391892,Arsenal (default stadium),False,0,0.0,0,0,5,0,H
3034,2018-05-06,Chelsea,Liverpool,Premier League,Premier League,1628.7622744771456,1642.2614461292078,8.0,8.0,0.6,1.6,1.4,0.4,1.4,0.6,0.0,-0.6,5,5312.655647759373,Chelsea (default stadium),False,0,0.0,0,0,1,0,H
3035,2018-05-06,Manchester City,Huddersfield,Premier League,Premier League,1733.6639838258961,1438.3546233546458,7.0,8.0,0.8,3.4,1.2,0.2,0.4,1.2,1.0,1.0,1,34.30790636336862,Manchester City (default stadium),False,0,0.0,0,0,0,0,D
3036,2018-05-08,Swansea,Southampton,Premier League,Premier League,1441.6891305688696,1449.750950043858,3.0,3.0,0.0,0.4,1.8,0.2,1.4,1.6,0.2,-0.6,5,194.99590699752744,Swansea (default stadium),False,0,0.0,0,0,0,1,A
3037,2018-05-09,Chelsea,Huddersfield,Premier League,Premier League,1637.1502356158562,1446.1782978971219,3.0,3.0,0.8,1.6,0.8,0.2,0.4,0.8,1.0,2.0,1,264.0587647332326,Chelsea (default stadium),False,0,0.0,0,0,1,1,D
3038,2018-05-09,Leicester City,Arsenal,Premier League,Premier League,1478.5553173007627,1574.1882688802843,4.0,3.0,0.0,0.4,2.2,0.6,2.8,1.4,0.0,-1.2,5,137.93652464122155,Leicester City (default stadium),False,0,0.0,0,0,3,1,H
3039,2018-05-09,Manchester City,Brighton,Premier League,Premier League,1725.84030928342,1477.3528261114593,3.0,5.0,0.6,2.8,1.0,0.2,1.0,1.0,1.0,2.0,1,325.25795184878103,Manchester City (default stadium),False,0,0.0,0,0,3,1,H
3040,2018-05-09,Tottenham Hotspur,Newcastle United,Premier League,Premier League,1655.0728644301894,1459.2597777424667,4.0,4.0,0.4,1.2,1.2,0.4,1.0,1.2,0.3333333333333333,-1.0,3,388.1243553495561,Tottenham Hotspur (default stadium),False,0,0.0,0,0,1,0,H
3041,2018-05-10,West Ham United,Manchester United,Premier League,Premier League,1469.1069155971659,1648.820723280696,5.0,6.0,0.2,1.2,2.0,0.6,1.4,1.0,0.2,-1.0,5,262.0495522571908,West Ham United (default stadium),False,0,0.0,0,0,0,0,D
3042,2018-05-13,Burnley,Bournemouth,Premier League,Premier League,1509.2565916840763,1470.8547688362362,7.0,8.0,0.2,0.8,1.8,0.2,0.8,1.8,0.6666666666666666,0.3333333333333333,3,6464.032279474406,Burnley (default stadium),False,0,0.0,0,0,1,2,A
3043,2018-05-13,Crystal Palace,West Bromwich Albion,Premier League,Premier League,1480.2130802910165,1429.233471577794,8.0,8.0,0.6,2.4,1.0,0.6,1.2,0.6,0.4,0.4,5,180.90264463990698,Crystal Palace (default stadium),False,0,0.0,0,0,2,0,H
3044,2018-05-13,Huddersfield,Arsenal,Premier League,Premier League,1452.5365693784106,1563.4518289224768,4.0,4.0,0.2,0.6,0.8,0.4,2.4,1.6,0.0,-5.0,1,258.9472722783357,Huddersfield (default stadium),False,0,0.0,0,0,0,1,A
3045,2018-05-13,Liverpool,Brighton,Premier League,Premier League,1633.8734849904972,1474.596059509107,7.0,4.0,0.2,1.0,0.6,0.2,1.0,1.4,1.0,4.0,1,5323.625304961785,Liverpool (default stadium),False,0,0.0,0,0,4,0,H
3046,2018-05-13,Manchester United,Watford,Premier League,Premier League,1645.763845599324,1433.2368895885952,3.0,8.0,0.4,0.8,0.6,0.2,0.6,1.2,0.8,0.8,5,237.3590819226217,Manchester United (default stadium),False,0,0.0,0,0,1,0,H
3047,2018-05-13,Newcastle United,Chelsea,Premier League,Premier League,1455.7003228321519,1630.7919641345675,4.0,4.0,0.2,0.6,1.2,0.8,1.6,0.8,0.0,-2.0,3,399.367741301676,Newcastle United (default stadium),False,0,0.0,0,0,3,0,H
3048,2018-05-13,Southampton,Manchester City,Premier League,Premier League,1461.5150255991136,1728.5970758857725,5.0,4.0,0.4,1.2,1.0,0.8,3.0,0.6,0.2,-0.8,5,291.8406815664775,Southampton (default stadium),False,0,0.0,0,0,0,1,A
3049,2018-05-13,Swansea,Stoke,Premier League,Premier League,1429.925055013614,1415.7560885121338,5.0,8.0,0.0,0.2,1.8,0.0,0.8,1.2,0.2,-0.4,5,351.8654069044793,Swansea (default stadium),False,0,0.0,0,0,1,2,A
3050,2018-05-13,Tottenham Hotspur,Leicester City,Premier League,Premier League,1658.6323193405042,1489.2917572585702,4.0,4.0,0.4,1.0,1.0,0.2,0.8,2.0,0.2,0.6,5,134.78780460437943,Tottenham Hotspur (default stadium),False,0,0.0,0,0,5,4,H
3051,2018-05-13,West Ham United,Everton,Premier League,Premier League,1472.163793278538,1518.4893046104755,3.0,8.0,0.2,1.0,1.8,0.4,1.0,0.4,0.2,-1.0,5,11687.188342303432,West Ham United (default stadium),False,0,0.0,0,0,3,1,H
2292,2018-08-10,Manchester United,Leicester City,Premier League,Premier League,1611.7878368854235,1488.9482710273874,89.0,89.0,0.6,1.0,0.4,0.2,1.4,2.6,0.6,1.6,5,119.18446031803153,Manchester United (default stadium),False,0,0.0,0,0,2,1,H
2293,2018-08-11,Bournemouth,Cardiff,Premier League,Premier League,1487.9080303694413,1500.0,90.0,,0.4,0.8,1.6,0.5,0.0,0.0,0.5,0.0,0,125.03805949315758,Bournemouth (default stadium),False,0,0.0,0,0,2,0,H
2294,2018-08-11,Fulham,Crystal Palace,Premier League,Premier League,1500.0,1490.1489247279123,,90.0,0.5,0.0,0.0,0.8,2.4,0.6,0.5,0.0,0,11.049065852200664,Fulham (default stadium),False,0,0.0,0,0,0,2,A
2295,2018-08-11,Huddersfield,Chelsea,Premier League,Premier League,1457.781593491583,1588.3921325907431,90.0,90.0,0.2,0.4,0.8,0.6,1.0,1.0,0.0,-1.0,2,264.0587647332326,Huddersfield (default stadium),False,0,0.0,0,0,0,3,A
2296,2018-08-11,Newcastle United,Tottenham Hotspur,Premier League,Premier League,1476.4770826342965,1621.9947864219184,90.0,90.0,0.2,0.8,1.0,0.6,1.8,1.2,0.5,0.5,4,388.1243553495561,Newcastle United (default stadium),False,0,0.0,0,0,1,2,A
2297,2018-08-11,Watford,Brighton,Premier League,Premier League,1447.462714505516,1477.7843383558338,90.0,90.0,0.2,0.4,1.0,0.2,0.6,1.6,0.0,-0.5,2,90.38973636945235,Watford (default stadium),False,0,0.0,0,0,2,0,H
2298,2018-08-11,Wolverhampton Wanderers,Everton,Premier League,Premier League,1500.0,1506.877243875073,,90.0,0.5,0.0,0.0,0.4,1.2,1.0,0.5,0.0,0,9274.580162181222,Wolverhampton Wanderers (default stadium),False,0,0.0,0,0,2,2,D
2299,2018-08-12,Arsenal,Manchester City,Premier League,Premier League,1554.2097052340828,1675.097793377541,91.0,91.0,0.6,2.4,1.2,0.8,2.6,0.4,0.0,-1.2,5,256.9000111017041,Arsenal (default stadium),False,0,0.0,0,0,0,2,A
2300,2018-08-12,Liverpool,West Ham United,Premier League,Premier League,1603.5678200188693,1486.1125795416872,91.0,91.0,0.4,1.8,0.6,0.4,1.4,1.8,0.6,1.6,5,5299.298724106387,Liverpool (default stadium),False,0,0.0,0,0,4,0,H
2301,2018-08-12,Southampton,Burnley,Premier League,Premier League,1467.4862827361235,1497.175490020793,91.0,91.0,0.4,0.8,0.6,0.0,0.6,2.0,0.25,0.0,4,6489.228471942674,Southampton (default stadium),False,0,0.0,0,0,0,0,D
2302,2018-08-18,Cardiff,Newcastle United,Premier League,Premier League,1491.6514629082612,1468.6170619676884,7.0,7.0,0.0,0.0,2.0,0.2,1.0,1.2,0.5,0.0,0,403.73241458382057,Cardiff (default stadium),False,0,0.0,0,0,0,0,D
2303,2018-08-18,Chelsea,Arsenal,Premier League,Premier League,1596.6651052597258,1545.6639974524023,7.0,6.0,0.6,1.2,0.8,0.4,1.6,1.4,0.4,0.0,5,9.950774202617763,Chelsea (default stadium),False,0,0.0,0,0,3,2,H
2304,2018-08-18,Everton,Southampton,Premier League,Premier League,1508.674333254197,1466.33122316308,7.0,6.0,0.4,1.4,1.2,0.4,0.8,0.6,0.2,-0.2,5,11568.424076531252,Everton (default stadium),False,0,0.0,0,0,2,1,H
2305,2018-08-18,Leicester City,Wolverhampton Wanderers,Premier League,Premier League,1483.9911283269275,1498.2029106208759,8.0,7.0,0.2,1.6,3.0,0.0,2.0,2.0,0.5,0.0,0,9203.941453824911,Leicester City (default stadium),False,0,0.0,0,0,2,0,H
2306,2018-08-18,Tottenham Hotspur,Fulham,Premier League,Premier League,1629.8548070885265,1487.7413309268468,7.0,7.0,0.8,2.0,1.2,0.0,0.0,2.0,0.5,0.0,0,16.0284942511911,Tottenham Hotspur (default stadium),False,0,0.0,0,0,3,1,H
2307,2018-08-18,West Ham United,Bournemouth,Premier League,Premier League,1481.0389730038378,1496.25656746118,6.0,7.0,0.4,1.2,1.8,0.6,1.2,1.0,0.4,0.4,5,155.36167637292584,West Ham United (default stadium),False,0,0.0,0,0,1,2,A
2308,2018-08-19,Brighton,Manchester United,Premier League,Premier League,1468.92143460977,1616.7449795858834,8.0,9.0,0.2,0.4,1.8,0.6,1.0,0.6,0.5,0.0,2,325.25795184878103,Brighton (default stadium),False,0,0.0,0,0,3,2,H
2309,2018-08-19,Burnley,Watford,Premier League,Premier League,1498.3305495938364,1456.32561825158,7.0,8.0,0.0,0.4,1.6,0.4,0.8,0.8,0.75,0.75,4,6533.004942220552,Burnley (default stadium),False,0,0.0,0,0,1,3,A
2310,2018-08-19,Manchester City,Huddersfield,Premier League,Premier League,1683.6435011592214,1449.5086208226005,7.0,8.0,0.8,2.0,0.4,0.0,0.2,1.4,0.5,0.5,2,34.30790636336862,Manchester City (default stadium),False,0,0.0,0,0,6,1,H
2311,2018-08-20,Crystal Palace,Liverpool,Premier League,Premier League,1502.4075938010656,1608.6414265567187,9.0,8.0,0.8,2.2,0.2,0.4,2.0,0.6,0.2,-0.8,5,5306.285725112793,Crystal Palace (default stadium),False,0,0.0,0,0,0,2,A
2312,2018-08-25,Arsenal,West Ham United,Premier League,Premier League,1539.012394200256,1469.475147067976,7.0,7.0,0.4,1.8,1.6,0.4,1.2,1.4,0.6,2.0,5,6.7390655013334415,Arsenal (default stadium),False,0,0.0,0,0,3,1,H
2313,2018-08-25,Bournemouth,Everton,Premier League,Premier League,1507.820393397042,1515.549009489825,7.0,7.0,0.8,1.6,0.8,0.4,1.6,1.4,0.4,-0.6,5,11531.827627873134,Bournemouth (default stadium),False,0,0.0,0,0,2,2,D
2314,2018-08-25,Huddersfield,Cardiff,Premier League,Premier League,1446.5495458726195,1489.0359347086546,6.0,7.0,0.0,0.4,2.2,0.0,0.0,1.0,0.5,0.0,0,260.1560096432683,Huddersfield (default stadium),False,0,0.0,0,0,0,0,D
2315,2018-08-25,Liverpool,Brighton,Premier League,Premier League,1617.6022975706285,1481.1246513413817,5.0,6.0,0.6,2.0,0.2,0.4,1.0,2.2,1.0,4.0,2,5323.625304961785,Liverpool (default stadium),False,0,0.0,0,0,1,0,H
2316,2018-08-25,Southampton,Leicester City,Premier League,Premier League,1459.456546927452,1492.399073625941,7.0,7.0,0.2,0.6,0.8,0.4,2.0,2.0,0.2,-0.2,5,191.4130852325117,Southampton (default stadium),False,0,0.0,0,0,1,2,A
2317,2018-08-25,Wolverhampton Wanderers,Manchester City,Premier League,Premier League,1489.7949653218625,1686.6025761092023,7.0,6.0,0.0,1.0,2.0,0.8,2.4,0.4,0.5,0.0,0,9321.398073694803,Wolverhampton Wanderers (default stadium),False,0,0.0,0,0,1,1,D
2318,2018-08-26,Fulham,Burnley,Premier League,Premier League,1483.1862026208908,1485.2140113255027,8.0,7.0,0.0,0.5,2.5,0.0,0.4,2.0,0.5,0.0,0,6552.0788285457975,Fulham (default stadium),False,0,0.0,0,0,4,2,H
2319,2018-08-26,Newcastle United,Chelsea,Premier League,Premier League,1471.232590167295,1603.316708511872,8.0,8.0,0.2,1.0,1.0,0.6,1.6,1.2,0.25,-0.75,4,399.367741301676,Newcastle United (default stadium),False,0,0.0,0,0,1,2,A
2320,2018-08-26,Watford,Crystal Palace,Premier League,Premier League,1469.4421565199136,1493.4467227871557,7.0,6.0,0.6,1.4,1.0,0.8,2.2,0.6,0.2,-0.2,5,34.44633804123294,Watford (default stadium),False,0,0.0,0,0,2,1,H
2321,2018-08-27,Manchester United,Tottenham Hotspur,Premier League,Premier League,1604.5417628542716,1634.4099353944825,8.0,9.0,0.4,1.0,1.0,0.8,2.2,1.4,0.4,-0.8,5,253.91120185713115,Manchester United (default stadium),False,0,0.0,0,0,0,3,A
2322,2018-09-01,Brighton,Fulham,Premier League,Premier League,1476.4543945191751,1491.2543896716234,7.0,6.0,0.2,0.8,2.4,0.3333333333333333,1.6666666666666667,2.3333333333333335,0.5,0.0,0,69.48390935697866,Brighton (default stadium),False,0,0.0,0,0,2,2,D
2323,2018-09-01,Chelsea,Bournemouth,Premier League,Premier League,1611.548563546046,1506.047027500672,6.0,7.0,0.6,1.8,1.4,0.8,1.8,0.8,0.8,1.2,5,141.82746970047285,Chelsea (default stadium),False,0,0.0,0,0,2,0,H
2324,2018-09-01,Crystal Palace,Southampton,Premier League,Premier League,1484.7628976977721,1448.3939734578523,6.0,7.0,0.6,1.4,1.0,0.2,0.6,1.0,0.4,-0.4,5,108.42688407911376,Crystal Palace (default stadium),False,0,0.0,0,0,0,2,A
2325,2018-09-01,Everton,Huddersfield,Premier League,Premier League,1517.322375386195,1445.7592917277227,7.0,7.0,0.2,1.6,1.8,0.0,0.4,2.2,1.0,2.0,2,11724.760626435651,Everton (default stadium),False,0,0.0,0,0,1,1,D
2326,2018-09-01,Leicester City,Liverpool,Premier League,Premier League,1503.4616470955407,1622.272554392835,7.0,7.0,0.6,2.4,1.8,0.8,2.2,0.2,0.4,-0.2,5,5343.065862682322,Leicester City (default stadium),False,0,0.0,0,0,1,2,A
2327,2018-09-01,Manchester City,Newcastle United,Premier League,Premier League,1683.1066317926302,1463.0007351331212,7.0,6.0,0.8,2.6,0.6,0.2,1.0,1.0,0.75,2.0,4,171.2592358971847,Manchester City (default stadium),False,0,0.0,0,0,2,1,H
2328,2018-09-01,West Ham United,Wolverhampton Wanderers,Premier League,Premier League,1463.28849361454,1493.2909096384346,7.0,7.0,0.2,1.0,2.0,0.0,1.0,1.6666666666666667,0.5,0.0,0,9062.016054164233,West Ham United (default stadium),False,0,0.0,0,0,0,1,A
2329,2018-09-02,Burnley,Manchester United,Premier League,Premier League,1477.1458242747703,1593.3917858941295,7.0,6.0,0.0,0.8,2.8,0.4,1.0,1.4,0.0,-0.75,4,6363.654979892703,Burnley (default stadium),False,0,0.0,0,0,0,2,A
2330,2018-09-02,Cardiff,Arsenal,Premier League,Premier League,1489.8261888535515,1545.199047653692,8.0,8.0,0.0,0.0,0.6666666666666666,0.4,1.4,1.8,0.5,0.0,0,212.87691140286714,Cardiff (default stadium),False,0,0.0,0,0,2,3,A
2331,2018-09-02,Watford,Tottenham Hotspur,Premier League,Premier League,1478.1259816092975,1645.5599123546247,7.0,6.0,0.8,1.8,0.8,1.0,2.8,1.2,0.0,-2.0,5,23.679576890869605,Watford (default stadium),False,0,0.0,0,0,2,1,H
2332,2018-09-15,Bournemouth,Leicester City,Premier League,Premier League,1500.7084795830528,1494.8573674699308,14.0,14.0,0.6,1.6,1.2,0.4,2.0,2.0,0.2,0.2,5,215.0463353224413,Bournemouth (default stadium),False,0,0.0,0,0,4,2,H
2333,2018-09-15,Chelsea,Cardiff,Premier League,Premier League,1616.887111463665,1479.4054344447936,14.0,13.0,0.8,2.0,1.2,0.0,0.5,1.25,0.5,0.0,0,207.16578644204577,Chelsea (default stadium),False,0,0.0,0,0,4,1,H
2334,2018-09-15,Huddersfield,Crystal Palace,Premier League,Premier League,1449.6223564637605,1471.7935521233794,14.0,14.0,0.0,0.4,2.2,0.4,1.0,1.2,0.5,0.5,2,273.8144211307599,Huddersfield (default stadium),False,0,0.0,0,0,0,1,A
2335,2018-09-15,Manchester City,Fulham,Premier League,Premier League,1686.275158613791,1492.8299389300219,14.0,14.0,0.8,2.4,0.6,0.25,1.75,2.25,0.5,0.0,0,260.720495981881,Manchester City (default stadium),False,0,0.0,0,0,3,0,H
2336,2018-09-15,Newcastle United,Arsenal,Premier League,Premier League,1459.8322083119604,1555.61980206245,14.0,13.0,0.2,1.2,1.2,0.6,1.8,1.6,0.25,-0.5,4,392.7352980316752,Newcastle United (default stadium),False,0,0.0,0,0,1,2,A
2337,2018-09-15,Tottenham Hotspur,Liverpool,Premier League,Premier League,1632.8268138362687,1630.876834018445,13.0,14.0,0.8,2.8,1.6,1.0,2.6,0.2,0.2,0.2,5,5300.810896107908,Tottenham Hotspur (default stadium),False,0,0.0,0,0,1,2,A
2338,2018-09-15,Watford,Manchester United,Premier League,Premier League,1490.8590801276534,1602.0685257983464,13.0,13.0,0.8,1.8,0.8,0.6,1.4,1.4,0.2,-0.8,5,237.3590819226217,Watford (default stadium),False,0,0.0,0,0,1,2,A
2339,2018-09-16,Everton,West Ham United,Premier League,Premier League,1513.4593106501572,1452.1423295644718,15.0,15.0,0.2,1.6,1.8,0.2,1.0,2.2,0.4,0.6,5,11687.188342303432,Everton (default stadium),False,0,0.0,0,0,1,3,A
2340,2018-09-16,Wolverhampton Wanderers,Burnley,Premier League,Premier League,1504.4370736885028,1468.4690843705534,15.0,14.0,0.25,1.0,1.25,0.0,0.8,2.2,0.5,0.0,0,13238.018552642983,Wolverhampton Wanderers (default stadium),False,0,0.0,0,0,1,0,H
2341,2018-09-17,Southampton,Brighton,Premier League,Premier League,1461.363319032245,1474.8788452607766,16.0,16.0,0.2,0.8,1.0,0.2,1.0,2.2,0.0,0.0,2,91.83331837808883,Southampton (default stadium),False,0,0.0,0,0,2,2,D
2342,2018-09-22,Brighton,Tottenham Hotspur,Premier League,Premier League,1476.49042562856,1620.785031609637,5.0,7.0,0.2,1.4,1.8,0.6,2.0,1.2,0.0,-1.0,2,82.58337268155316,Brighton (default stadium),False,0,0.0,0,0,1,2,A
2343,2018-09-22,Burnley,Bournemouth,Premier League,Premier League,1461.427903976874,1508.5593453314773,6.0,7.0,0.0,0.6,2.0,0.6,2.0,1.4,0.5,0.0,4,6464.032279474406,Burnley (default stadium),False,0,0.0,0,0,4,0,H
2344,2018-09-22,Cardiff,Manchester City,Premier League,Premier League,1474.7558351710193,1689.874671264951,7.0,7.0,0.0,0.6,1.8,0.8,2.8,0.6,0.5,0.0,0,232.63765987139035,Cardiff (default stadium),False,0,0.0,0,0,0,5,A
2345,2018-09-22,Crystal Palace,Newcastle United,Premier League,Premier League,1483.1615450919057,1450.5730749443424,7.0,7.0,0.4,0.8,1.2,0.0,0.8,1.6,0.25,0.5,4,408.04977898274933,Crystal Palace (default stadium),False,0,0.0,0,0,0,0,D
2346,2018-09-22,Fulham,Watford,Premier League,Premier League,1489.2304262788618,1482.0396522476021,7.0,7.0,0.2,1.4,2.4,0.8,2.0,1.0,0.5,0.0,0,23.570310629416102,Fulham (default stadium),False,0,0.0,0,0,1,1,D
2347,2018-09-22,Leicester City,Huddersfield,Premier League,Premier League,1487.0065017215063,1438.2543634952342,7.0,7.0,0.4,1.6,1.8,0.0,0.4,2.2,0.5,1.5,2,122.31665013640415,Leicester City (default stadium),False,0,0.0,0,0,3,1,H
2348,2018-09-22,Liverpool,Southampton,Premier League,Premier League,1642.9186162450767,1459.7517386644618,7.0,5.0,1.0,2.2,0.4,0.2,1.2,1.2,0.4,0.8,5,5410.461987095733,Liverpool (default stadium),False,0,0.0,0,0,3,0,H
2349,2018-09-22,Manchester United,Wolverhampton Wanderers,Premier League,Premier League,1610.8879536783977,1511.4782540821823,7.0,6.0,0.6,1.6,1.6,0.4,1.0,1.0,0.5,0.0,0,9321.398073694803,Manchester United (default stadium),False,0,0.0,0,0,1,1,D
2350,2018-09-23,Arsenal,Everton,Premier League,Premier League,1564.878935430068,1499.849959624333,8.0,7.0,0.6,2.0,1.8,0.2,1.6,1.8,0.8,2.0,5,11682.978134396302,Arsenal (default stadium),False,0,0.0,0,0,2,0,H
2351,2018-09-23,West Ham United,Chelsea,Premier League,Premier League,1465.751680590296,1621.5367107374393,7.0,8.0,0.2,1.0,2.2,1.0,2.8,0.8,0.2,-0.2,5,13.657971575674615,West Ham United (default stadium),False,0,0.0,0,0,0,0,D
2352,2018-09-29,Arsenal,Watford,Premier League,Premier League,1571.1770235286078,1484.2255335005182,6.0,7.0,0.8,2.4,1.4,0.6,1.8,1.2,0.6,1.4,5,22.816875346141348,Arsenal (default stadium),False,0,0.0,0,0,2,0,H
2353,2018-09-29,Chelsea,Liverpool,Premier League,Premier League,1619.1166003440442,1646.6960888419133,6.0,7.0,0.8,2.2,0.8,1.0,2.0,0.4,0.2,0.0,5,5312.655647759373,Chelsea (default stadium),False,0,0.0,0,0,1,1,D
2354,2018-09-29,Everton,Fulham,Premier League,Premier League,1493.551871525793,1487.0445450259458,6.0,7.0,0.2,1.2,1.8,0.2,1.6,2.2,0.5,0.0,0,11673.70209285392,Everton (default stadium),False,0,0.0,0,0,3,0,H
2355,2018-09-29,Huddersfield,Tottenham Hotspur,Premier League,Premier League,1431.5451630957125,1628.6786688949173,7.0,7.0,0.0,0.6,2.2,0.6,2.0,1.2,0.0,-3.0,2,255.25978769220998,Huddersfield (default stadium),False,0,0.0,0,0,0,2,A
2356,2018-09-29,Manchester City,Brighton,Premier League,Premier League,1695.9248825328382,1468.5967883432795,7.0,7.0,0.8,3.4,0.6,0.2,1.6,1.8,1.0,2.0,2,325.25795184878103,Manchester City (default stadium),False,0,0.0,0,0,2,0,H
2357,2018-09-29,Newcastle United,Leicester City,Premier League,Premier League,1453.4428864526717,1493.715702121028,7.0,7.0,0.0,0.6,1.2,0.6,2.0,1.6,0.25,-1.0,4,263.6083592563879,Newcastle United (default stadium),False,0,0.0,0,0,0,2,A
2358,2018-09-29,West Ham United,Manchester United,Premier League,Premier League,1468.1717909836912,1606.36485612637,6.0,7.0,0.2,1.0,1.4,0.4,1.4,1.6,0.2,-1.0,5,262.0495522571908,West Ham United (default stadium),False,0,0.0,0,0,3,1,H
2359,2018-09-29,Wolverhampton Wanderers,Southampton,Premier League,Premier League,1516.00135163421,1455.9742660676252,7.0,7.0,0.4,0.8,0.8,0.2,1.2,1.8,0.5,0.0,0,9040.708255581369,Wolverhampton Wanderers (default stadium),False,0,0.0,0,0,2,0,H
2360,2018-09-30,Cardiff,Burnley,Premier League,Premier League,1468.7056239031322,1470.7706428485708,8.0,8.0,0.0,0.6,2.4,0.2,1.4,2.0,0.5,0.0,0,6352.222342861055,Cardiff (default stadium),False,0,0.0,0,0,1,2,A
2361,2018-10-01,Bournemouth,Crystal Palace,Premier League,Premier League,1499.2166064597805,1480.2917335835764,9.0,9.0,0.4,1.6,2.2,0.2,0.4,1.2,0.2,-0.2,5,145.13706164318188,Bournemouth (default stadium),False,0,0.0,0,0,2,1,H
2362,2018-10-05,Brighton,West Ham United,Premier League,Premier League,1465.53755368181,1480.109723194298,6.0,6.0,0.0,1.0,1.8,0.4,1.4,1.2,1.0,2.5,2,75.30394037947526,Brighton (default stadium),False,0,0.0,0,0,1,0,H
2363,2018-10-06,Burnley,Huddersfield,Premier League,Premier League,1482.7014247482314,1425.0493383331366,6.0,7.0,0.4,1.6,1.6,0.0,0.4,1.4,0.0,0.0,2,6386.914244918695,Burnley (default stadium),False,0,0.0,0,0,1,1,D
2364,2018-10-06,Crystal Palace,Wolverhampton Wanderers,Premier League,Premier League,1472.7967349141327,1522.424333382485,5.0,7.0,0.2,0.6,1.2,0.6,1.2,0.4,0.5,0.0,0,9051.721081889698,Crystal Palace (default stadium),False,0,0.0,0,0,0,1,A
2365,2018-10-06,Leicester City,Everton,Premier League,Premier League,1504.5692374248667,1501.3847296025224,7.0,7.0,0.6,2.0,1.6,0.2,1.4,1.6,0.4,-0.2,5,11692.657159990456,Leicester City (default stadium),False,0,0.0,0,0,1,2,A
2366,2018-10-06,Manchester United,Newcastle United,Premier League,Premier League,1594.426923915763,1442.589351148833,7.0,7.0,0.4,1.2,1.6,0.0,0.6,1.6,0.25,0.5,4,171.2592358971847,Manchester United (default stadium),False,0,0.0,0,0,3,2,H
2367,2018-10-06,Tottenham Hotspur,Cardiff,Premier League,Premier League,1635.1744936574933,1456.7748420034716,7.0,6.0,0.6,1.8,1.0,0.0,0.8,2.8,0.5,0.0,0,215.95893805770874,Tottenham Hotspur (default stadium),False,0,0.0,0,0,1,0,H
2368,2018-10-06,Watford,Bournemouth,Premier League,Premier League,1478.458838042274,1506.7116051292242,7.0,5.0,0.4,1.2,1.4,0.4,1.6,2.2,0.2,0.4,5,142.71746668291058,Watford (default stadium),False,0,0.0,0,0,0,4,A
2369,2018-10-07,Fulham,Arsenal,Premier League,Premier League,1479.2116869492165,1576.943718986852,8.0,8.0,0.2,1.4,2.2,1.0,2.4,0.8,0.5,0.0,0,9.859134784019956,Fulham (default stadium),False,0,0.0,0,0,1,5,A
2370,2018-10-07,Liverpool,Manchester City,Premier League,Premier League,1647.9110181373574,1698.9841171943076,8.0,8.0,0.8,1.8,0.6,0.8,2.6,0.4,0.6,0.0,5,5387.234837982907,Liverpool (default stadium),False,0,0.0,0,0,0,0,D
2371,2018-10-07,Southampton,Chelsea,Premier League,Premier League,1449.5512843193503,1617.9016710486,8.0,8.0,0.2,1.0,1.8,0.6,1.8,0.6,0.0,-1.4,5,105.31037742874952,Southampton (default stadium),False,0,0.0,0,0,0,3,A
2372,2018-10-20,Bournemouth,Southampton,Premier League,Premier League,1517.9074374741417,1442.3087725510177,14.0,13.0,0.6,2.0,1.8,0.2,0.8,2.0,0.2,-0.2,5,36.717522209000165,Bournemouth (default stadium),False,0,0.0,0,0,0,0,D
2373,2018-10-20,Cardiff,Fulham,Premier League,Premier League,1452.9125670871565,1470.0081881807469,14.0,13.0,0.0,0.8,3.0,0.0,0.8,2.8,0.5,0.0,0,207.1366534980005,Cardiff (default stadium),False,0,0.0,0,0,4,2,H
2374,2018-10-20,Chelsea,Manchester United,Premier League,Premier League,1625.1441828169327,1598.788151322495,13.0,14.0,0.6,2.0,0.4,0.6,1.8,1.4,0.4,0.4,5,260.84692450845216,Chelsea (default stadium),False,0,0.0,0,0,2,2,D
2375,2018-10-20,Huddersfield,Liverpool,Premier League,Premier League,1428.5665998724137,1647.3667963817106,14.0,13.0,0.0,0.6,1.6,0.6,1.6,0.6,0.0,-3.0,2,5354.853698869528,Huddersfield (default stadium),False,0,0.0,0,0,0,1,A
2376,2018-10-20,Manchester City,Burnley,Premier League,Premier League,1699.5283389499543,1479.1841632089543,13.0,14.0,0.8,2.4,0.2,0.4,1.4,1.0,0.75,1.25,4,6363.654979892703,Manchester City (default stadium),False,0,0.0,0,0,5,0,H
2377,2018-10-20,Newcastle United,Brighton,Premier League,Premier League,1438.228123742101,1473.9556105125926,14.0,15.0,0.0,0.8,1.8,0.2,1.2,1.6,0.0,-0.5,2,468.342499245935,Newcastle United (default stadium),False,0,0.0,0,0,0,1,A
2378,2018-10-20,West Ham United,Tottenham Hotspur,Premier League,Premier League,1471.6916663635157,1639.0367685738083,15.0,14.0,0.4,1.2,0.8,0.6,1.4,1.0,0.4,0.0,5,8.221735834635023,West Ham United (default stadium),False,0,0.0,0,0,0,1,A
2379,2018-10-20,Wolverhampton Wanderers,Watford,Premier League,Premier League,1533.0100271358506,1467.2630056973564,14.0,14.0,0.8,1.2,0.2,0.2,0.8,2.0,0.5,0.0,0,9084.763375498067,Wolverhampton Wanderers (default stadium),False,0,0.0,0,0,0,2,A
2380,2018-10-21,Everton,Crystal Palace,Premier League,Premier League,1513.460538263701,1462.211041160767,15.0,15.0,0.4,1.4,1.4,0.2,0.4,1.0,0.4,0.6,5,11676.66690896838,Everton (default stadium),False,0,0.0,0,0,2,0,H
2381,2018-10-22,Arsenal,Leicester City,Premier League,Premier League,1586.1472177553217,1492.4934287636881,15.0,16.0,1.0,2.8,0.8,0.4,1.8,1.8,0.6,0.2,5,137.93652464122155,Arsenal (default stadium),False,0,0.0,0,0,3,1,H
2382,2018-10-27,Brighton,Wolverhampton Wanderers,Premier League,Premier League,1484.93886555775,1519.2902941186633,7.0,7.0,0.4,1.0,1.2,0.6,1.0,0.6,0.5,0.0,0,8996.140833084839,Brighton (default stadium),False,0,0.0,0,0,1,0,H
2383,2018-10-27,Fulham,Bournemouth,Premier League,Premier League,1461.5192379839868,1513.9459990861799,7.0,7.0,0.0,0.8,3.2,0.6,2.0,1.4,0.5,0.0,0,141.8811990067746,Fulham (default stadium),False,0,0.0,0,0,0,3,A
2384,2018-10-27,Leicester City,West Ham United,Premier League,Premier League,1486.8837683635284,1464.422399006235,5.0,7.0,0.4,1.8,2.0,0.4,1.2,0.8,0.4,0.0,5,142.949836877498,Leicester City (default stadium),False,0,0.0,0,0,1,1,D
2385,2018-10-27,Liverpool,Cardiff,Premier League,Premier League,1653.3279559435964,1461.4015172839165,7.0,7.0,0.6,1.4,0.4,0.2,1.2,2.8,0.5,0.0,0,5511.904462216411,Liverpool (default stadium),False,0,0.0,0,0,4,1,H
2386,2018-10-27,Southampton,Newcastle United,Premier League,Premier League,1446.2702109389795,1427.2448686969435,7.0,7.0,0.0,0.4,2.0,0.0,0.6,1.6,0.25,-0.25,4,452.9404186033056,Southampton (default stadium),False,0,0.0,0,0,0,0,D
2387,2018-10-27,Watford,Huddersfield,Premier League,Premier League,1480.9827387145438,1422.605440310528,7.0,7.0,0.2,0.8,1.8,0.0,0.4,1.6,0.0,-2.0,2,241.20875372023048,Watford (default stadium),False,0,0.0,0,0,3,0,H
2388,2018-10-28,Burnley,Chelsea,Premier League,Premier League,1476.019292231672,1622.439815531027,8.0,8.0,0.4,1.4,1.6,0.4,2.0,0.8,0.25,-0.75,4,6552.140911877313,Burnley (default stadium),False,0,0.0,0,0,0,4,A
2389,2018-10-28,Crystal Palace,Arsenal,Premier League,Premier League,1455.5657840537003,1591.7568781554814,7.0,6.0,0.2,0.4,1.0,1.0,2.8,0.6,0.2,-0.6,5,15.34028105594792,Crystal Palace (default stadium),False,0,0.0,0,0,2,2,D
2390,2018-10-28,Manchester United,Everton,Premier League,Premier League,1601.4925186084006,1520.1057953707677,8.0,7.0,0.4,1.8,1.8,0.6,1.6,1.2,0.6,1.4,5,11690.468746176242,Manchester United (default stadium),False,0,0.0,0,0,2,1,H
2391,2018-10-29,Tottenham Hotspur,Manchester City,Premier League,Premier League,1646.306035931089,1702.6932099272367,9.0,9.0,0.8,1.4,0.6,0.8,3.0,0.0,0.4,-0.4,5,253.91120185713115,Tottenham Hotspur (default stadium),False,0,0.0,0,0,0,1,A
2392,2018-11-03,Arsenal,Liverpool,Premier League,Premier League,1589.8744646676307,1656.9533468724119,6.0,7.0,0.8,2.8,0.8,0.6,1.8,0.4,0.0,-1.4,5,5305.0330774456925,Arsenal (default stadium),False,0,0.0,0,0,1,1,D
2393,2018-11-03,Bournemouth,Manchester United,Premier League,Premier League,1524.4513666695254,1607.3915636985412,7.0,6.0,0.6,1.8,1.0,0.4,1.8,1.8,0.0,-1.4,5,306.55795629981236,Bournemouth (default stadium),False,0,0.0,0,0,1,2,A
2394,2018-11-03,Cardiff,Leicester City,Premier League,Premier League,1457.776126355101,1484.2836116596961,7.0,7.0,0.2,1.2,2.8,0.4,1.6,1.4,0.5,0.0,0,188.65399666904153,Cardiff (default stadium),False,0,0.0,0,0,0,1,A
2395,2018-11-03,Everton,Brighton,Premier League,Premier League,1514.2067502806271,1493.9164027556315,6.0,7.0,0.6,1.6,1.0,0.6,0.8,0.8,0.5,1.0,2,11640.55138593053,Everton (default stadium),False,0,0.0,0,0,3,1,H
2396,2018-11-03,Newcastle United,Watford,Premier League,Premier League,1429.7525801142606,1487.4471996018892,7.0,7.0,0.0,0.4,1.2,0.4,1.2,1.4,0.0,-1.5,4,378.04905633016585,Newcastle United (default stadium),False,0,0.0,0,0,1,0,H
2397,2018-11-03,West Ham United,Burnley,Premier League,Premier League,1467.0225557100673,1468.1840529664373,7.0,6.0,0.2,0.8,0.8,0.4,1.4,2.2,0.5,-0.25,4,6562.099962977977,West Ham United (default stadium),False,0,0.0,0,0,4,2,H
2398,2018-11-03,Wolverhampton Wanderers,Tottenham Hotspur,Premier League,Premier League,1510.3127569207818,1635.9144276738762,7.0,5.0,0.4,0.8,0.8,0.8,1.2,0.4,0.5,0.0,0,9070.237755303215,Wolverhampton Wanderers (default stadium),False,0,0.0,0,0,2,3,A
2399,2018-11-04,Chelsea,Crystal Palace,Premier League,Premier League,1630.2750547962617,1457.448197541551,7.0,7.0,0.4,2.0,0.6,0.0,0.6,1.4,0.6,0.6,5,10.944971454605678,Chelsea (default stadium),False,0,0.0,0,0,3,1,H
2400,2018-11-04,Manchester City,Southampton,Premier League,Premier League,1713.0848181844494,1443.7624995216624,6.0,8.0,0.8,2.6,0.0,0.0,0.0,1.6,0.6,0.6,5,291.8406815664775,Manchester City (default stadium),False,0,0.0,0,0,6,1,H
2401,2018-11-05,Huddersfield,Fulham,Premier League,Premier League,1416.1409794231824,1451.0138704006413,9.0,9.0,0.0,0.4,2.0,0.0,0.8,3.2,0.5,0.0,0,263.92770931712425,Huddersfield (default stadium),False,0,0.0,0,0,1,0,H
2402,2018-11-10,Cardiff,Brighton,Premier League,Premier League,1446.530809247464,1486.458203004891,7.0,7.0,0.2,1.2,2.0,0.6,0.8,1.0,0.5,0.0,0,226.6599843344616,Cardiff (default stadium),False,0,0.0,0,0,2,1,H
2403,2018-11-10,Crystal Palace,Tottenham Hotspur,Premier League,Premier League,1453.4849640236757,1644.3276065815419,6.0,7.0,0.0,0.8,2.0,0.8,1.4,0.6,0.0,-1.2,5,20.57108758153193,Crystal Palace (default stadium),False,0,0.0,0,0,0,1,A
2404,2018-11-10,Huddersfield,West Ham United,Premier League,Premier League,1425.133370876769,1475.0667504484472,5.0,7.0,0.2,0.4,1.4,0.4,1.6,1.2,0.0,-2.5,2,263.4811228877531,Huddersfield (default stadium),False,0,0.0,0,0,1,1,D
2405,2018-11-10,Leicester City,Burnley,Premier League,Premier League,1495.5289287673331,1460.1398582280574,7.0,7.0,0.4,1.2,1.2,0.2,1.0,3.0,0.5,0.5,4,6455.690567406472,Leicester City (default stadium),False,0,0.0,0,0,0,0,D
2406,2018-11-10,Newcastle United,Bournemouth,Premier League,Premier League,1439.3985508135502,1514.8236433567831,7.0,7.0,0.2,0.6,1.2,0.6,2.0,0.6,0.25,-0.5,4,472.12392823775417,Newcastle United (default stadium),False,0,0.0,0,0,2,1,H
2407,2018-11-10,Southampton,Watford,Premier League,Premier League,1441.2786119852365,1477.8012289025996,6.0,7.0,0.0,0.2,2.2,0.4,1.0,1.4,0.4,0.2,5,107.60666567502645,Southampton (default stadium),False,0,0.0,0,0,1,1,D
2408,2018-11-11,Arsenal,Wolverhampton Wanderers,Premier League,Premier League,1589.7903901200325,1501.899578013116,8.0,8.0,0.6,2.6,1.0,0.4,1.0,1.2,0.5,0.0,0,9066.534594608813,Arsenal (default stadium),False,0,0.0,0,0,1,1,D
2409,2018-11-11,Chelsea,Everton,Premier League,Premier League,1634.238288314137,1521.6649500313677,7.0,8.0,0.6,2.6,0.8,0.8,2.2,0.8,0.6,2.0,5,11673.649510171086,Chelsea (default stadium),False,0,0.0,0,0,0,0,D
2410,2018-11-11,Liverpool,Fulham,Premier League,Premier League,1657.03742142001,1442.0214789470547,8.0,6.0,0.4,1.4,0.6,0.0,0.6,3.2,0.5,0.0,0,5312.6474190647505,Liverpool (default stadium),False,0,0.0,0,0,2,0,H
2411,2018-11-11,Manchester City,Manchester United,Premier League,Premier League,1715.5687057208754,1617.0192870112835,7.0,8.0,0.8,2.8,0.2,0.6,2.0,1.8,0.4,0.0,5,0.0,Manchester City (default stadium),True,0,0.0,0,0,3,1,H
2412,2018-11-24,Brighton,Leicester City,Premier League,Premier League,1477.321607079799,1492.5853205201274,14.0,14.0,0.6,1.0,1.0,0.2,0.8,1.2,0.0,-2.0,2,208.7110806263465,Brighton (default stadium),False,0,0.0,0,0,1,1,D
2413,2018-11-24,Everton,Cardiff,Premier League,Premier League,1526.4841978813101,1455.667405172556,13.0,14.0,0.6,1.6,0.8,0.4,1.4,1.8,0.5,0.0,0,11505.1813354142,Everton (default stadium),False,0,0.0,0,0,1,0,H
2414,2018-11-24,Fulham,Southampton,Premier League,Premier League,1438.7740377562757,1440.3180264303578,13.0,14.0,0.0,0.6,3.0,0.0,0.4,2.0,0.5,0.0,0,105.36793929201917,Fulham (default stadium),False,0,0.0,0,0,3,2,H
2415,2018-11-24,Manchester United,Crystal Palace,Premier League,Premier League,1611.5226673283553,1446.8293105247594,13.0,14.0,0.6,2.0,1.8,0.0,0.6,1.8,1.0,2.0,5,271.155957712397,Manchester United (default stadium),False,0,0.0,0,0,0,0,D
2416,2018-11-24,Tottenham Hotspur,Chelsea,Premier League,Premier League,1650.9832600804582,1629.4190404641945,14.0,13.0,0.8,1.2,0.6,0.6,2.4,0.6,0.4,0.4,5,16.124829392275434,Tottenham Hotspur (default stadium),True,0,0.0,0,0,3,1,H
2417,2018-11-24,Watford,Liverpool,Premier League,Premier League,1478.7618144574783,1660.284862610789,14.0,13.0,0.4,1.2,1.2,0.6,1.6,0.4,0.0,-2.6,5,5321.850013915433,Watford (default stadium),False,0,0.0,0,0,0,3,A
2418,2018-11-24,West Ham United,Manchester City,Premier League,Premier League,1475.6436728553115,1721.0653254038036,14.0,13.0,0.2,1.2,1.2,0.8,3.0,0.4,0.0,-2.0,5,262.0495522571908,West Ham United (default stadium),False,0,0.0,0,0,0,4,A
2419,2018-11-25,Bournemouth,Arsenal,Premier League,Premier League,1504.6675093307767,1585.534920199176,15.0,14.0,0.4,1.8,0.8,0.4,2.4,1.2,0.2,-1.2,5,151.22456097479042,Bournemouth (default stadium),False,0,0.0,0,0,1,2,A
2420,2018-11-25,Wolverhampton Wanderers,Huddersfield,Premier League,Premier League,1506.1550479339726,1424.5564484699048,14.0,15.0,0.2,0.8,1.4,0.2,0.6,1.2,0.5,0.0,0,9325.476304804142,Wolverhampton Wanderers (default stadium),False,0,0.0,0,0,0,2,A
2421,2018-11-26,Burnley,Newcastle United,Premier League,Premier League,1463.083466475263,1449.5546848395566,16.0,16.0,0.0,0.6,2.8,0.4,1.0,1.0,0.5,0.5,2,6365.680353490109,Burnley (default stadium),False,0,0.0,0,0,1,2,A
2422,2018-11-30,Cardiff,Wolverhampton Wanderers,Premier League,Premier League,1449.5121802953272,1492.0490216048177,6.0,5.0,0.4,1.4,1.8,0.0,0.6,1.8,0.5,0.0,0,9154.486847480288,Cardiff (default stadium),False,0,0.0,0,0,2,1,H
2423,2018-12-01,Crystal Palace,Burnley,Premier League,Premier League,1452.7151835222658,1450.7245880106382,7.0,5.0,0.0,0.6,1.6,0.0,0.6,3.0,0.25,-0.75,4,6562.201316773521,Crystal Palace (default stadium),False,0,0.0,0,0,2,0,H
2424,2018-12-01,Huddersfield,Brighton,Premier League,Premier League,1438.6624747990597,1475.759076119324,6.0,7.0,0.4,0.8,1.0,0.4,1.0,1.2,0.5,1.0,2,331.01226557957716,Huddersfield (default stadium),False,0,0.0,0,0,1,2,A
2425,2018-12-01,Leicester City,Watford,Premier League,Premier League,1494.1478514806024,1471.8658247444591,7.0,7.0,0.2,0.8,1.0,0.4,1.2,1.0,0.6,0.8,5,119.18970796768599,Leicester City (default stadium),False,0,0.0,0,0,2,0,H
2426,2018-12-01,Manchester City,Bournemouth,Premier League,Premier League,1726.4056731429475,1494.9801965910228,7.0,6.0,1.0,3.8,0.4,0.2,1.2,1.2,1.0,3.0,5,306.55795629981236,Manchester City (default stadium),False,0,0.0,0,0,3,1,H
2427,2018-12-01,Newcastle United,West Ham United,Premier League,Premier League,1461.9135633041815,1470.3033251161676,5.0,7.0,0.6,1.0,0.6,0.2,1.2,1.8,0.75,0.75,4,396.1921830254467,Newcastle United (default stadium),False,0,0.0,0,0,0,3,A
2428,2018-12-01,Southampton,Manchester United,Premier League,Premier League,1432.2632415410562,1605.636794330849,7.0,7.0,0.0,0.8,2.0,0.4,1.4,1.4,0.2,-0.4,5,291.8406815664775,Southampton (default stadium),False,0,0.0,0,0,2,2,D
2429,2018-12-02,Arsenal,Tottenham Hotspur,Premier League,Premier League,1595.22223293893,1658.4071957636056,7.0,8.0,0.4,1.8,1.2,0.8,1.6,0.8,0.2,-0.2,5,6.203038582804336,Arsenal (default stadium),True,0,0.0,0,0,4,2,H
2430,2018-12-02,Chelsea,Fulham,Premier League,Premier League,1621.995104781047,1446.8288226455772,8.0,8.0,0.4,2.0,1.2,0.2,1.0,2.4,0.5,0.0,0,0.13381917032718865,Chelsea (default stadium),False,0,0.0,0,0,2,0,H
2431,2018-12-02,Liverpool,Everton,Premier League,Premier League,1667.1808523238083,1532.639422758539,8.0,8.0,0.8,2.2,0.4,0.6,1.4,0.6,0.6,1.4,5,16451.58764038487,Liverpool (default stadium),True,0,0.0,0,0,1,0,H
2432,2018-12-04,Bournemouth,Huddersfield,Premier League,Premier League,1491.981582168295,1427.7182599867224,3.0,3.0,0.2,1.4,1.8,0.4,1.0,1.2,0.5,0.5,2,324.63170701126126,Bournemouth (default stadium),False,0,0.0,0,0,2,1,H
2433,2018-12-04,Brighton,Crystal Palace,Premier League,Premier League,1486.7032909316613,1460.6722810434528,3.0,3.0,0.4,1.2,1.4,0.2,1.0,1.2,0.0,-0.5,2,62.01282292846458,Brighton (default stadium),False,0,0.0,0,0,3,1,H
2434,2018-12-04,Watford,Manchester City,Premier League,Premier League,1464.4611678932854,1729.4042875656753,3.0,3.0,0.2,0.8,1.4,1.0,3.4,0.6,0.0,-3.2,5,237.3590819226217,Watford (default stadium),False,0,0.0,0,0,1,2,A
2435,2018-12-04,West Ham United,Cardiff,Premier League,Premier League,1482.0582539481663,1458.7233692372654,3.0,4.0,0.4,1.8,1.6,0.4,1.0,1.6,0.5,0.0,0,219.3019597251428,West Ham United (default stadium),False,0,0.0,0,0,3,1,H
2436,2018-12-05,Burnley,Liverpool,Premier League,Premier League,1442.7674904894511,1671.8911259730603,4.0,3.0,0.0,0.6,2.4,0.8,2.2,0.4,0.25,0.0,4,11263.441847487935,Burnley (default stadium),False,0,0.0,0,0,1,3,A
2437,2018-12-05,Everton,Newcastle United,Premier League,Premier League,1527.929149109287,1450.1586344721827,3.0,4.0,0.4,1.0,0.8,0.6,1.0,1.0,1.0,1.5,4,11820.07394279188,Everton (default stadium),False,0,0.0,0,0,1,1,D
2438,2018-12-05,Fulham,Leicester City,Premier League,Premier League,1442.9082110462512,1501.5525083317762,3.0,4.0,0.2,0.6,2.0,0.4,1.0,0.4,0.5,0.0,0,142.2318025220516,Fulham (default stadium),False,0,0.0,0,0,1,1,D
2439,2018-12-05,Manchester United,Arsenal,Premier League,Premier League,1602.7462608068877,1605.0261055545552,4.0,3.0,0.4,1.4,1.4,0.4,2.0,1.4,0.6,0.4,5,256.9000111017041,Manchester United (default stadium),False,0,0.0,0,0,2,2,D
2440,2018-12-05,Tottenham Hotspur,Southampton,Premier League,Premier League,1648.6033231479803,1435.1537750650175,3.0,4.0,0.6,1.8,1.6,0.0,1.2,2.4,0.6,1.2,5,120.5232777621848,Tottenham Hotspur (default stadium),False,0,0.0,0,0,3,1,H
2441,2018-12-05,Wolverhampton Wanderers,Chelsea,Premier League,Premier League,1482.8378326628795,1625.9157163803732,5.0,3.0,0.0,0.8,1.8,0.6,2.0,0.8,0.5,0.0,0,9061.62140506431,Wolverhampton Wanderers (default stadium),False,0,0.0,0,0,2,1,H
2442,2018-12-08,Arsenal,Huddersfield,Premier League,Premier League,1606.9509340646748,1421.4011391319546,3.0,4.0,0.4,2.0,1.4,0.4,1.2,1.0,1.0,3.0,2,258.9472722783357,Arsenal (default stadium),False,0,0.0,0,0,1,0,H
2443,2018-12-08,Bournemouth,Liverpool,Premier League,Premier League,1498.298703023063,1677.6066421927637,4.0,3.0,0.2,1.2,2.0,0.8,2.0,0.4,0.2,-1.4,5,5445.991656818437,Bournemouth (default stadium),False,0,0.0,0,0,0,4,A
2444,2018-12-08,Burnley,Brighton,Premier League,Premier League,1437.0519742697477,1494.0075965329206,3.0,4.0,0.0,0.8,2.2,0.4,1.6,1.6,0.0,0.0,2,6578.701185693557,Burnley (default stadium),False,0,0.0,0,0,1,0,H
2445,2018-12-08,Cardiff,Southampton,Premier League,Premier League,1451.3469525799537,1431.8817318706006,4.0,3.0,0.4,1.0,1.4,0.0,1.4,3.0,0.5,0.0,0,140.14230681102106,Cardiff (default stadium),False,0,0.0,0,0,1,0,H
2446,2018-12-08,Chelsea,Manchester City,Premier League,Premier League,1613.8428445567833,1734.3164199747155,3.0,4.0,0.4,1.4,1.2,1.0,3.6,0.8,0.4,-0.4,5,260.84692450845216,Chelsea (default stadium),False,0,0.0,0,0,2,0,H
2447,2018-12-08,Leicester City,Tottenham Hotspur,Premier League,Premier League,1501.8792353936356,1651.8753663423972,3.0,3.0,0.4,1.0,0.4,0.8,2.4,1.6,0.4,-0.8,5,134.78780460437943,Leicester City (default stadium),False,0,0.0,0,0,0,2,A
2448,2018-12-08,Manchester United,Fulham,Premier League,Premier League,1600.821432296768,1442.5814839843918,3.0,3.0,0.2,1.4,1.6,0.2,0.8,1.6,0.5,0.0,0,260.720495981881,Manchester United (default stadium),False,0,0.0,0,0,4,1,H
2449,2018-12-08,West Ham United,Crystal Palace,Premier League,Premier League,1489.434670605478,1453.3679754421935,4.0,4.0,0.6,2.2,1.6,0.2,0.8,1.4,0.4,0.8,5,13.663891147783643,West Ham United (default stadium),False,0,0.0,0,0,3,2,H
2450,2018-12-09,Newcastle United,Wolverhampton Wanderers,Premier League,Premier League,1454.172643028529,1494.9107044864693,4.0,4.0,0.6,1.2,1.2,0.2,1.2,1.8,0.5,0.0,0,9451.217353997563,Newcastle United (default stadium),False,0,0.0,0,0,1,2,A
2451,2018-12-10,Everton,Watford,Premier League,Premier League,1523.9151405529408,1459.5490354842452,5.0,6.0,0.4,1.0,0.6,0.0,0.4,1.8,0.4,0.0,5,11672.34169380457,Everton (default stadium),False,0,0.0,0,0,2,2,D
2452,2018-12-15,Crystal Palace,Leicester City,Premier League,Premier League,1446.3293870961134,1494.1418661378038,7.0,7.0,0.2,1.0,1.4,0.2,0.8,0.8,0.4,1.0,5,152.43481774000773,Crystal Palace (default stadium),False,0,0.0,0,0,1,0,H
2453,2018-12-15,Fulham,West Ham United,Premier League,Premier League,1438.3446336089894,1496.4732589515581,7.0,7.0,0.2,1.0,2.2,0.6,2.0,1.6,0.5,0.0,0,13.622670450459998,Fulham (default stadium),False,0,0.0,0,0,0,2,A
2454,2018-12-15,Huddersfield,Newcastle United,Premier League,Premier League,1417.6655168001303,1443.332402531169,7.0,6.0,0.2,1.0,1.2,0.4,1.2,1.6,0.5,0.0,2,147.76004493466408,Huddersfield (default stadium),False,0,0.0,0,0,0,1,A
2455,2018-12-15,Manchester City,Everton,Premier League,Premier League,1722.873808083885,1520.2297046129709,7.0,5.0,0.8,2.4,1.0,0.2,0.8,0.8,0.2,-0.4,5,11690.468746176242,Manchester City (default stadium),False,0,0.0,0,0,3,1,H
2456,2018-12-15,Tottenham Hotspur,Burnley,Premier League,Premier League,1659.612735598229,1446.6767032099008,7.0,7.0,0.8,2.2,1.2,0.2,0.6,1.4,0.75,1.5,4,6556.63679428139,Tottenham Hotspur (default stadium),False,0,0.0,0,0,1,0,H
2457,2018-12-15,Watford,Cardiff,Premier League,Premier League,1463.2344714242151,1458.8273803988143,5.0,7.0,0.0,0.8,2.0,0.6,1.2,1.2,0.5,0.0,0,193.1824556650759,Watford (default stadium),False,0,0.0,0,0,3,2,H
2458,2018-12-15,Wolverhampton Wanderers,Bournemouth,Premier League,Premier League,1505.7509449838292,1491.3449867004656,6.0,7.0,0.4,1.2,1.4,0.2,1.0,2.4,0.5,0.0,0,9037.88842912415,Wolverhampton Wanderers (default stadium),False,0,0.0,0,0,2,0,H
2459,2018-12-16,Brighton,Chelsea,Premier League,Premier League,1484.3828675927675,1625.2854564476138,8.0,8.0,0.4,1.4,1.2,0.4,1.2,1.0,0.0,-3.0,2,69.35066034154319,Brighton (default stadium),False,0,0.0,0,0,1,2,A
2460,2018-12-16,Liverpool,Manchester United,Premier League,Premier League,1684.560358515361,1605.0582826721704,8.0,8.0,1.0,2.6,0.2,0.2,1.8,1.6,0.0,-0.4,5,5387.234837982907,Liverpool (default stadium),True,0,0.0,0,0,3,1,H
2461,2018-12-16,Southampton,Arsenal,Premier League,Premier League,1424.40130405174,1610.686556396499,8.0,8.0,0.0,1.2,2.0,0.6,2.0,1.2,0.0,-0.8,5,114.81248103375616,Southampton (default stadium),False,0,0.0,0,0,3,2,H
2462,2018-12-21,Wolverhampton Wanderers,Liverpool,Premier League,Premier League,1513.3682384176432,1690.504625521979,6.0,5.0,0.6,1.4,1.2,1.0,2.8,0.4,0.5,0.0,0,8518.872327710977,Wolverhampton Wanderers (default stadium),False,0,0.0,0,0,0,2,A
2463,2018-12-22,Arsenal,Burnley,Premier League,Premier League,1597.4592175548182,1443.3965621023826,6.0,7.0,0.6,2.2,1.6,0.2,0.6,1.6,1.0,2.0,4,6555.361279391892,Arsenal (default stadium),False,0,0.0,0,0,3,1,H
2464,2018-12-22,Bournemouth,Brighton,Premier League,Premier League,1483.7276932666516,1476.3957425415956,7.0,6.0,0.2,0.8,2.4,0.4,1.4,1.2,0.5,0.5,2,124.11226270743967,Bournemouth (default stadium),False,0,0.0,0,0,2,0,H
2465,2018-12-22,Cardiff,Manchester United,Premier League,Premier League,1450.936836838504,1599.1140156655524,7.0,6.0,0.4,1.2,1.6,0.2,1.8,1.6,0.5,0.0,0,232.63765987139035,Cardiff (default stadium),False,0,0.0,0,0,1,5,A
2466,2018-12-22,Chelsea,Leicester City,Premier League,Premier League,1633.2725814987857,1484.7796076143813,6.0,7.0,0.6,1.6,1.2,0.2,0.8,1.0,0.6,1.4,5,142.36087796503557,Chelsea (default stadium),False,0,0.0,0,0,0,1,A
2467,2018-12-22,Huddersfield,Southampton,Premier League,Premier League,1406.396387723161,1437.6286428934209,7.0,6.0,0.2,0.8,1.2,0.2,1.6,2.2,0.0,0.0,2,306.69331634321105,Huddersfield (default stadium),False,0,0.0,0,0,1,3,A
2468,2018-12-22,Manchester City,Crystal Palace,Premier League,Premier League,1726.3196597848676,1455.6916456195358,7.0,7.0,0.8,2.4,1.0,0.4,1.2,1.2,0.8,3.0,5,271.155957712397,Manchester City (default stadium),False,0,0.0,0,0,2,3,A
2469,2018-12-22,Newcastle United,Fulham,Premier League,Premier League,1454.6015316081382,1428.0030808895242,7.0,7.0,0.4,1.0,1.4,0.2,1.0,2.2,0.5,0.0,0,399.2339499540635,Newcastle United (default stadium),False,0,0.0,0,0,0,0,D
2470,2018-12-22,West Ham United,Watford,Premier League,Premier League,1506.8148116710233,1471.1250149845255,7.0,7.0,0.8,2.2,1.4,0.2,1.2,2.2,0.4,0.0,5,29.461782304363904,West Ham United (default stadium),False,0,0.0,0,0,0,2,A
2471,2018-12-23,Everton,Tottenham Hotspur,Premier League,Premier League,1516.7838529119883,1662.892876705747,8.0,8.0,0.2,1.0,1.4,0.8,2.2,1.2,0.0,-1.6,5,11688.48360204595,Everton (default stadium),False,0,0.0,0,0,2,6,A
2472,2018-12-26,Brighton,Arsenal,Premier League,Premier League,1468.5854926905556,1601.776922663365,4.0,4.0,0.4,1.2,1.4,0.6,2.4,1.6,0.5,-0.5,2,77.11653294203013,Brighton (default stadium),False,0,0.0,0,0,1,1,D
2473,2018-12-26,Burnley,Everton,Premier League,Premier League,1439.0788569938359,1508.9400664622324,4.0,3.0,0.2,0.6,1.8,0.0,1.2,2.6,0.75,0.25,4,7457.166496435577,Burnley (default stadium),False,0,0.0,0,0,1,5,A
2474,2018-12-26,Crystal Palace,Cardiff,Premier League,Premier League,1473.2240626863231,1443.1497357197024,4.0,4.0,0.6,1.8,1.6,0.4,1.4,2.4,0.5,0.0,0,215.86688943266105,Crystal Palace (default stadium),False,0,0.0,0,0,0,0,D
2475,2018-12-26,Fulham,Wolverhampton Wanderers,Premier League,Premier League,1430.7139140421755,1506.357712492215,4.0,5.0,0.0,0.4,1.8,0.6,1.4,1.2,0.5,0.0,0,9061.751294434785,Fulham (default stadium),False,0,0.0,0,0,1,1,D
2476,2018-12-26,Leicester City,Manchester City,Premier League,Premier League,1500.3523668988612,1708.7872427180803,4.0,4.0,0.4,0.8,0.8,0.6,2.0,1.6,0.4,-0.6,5,119.18446031803153,Leicester City (default stadium),False,0,0.0,0,0,2,1,H
2477,2018-12-26,Liverpool,Newcastle United,Premier League,Premier League,1697.5151514474073,1451.890698455487,5.0,4.0,1.0,2.6,0.4,0.2,0.6,1.2,0.25,0.0,4,5307.58997068219,Liverpool (default stadium),False,0,0.0,0,0,4,0,H
2478,2018-12-26,Manchester United,Huddersfield,Premier League,Premier League,1606.901116784354,1395.285170305902,4.0,4.0,0.4,2.8,1.8,0.0,0.6,1.8,0.5,0.5,2,34.30790636336862,Manchester United (default stadium),False,0,0.0,0,0,3,1,H
2479,2018-12-26,Tottenham Hotspur,Bournemouth,Premier League,Premier League,1670.736663155503,1491.5379431176916,3.0,4.0,0.8,2.8,1.4,0.4,1.0,2.0,0.8,2.2,5,156.84013393890496,Tottenham Hotspur (default stadium),False,0,0.0,0,0,5,0,H
2480,2018-12-26,Watford,Chelsea,Premier League,Premier League,1484.0765268178347,1617.6998222143059,4.0,4.0,0.4,1.6,1.6,0.6,1.4,0.8,0.2,-0.2,5,23.690230405937225,Watford (default stadium),False,0,0.0,0,0,1,2,A
2481,2018-12-27,Southampton,West Ham United,Premier League,Premier League,1448.73986031068,1493.863299837714,5.0,5.0,0.4,1.8,1.8,0.8,2.2,1.0,0.6,0.0,5,118.78899564721851,Southampton (default stadium),False,0,0.0,0,0,1,2,A
2482,2018-12-29,Brighton,Everton,Premier League,Premier League,1470.3844947593004,1518.9440611746338,3.0,3.0,0.2,1.0,1.4,0.2,2.2,2.6,0.0,-1.3333333333333333,3,11640.55138593053,Brighton (default stadium),False,0,0.0,0,0,1,0,H
2483,2018-12-29,Fulham,Huddersfield,Premier League,Premier League,1430.8763413329561,1391.984138103396,3.0,3.0,0.0,0.6,1.6,0.0,0.6,2.0,0.0,-1.0,1,263.92770931712425,Fulham (default stadium),False,0,0.0,0,0,1,0,H
2484,2018-12-29,Leicester City,Cardiff,Premier League,Premier League,1514.138565771364,1445.953007022601,3.0,3.0,0.4,0.8,1.0,0.2,1.0,2.2,1.0,1.0,1,188.65399666904153,Leicester City (default stadium),False,0,0.0,0,0,0,1,A
2485,2018-12-29,Liverpool,Arsenal,Premier League,Premier League,1700.3113238735107,1599.9779205946202,3.0,3.0,1.0,3.2,0.4,0.4,1.8,1.4,0.6,1.4,5,5305.0330774456925,Liverpool (default stadium),False,0,0.0,0,0,5,1,H
2486,2018-12-29,Tottenham Hotspur,Wolverhampton Wanderers,Premier League,Premier League,1674.5846233881434,1506.1952852014342,3.0,3.0,1.0,3.4,0.6,0.6,1.4,1.0,1.0,1.0,1,9070.237755303215,Tottenham Hotspur (default stadium),False,0,0.0,0,0,1,3,A
2487,2018-12-29,Watford,Newcastle United,Premier League,Premier League,1475.8875539890912,1449.0945260293836,3.0,3.0,0.4,1.8,1.6,0.2,0.6,1.4,0.8,1.0,5,378.04905633016585,Watford (default stadium),False,0,0.0,0,0,1,1,D
2488,2018-12-30,Burnley,West Ham United,Premier League,Premier League,1429.0748622814344,1504.5780837435516,4.0,3.0,0.2,0.8,2.4,0.8,2.0,1.2,0.2,-0.2,5,6562.099962977977,Burnley (default stadium),False,0,0.0,0,0,2,0,H
2489,2018-12-30,Crystal Palace,Chelsea,Premier League,Premier League,1470.4207913834246,1625.8887950430494,4.0,4.0,0.4,1.4,1.6,0.6,1.4,1.0,0.4,-0.4,5,10.944971454605678,Crystal Palace (default stadium),False,0,0.0,0,0,0,1,A
2490,2018-12-30,Manchester United,Bournemouth,Premier League,Premier League,1610.20214898686,1487.6899828850512,4.0,4.0,0.6,3.0,1.6,0.4,0.8,2.4,0.8,1.2,5,306.55795629981236,Manchester United (default stadium),False,0,0.0,0,0,4,1,H
2491,2018-12-30,Southampton,Manchester City,Premier League,Premier League,1438.0250764048424,1695.0010438455774,3.0,4.0,0.4,1.6,1.8,0.4,1.6,1.8,0.0,-2.0,5,291.8406815664775,Southampton (default stadium),False,0,0.0,0,0,1,3,A
2492,2019-01-01,Arsenal,Fulham,Premier League,Premier League,1594.5221398859703,1437.8409170394712,3.0,3.0,0.4,1.6,2.0,0.2,0.6,1.4,1.0,4.0,1,9.859134784019956,Arsenal (default stadium),False,0,0.0,0,0,4,1,H
2493,2019-01-01,Cardiff,Tottenham Hotspur,Premier League,Premier League,1459.7330569935127,1658.6296600720598,3.0,3.0,0.4,1.0,1.6,0.8,3.0,1.0,0.0,-1.0,1,215.95893805770874,Cardiff (default stadium),False,0,0.0,0,0,0,3,A
2494,2019-01-01,Everton,Leicester City,Premier League,Premier League,1509.560384299298,1500.3585158004523,3.0,3.0,0.2,2.0,2.6,0.4,0.6,1.0,0.8,0.8,5,11692.657159990456,Everton (default stadium),False,0,0.0,0,0,0,1,A
2495,2019-01-02,Bournemouth,Watford,Premier League,Premier League,1482.7258099128946,1473.1715327921074,3.0,4.0,0.2,0.6,3.0,0.4,1.8,1.4,0.2,0.4,5,142.71746668291058,Bournemouth (default stadium),False,0,0.0,0,0,3,3,D
2496,2019-01-02,Chelsea,Southampton,Premier League,Premier League,1633.4772768695316,1432.941016039511,3.0,3.0,0.8,1.4,0.6,0.4,1.6,1.8,1.0,1.8,5,105.31037742874952,Chelsea (default stadium),False,0,0.0,0,0,0,0,D
2497,2019-01-02,Huddersfield,Burnley,Premier League,Premier League,1385.019562396881,1439.233244482367,4.0,3.0,0.0,0.4,1.8,0.4,1.0,1.8,0.0,0.0,3,6386.914244918695,Huddersfield (default stadium),False,0,0.0,0,0,1,2,A
2498,2019-01-02,Newcastle United,Manchester United,Premier League,Premier League,1451.8105472263674,1615.1663219590166,4.0,3.0,0.2,0.6,1.4,0.8,3.4,1.4,0.2,-0.6,5,171.2592358971847,Newcastle United (default stadium),False,0,0.0,0,0,0,2,A
2499,2019-01-02,West Ham United,Brighton,Premier League,Premier League,1494.4197015426191,1479.7681716346362,3.0,4.0,0.6,1.4,1.4,0.2,0.6,1.2,0.0,-2.0,3,75.30394037947526,West Ham United (default stadium),False,0,0.0,0,0,2,2,D
2500,2019-01-02,Wolverhampton Wanderers,Crystal Palace,Premier League,Premier League,1522.1502485175179,1462.8323095569424,4.0,3.0,0.6,1.6,1.0,0.4,1.2,1.2,1.0,1.0,1,9051.721081889698,Wolverhampton Wanderers (default stadium),False,0,0.0,0,0,0,2,A
2501,2019-01-03,Manchester City,Liverpool,Premier League,Premier League,1700.0851042109089,1705.7671045821605,4.0,5.0,0.4,1.8,1.8,1.0,3.6,0.4,0.2,0.6,5,5387.234837982907,Manchester City (default stadium),False,0,0.0,0,0,2,1,H
2502,2019-01-12,Brighton,Liverpool,Premier League,Premier League,1482.157543918964,1697.5974641158728,10.0,9.0,0.2,1.0,1.4,0.8,3.0,0.8,0.0,-3.0,3,5323.625304961785,Brighton (default stadium),False,0,0.0,0,0,0,1,A
2503,2019-01-12,Burnley,Fulham,Premier League,Premier League,1449.6872988153882,1433.574026459456,10.0,11.0,0.4,1.2,2.0,0.2,0.6,1.4,0.0,-2.0,1,6552.0788285457975,Burnley (default stadium),False,0,0.0,0,0,2,1,H
2504,2019-01-12,Cardiff,Huddersfield,Premier League,Premier League,1453.2816676245666,1374.5655080638596,11.0,10.0,0.2,0.8,2.2,0.0,0.6,2.0,0.0,0.0,1,260.1560096432683,Cardiff (default stadium),False,0,0.0,0,0,0,0,D
2505,2019-01-12,Chelsea,Newcastle United,Premier League,Premier League,1626.9578735687462,1444.4346904372987,10.0,10.0,0.6,1.0,0.6,0.2,0.4,1.4,0.6,0.8,5,399.367741301676,Chelsea (default stadium),False,0,0.0,0,0,2,1,H
2506,2019-01-12,Crystal Palace,Watford,Premier League,Premier League,1476.391515532859,1475.4220935701662,10.0,10.0,0.6,1.2,0.6,0.4,2.0,1.6,0.4,0.2,5,34.44633804123294,Crystal Palace (default stadium),False,0,0.0,0,0,1,2,A
2507,2019-01-12,Leicester City,Southampton,Premier League,Premier League,1512.5994449998764,1439.4604193402963,11.0,10.0,0.6,0.8,0.6,0.4,1.6,1.6,0.4,0.2,5,191.4130852325117,Leicester City (default stadium),False,0,0.0,0,0,1,2,A
2508,2019-01-12,West Ham United,Arsenal,Premier League,Premier League,1492.0303292582914,1598.7890304659854,10.0,11.0,0.4,1.2,1.4,0.4,2.2,2.2,0.0,-2.4,5,6.7390655013334415,West Ham United (default stadium),False,0,0.0,0,0,1,0,H
2509,2019-01-13,Everton,Bournemouth,Premier League,Premier League,1497.319455099874,1480.4752491348358,12.0,11.0,0.2,1.6,2.4,0.2,1.2,2.8,0.4,0.4,5,11531.827627873134,Everton (default stadium),False,0,0.0,0,0,2,0,H
2510,2019-01-13,Tottenham Hotspur,Manchester United,Premier League,Premier League,1665.081049441006,1622.5421787480852,12.0,11.0,0.8,3.2,1.0,0.8,3.0,1.2,0.6,0.8,5,253.91120185713115,Tottenham Hotspur (default stadium),False,0,0.0,0,0,0,1,A
2511,2019-01-14,Manchester City,Wolverhampton Wanderers,Premier League,Premier League,1708.2547446771966,1508.5910425416012,11.0,12.0,0.6,2.2,1.6,0.4,1.2,1.2,0.0,0.0,1,9321.398073694803,Manchester City (default stadium),False,0,0.0,0,0,3,0,H
2512,2019-01-19,Arsenal,Chelsea,Premier League,Premier League,1587.734960031318,1630.7467126398178,7.0,7.0,0.4,1.8,1.8,0.6,1.0,0.6,0.2,0.0,5,9.950774202617763,Arsenal (default stadium),False,0,0.0,0,0,2,0,H
2513,2019-01-19,Bournemouth,West Ham United,Premier League,Premier League,1472.9240382937778,1503.0843996929589,6.0,7.0,0.2,1.2,2.8,0.4,1.0,1.4,0.4,0.2,5,155.36167637292584,Bournemouth (default stadium),False,0,0.0,0,0,2,0,H
2514,2019-01-19,Liverpool,Crystal Palace,Premier League,Premier League,1703.6398784462297,1464.376794982346,7.0,7.0,0.8,2.6,0.6,0.4,1.2,1.0,0.8,1.0,5,5306.285725112793,Liverpool (default stadium),False,0,0.0,0,0,4,3,H
2515,2019-01-19,Manchester United,Brighton,Premier League,Premier League,1635.6725857072413,1476.115129588607,6.0,7.0,1.0,3.0,0.6,0.2,0.8,1.2,0.3333333333333333,-0.3333333333333333,3,325.25795184878103,Manchester United (default stadium),False,0,0.0,0,0,2,1,H
2516,2019-01-19,Newcastle United,Cardiff,Premier League,Premier League,1440.6458513662271,1449.2448516053425,7.0,7.0,0.0,0.4,1.8,0.2,0.4,1.6,0.0,0.0,1,403.73241458382057,Newcastle United (default stadium),False,0,0.0,0,0,3,0,H
2517,2019-01-19,Southampton,Everton,Premier League,Premier League,1453.362006483946,1504.870665940932,7.0,6.0,0.4,1.4,1.4,0.4,1.8,1.8,0.4,0.0,5,11568.424076531252,Southampton (default stadium),False,0,0.0,0,0,2,1,H
2518,2019-01-19,Watford,Burnley,Premier League,Premier League,1487.4368141206794,1457.258296225536,7.0,7.0,0.4,1.8,1.4,0.6,1.6,2.0,0.4,-0.2,5,6533.004942220552,Watford (default stadium),False,0,0.0,0,0,0,0,D
2519,2019-01-19,Wolverhampton Wanderers,Leicester City,Premier League,Premier League,1505.0959821508707,1498.6978578562266,5.0,7.0,0.2,0.8,1.8,0.6,1.0,0.8,0.0,-2.0,1,9203.941453824911,Wolverhampton Wanderers (default stadium),False,0,0.0,0,0,4,3,H
2520,2019-01-20,Fulham,Tottenham Hotspur,Premier League,Premier League,1426.0030290493082,1651.9506424818499,8.0,7.0,0.2,0.8,1.4,0.6,3.0,1.2,0.0,-2.0,1,16.0284942511911,Fulham (default stadium),False,0,0.0,0,0,1,2,A
2521,2019-01-20,Huddersfield,Manchester City,Premier League,Premier League,1378.6023240830837,1711.7498050679271,8.0,6.0,0.0,0.6,1.8,0.6,2.2,1.4,0.0,-2.0,3,34.30790636336862,Huddersfield (default stadium),False,0,0.0,0,0,0,3,A
2522,2019-01-29,Arsenal,Cardiff,Premier League,Premier League,1596.959734423656,1440.9939429303874,10.0,10.0,0.4,1.6,1.6,0.2,0.2,1.2,1.0,1.0,1,212.87691140286714,Arsenal (default stadium),False,0,0.0,0,0,2,1,H
2523,2019-01-29,Fulham,Brighton,Premier League,Premier League,1420.2125887580949,1471.9035497727343,9.0,10.0,0.2,1.0,1.8,0.2,1.0,1.2,0.0,0.0,1,69.48390935697866,Fulham (default stadium),False,0,0.0,0,0,4,2,H
2524,2019-01-29,Huddersfield,Everton,Premier League,Premier League,1374.9977496944841,1495.402387544319,9.0,10.0,0.0,0.4,1.8,0.4,1.6,1.0,0.0,-1.3333333333333333,3,11724.760626435651,Huddersfield (default stadium),False,0,0.0,0,0,0,1,A
2525,2019-01-29,Manchester United,Burnley,Premier League,Premier League,1639.884165523114,1460.0643304920663,10.0,10.0,1.0,2.4,0.6,0.6,1.4,1.4,0.6,1.0,5,6363.654979892703,Manchester United (default stadium),False,0,0.0,0,0,2,2,D
2526,2019-01-29,Newcastle United,Manchester City,Premier League,Premier League,1448.8967600411822,1715.3543794565267,10.0,9.0,0.2,1.0,1.8,0.8,2.4,0.8,0.0,-1.8,5,171.2592358971847,Newcastle United (default stadium),False,0,0.0,0,0,2,1,H
2527,2019-01-29,Wolverhampton Wanderers,West Ham United,Premier League,Premier League,1512.931835908225,1494.2260771971091,10.0,10.0,0.4,1.6,2.0,0.4,1.0,1.4,1.0,1.0,1,9062.016054164233,Wolverhampton Wanderers (default stadium),False,0,0.0,0,0,3,0,H
2528,2019-01-30,Bournemouth,Chelsea,Premier League,Premier League,1481.7823607896275,1621.5219382474797,11.0,11.0,0.2,1.2,2.8,0.6,1.0,0.8,0.2,-1.0,5,141.82746970047285,Bournemouth (default stadium),False,0,0.0,0,0,4,0,H
2529,2019-01-30,Liverpool,Leicester City,Premier League,Premier League,1706.5252956001966,1490.8620040988724,11.0,11.0,0.8,3.0,1.2,0.4,1.4,1.6,0.8,0.8,5,5343.065862682322,Liverpool (default stadium),False,0,0.0,0,0,1,1,D
2530,2019-01-30,Southampton,Crystal Palace,Premier League,Premier League,1462.830284880559,1461.491377828379,11.0,11.0,0.4,1.2,1.4,0.2,1.2,1.4,0.6,0.2,5,108.42688407911376,Southampton (default stadium),False,0,0.0,0,0,1,1,D
2531,2019-01-30,Tottenham Hotspur,Watford,Premier League,Premier League,1657.7410827730632,1484.630779854149,10.0,11.0,0.6,2.2,1.0,0.2,1.4,1.4,0.6,1.6,5,23.679576890869605,Tottenham Hotspur (default stadium),False,0,0.0,0,0,2,1,H
2532,2019-02-02,Brighton,Watford,Premier League,Premier League,1462.4300390049086,1480.6727289406415,4.0,3.0,0.2,1.2,1.8,0.2,1.4,1.4,0.3333333333333333,-0.3333333333333333,3,90.38973636945235,Brighton (default stadium),False,0,0.0,0,0,0,0,D
2533,2019-02-02,Burnley,Southampton,Premier League,Premier League,1466.2274691054067,1460.805363554134,4.0,3.0,0.6,1.6,0.8,0.4,1.2,1.2,0.4,0.0,5,6489.228471942674,Burnley (default stadium),False,0,0.0,0,0,1,1,D
2534,2019-02-02,Cardiff,Bournemouth,Premier League,Premier League,1436.7132124764537,1493.7630963053177,4.0,3.0,0.2,0.4,1.6,0.4,2.0,1.8,0.0,-2.0,1,125.03805949315758,Cardiff (default stadium),False,0,0.0,0,0,2,0,H
2535,2019-02-02,Chelsea,Huddersfield,Premier League,Premier League,1609.5412027317896,1366.4384186404202,3.0,4.0,0.4,0.6,1.4,0.0,0.2,1.4,0.6666666666666666,1.6666666666666667,3,264.0587647332326,Chelsea (default stadium),False,0,0.0,0,0,5,0,H
2536,2019-02-02,Crystal Palace,Fulham,Premier League,Premier League,1463.516299154804,1429.6860995259206,3.0,4.0,0.2,1.4,1.6,0.4,1.6,2.0,1.0,2.0,1,11.049065852200664,Crystal Palace (default stadium),False,0,0.0,0,0,2,0,H
2537,2019-02-02,Everton,Wolverhampton Wanderers,Premier League,Premier League,1503.961718598383,1520.4327463815239,4.0,4.0,0.4,0.8,0.8,0.6,2.0,1.8,0.0,0.0,1,9274.580162181222,Everton (default stadium),False,0,0.0,0,0,1,3,A
2538,2019-02-02,Tottenham Hotspur,Newcastle United,Premier League,Premier League,1661.6991336865708,1464.0168626533139,3.0,4.0,0.6,1.6,1.2,0.4,1.4,1.2,0.6,-0.2,5,388.1243553495561,Tottenham Hotspur (default stadium),False,0,0.0,0,0,1,0,H
2539,2019-02-03,Leicester City,Manchester United,Premier League,Premier League,1497.624686627093,1633.7210269097736,4.0,5.0,0.2,1.2,1.6,0.8,2.2,0.8,0.0,-1.8,5,119.18446031803153,Leicester City (default stadium),False,0,0.0,0,0,0,1,A
2540,2019-02-03,Manchester City,Arsenal,Premier League,Premier League,1700.234276844395,1601.2404648775898,5.0,5.0,0.8,2.4,0.8,0.6,1.8,1.6,0.8,1.6,5,256.9000111017041,Manchester City (default stadium),False,0,0.0,0,0,3,1,H
2541,2019-02-04,West Ham United,Liverpool,Premier League,Premier League,1486.7251667238102,1699.762613071976,6.0,5.0,0.2,0.6,1.8,0.6,2.4,1.4,0.0,-2.8,5,5299.298724106387,West Ham United (default stadium),False,0,0.0,0,0,1,1,D
2542,2019-02-06,Everton,Manchester City,Premier League,Premier League,1492.4331068133267,1705.7207057394178,4.0,3.0,0.4,1.0,1.2,0.8,2.4,0.8,0.2,0.0,5,11690.468746176242,Everton (default stadium),False,0,0.0,0,0,0,2,A
2543,2019-02-09,Brighton,Burnley,Premier League,Premier League,1460.9512666532673,1464.0901154579594,7.0,7.0,0.0,1.0,1.8,0.4,1.4,1.0,0.0,-0.3333333333333333,3,6578.701185693557,Brighton (default stadium),False,0,0.0,0,0,1,3,A
2544,2019-02-09,Crystal Palace,West Ham United,Premier League,Premier League,1470.6137250109055,1490.6242749520597,7.0,5.0,0.4,1.8,1.4,0.2,0.8,1.6,0.0,-1.0,5,13.663891147783643,Crystal Palace (default stadium),False,0,0.0,0,0,1,1,D
2545,2019-02-09,Fulham,Manchester United,Premier League,Premier League,1422.5886736698192,1641.8412441520445,7.0,6.0,0.2,1.4,2.4,0.8,1.6,0.6,0.0,-3.0,1,260.720495981881,Fulham (default stadium),False,0,0.0,0,0,0,3,A
2546,2019-02-09,Huddersfield,Arsenal,Premier League,Premier League,1363.607149069027,1595.754035982567,7.0,6.0,0.0,0.2,2.2,0.6,1.8,1.2,0.0,-2.3333333333333335,3,258.9472722783357,Huddersfield (default stadium),False,0,0.0,0,0,1,2,A
2547,2019-02-09,Liverpool,Bournemouth,Premier League,Premier League,1695.8635048437263,1484.1356580924635,5.0,7.0,0.4,1.6,1.4,0.4,1.8,1.4,0.6,2.0,5,5445.991656818437,Liverpool (default stadium),False,0,0.0,0,0,3,0,H
2548,2019-02-09,Southampton,Cardiff,Premier League,Premier League,1462.9427172015812,1446.340650689308,7.0,7.0,0.4,1.2,0.8,0.2,0.6,1.6,0.0,-1.0,1,140.14230681102106,Southampton (default stadium),False,0,0.0,0,0,1,2,A
2549,2019-02-09,Watford,Everton,Premier League,Premier League,1482.1515012922828,1486.3383186823082,7.0,3.0,0.2,1.2,1.2,0.4,1.0,1.4,0.4,0.0,5,11672.34169380457,Watford (default stadium),False,0,0.0,0,0,1,0,H
2550,2019-02-10,Manchester City,Chelsea,Premier League,Premier League,1711.8154938704363,1612.3724723031828,4.0,8.0,0.8,2.4,0.6,0.4,1.4,1.4,0.4,-0.6,5,260.84692450845216,Manchester City (default stadium),False,0,0.0,0,0,6,0,H
2551,2019-02-10,Tottenham Hotspur,Leicester City,Premier League,Premier League,1665.227214506019,1489.5044693848222,8.0,7.0,0.8,1.6,0.6,0.2,1.2,1.6,0.6,1.4,5,134.78780460437943,Tottenham Hotspur (default stadium),False,0,0.0,0,0,3,1,H
2552,2019-02-11,Wolverhampton Wanderers,Newcastle United,Premier League,Premier League,1531.96135816658,1460.4887818338657,9.0,9.0,0.6,2.0,1.8,0.4,1.2,1.2,1.0,1.0,1,9451.217353997563,Wolverhampton Wanderers (default stadium),False,0,0.0,0,0,1,1,D
2553,2019-02-22,Cardiff,Watford,Premier League,Premier League,1458.7828873182057,1490.2795816857445,13.0,13.0,0.4,1.0,1.2,0.4,0.8,0.6,0.0,-1.0,1,193.1824556650759,Cardiff (default stadium),False,0,0.0,0,0,1,5,A
2554,2019-02-22,West Ham United,Fulham,Premier League,Premier League,1492.0532398501907,1416.6384048313303,13.0,13.0,0.2,0.6,1.4,0.2,1.2,2.2,1.0,2.0,1,13.622670450459998,West Ham United (default stadium),False,0,0.0,0,0,3,1,H
2555,2019-02-23,Bournemouth,Wolverhampton Wanderers,Premier League,Premier League,1480.8364009070044,1528.100509911093,14.0,12.0,0.4,1.2,1.4,0.6,2.2,1.6,0.0,-2.0,1,9037.88842912415,Bournemouth (default stadium),False,0,0.0,0,0,1,1,D
2556,2019-02-23,Burnley,Tottenham Hotspur,Premier League,Premier League,1475.9911245769279,1669.1377390989762,14.0,13.0,0.4,1.6,1.0,0.8,1.6,0.8,0.0,-1.4,5,6556.63679428139,Burnley (default stadium),False,0,0.0,0,0,2,1,H
2557,2019-02-23,Leicester City,Crystal Palace,Premier League,Premier League,1485.593944791865,1469.1847601127745,13.0,14.0,0.0,1.2,2.2,0.2,1.6,1.6,0.2,-1.4,5,152.43481774000773,Leicester City (default stadium),False,0,0.0,0,0,1,4,A
2558,2019-02-23,Newcastle United,Huddersfield,Premier League,Premier League,1464.3496300893528,1357.962409977487,12.0,14.0,0.4,1.4,1.0,0.0,0.2,2.2,0.6666666666666666,0.3333333333333333,3,147.76004493466408,Newcastle United (default stadium),False,0,0.0,0,0,2,0,H
2559,2019-02-24,Arsenal,Southampton,Premier League,Premier League,1601.398775074107,1450.5004805726835,15.0,15.0,0.6,1.4,1.2,0.4,1.4,1.2,0.6,0.6,5,114.81248103375616,Arsenal (default stadium),False,0,0.0,0,0,2,0,H
2560,2019-02-24,Manchester United,Liverpool,Premier League,Premier League,1647.7915129905334,1699.1627620291854,15.0,15.0,0.8,1.8,0.6,0.6,2.0,1.0,0.2,-0.2,5,5387.234837982907,Manchester United (default stadium),True,0,0.0,0,0,0,0,D
2561,2019-02-26,Cardiff,Everton,Premier League,Premier League,1447.6791877241815,1478.2102382888465,4.0,17.0,0.4,1.2,2.2,0.2,0.6,1.6,0.0,-1.0,1,11505.1813354142,Cardiff (default stadium),False,0,0.0,0,0,0,3,A
2562,2019-02-26,Huddersfield,Wolverhampton Wanderers,Premier League,Premier League,1352.64379117238,1528.753968957802,3.0,3.0,0.0,0.2,2.6,0.6,2.4,1.2,1.0,2.0,1,9325.476304804142,Huddersfield (default stadium),False,0,0.0,0,0,1,0,H
2563,2019-02-26,Leicester City,Brighton,Premier League,Premier League,1473.156929330345,1449.050257534299,3.0,17.0,0.0,1.2,2.6,0.0,0.8,2.0,0.6666666666666666,1.3333333333333333,3,208.7110806263465,Leicester City (default stadium),False,0,0.0,0,0,2,1,H
2564,2019-02-26,Newcastle United,Burnley,Premier League,Premier League,1469.6682488944598,1489.394236581397,3.0,3.0,0.6,1.6,0.6,0.4,1.6,1.0,0.3333333333333333,0.0,3,6365.680353490109,Newcastle United (default stadium),False,0,0.0,0,0,2,0,H
2565,2019-02-27,Arsenal,Bournemouth,Premier League,Premier League,1605.778469332662,1480.1829418602954,3.0,4.0,0.8,1.8,1.0,0.4,1.4,1.2,0.6,1.0,5,151.22456097479042,Arsenal (default stadium),False,0,0.0,0,0,5,1,H
2566,2019-02-27,Chelsea,Tottenham Hotspur,Premier League,Premier League,1606.8963326923056,1655.734627094507,17.0,4.0,0.4,1.4,2.6,0.8,1.8,1.0,0.4,-0.8,5,16.124829392275434,Chelsea (default stadium),True,0,0.0,0,0,2,0,H
2567,2019-02-27,Crystal Palace,Manchester United,Premier League,Premier League,1481.6217755742944,1647.2558476623838,4.0,3.0,0.4,2.2,1.4,0.6,1.6,0.6,0.0,-1.6,5,271.155957712397,Crystal Palace (default stadium),False,0,0.0,0,0,1,3,A
2568,2019-02-27,Liverpool,Watford,Premier League,Premier League,1699.698427357335,1501.3832812797687,3.0,5.0,0.4,1.8,1.0,0.4,1.4,0.6,0.8,2.8,5,5321.850013915433,Liverpool (default stadium),False,0,0.0,0,0,5,0,H
2569,2019-02-27,Manchester City,West Ham United,Premier League,Premier League,1717.2916334813135,1498.0962631227903,17.0,5.0,0.8,3.0,0.6,0.2,1.0,1.6,1.0,2.8,5,262.0495522571908,Manchester City (default stadium),False,0,0.0,0,0,1,0,H
2570,2019-02-27,Southampton,Fulham,Premier League,Premier League,1446.1207863141285,1410.5953815587307,3.0,5.0,0.2,1.0,1.4,0.2,1.2,2.4,0.0,-1.0,1,105.36793929201917,Southampton (default stadium),False,0,0.0,0,0,2,0,H
2571,2019-03-02,Bournemouth,Manchester City,Premier League,Premier League,1475.2847130601594,1720.4741618147089,3.0,3.0,0.2,1.2,2.2,0.8,2.6,0.6,0.0,-2.6,5,306.55795629981236,Bournemouth (default stadium),False,0,0.0,0,0,0,1,A
2572,2019-03-02,Brighton,Huddersfield,Premier League,Premier League,1441.6945135937324,1365.6063445557384,4.0,4.0,0.0,1.0,2.2,0.2,0.4,2.0,0.3333333333333333,-0.3333333333333333,3,331.01226557957716,Brighton (default stadium),False,0,0.0,0,0,1,0,H
2573,2019-03-02,Burnley,Crystal Palace,Premier League,Premier League,1480.831223656603,1474.3068721383763,4.0,3.0,0.4,1.6,1.4,0.4,1.8,1.2,0.6,0.2,5,6562.201316773521,Burnley (default stadium),False,0,0.0,0,0,1,3,A
2574,2019-03-02,Manchester United,Southampton,Premier League,Premier League,1654.5707510983018,1453.1735944760055,3.0,3.0,0.6,1.8,0.6,0.2,1.0,1.2,0.4,0.6,5,291.8406815664775,Manchester United (default stadium),False,0,0.0,0,0,3,2,H
2575,2019-03-02,Tottenham Hotspur,Arsenal,Premier League,Premier League,1646.342957862927,1610.676698132798,3.0,3.0,0.6,1.4,1.2,0.8,2.4,1.2,0.4,-0.2,5,6.203038582804336,Tottenham Hotspur (default stadium),True,0,0.0,0,0,1,1,D
2576,2019-03-02,West Ham United,Newcastle United,Premier League,Premier League,1494.913734789395,1478.2312618192539,3.0,4.0,0.2,1.0,1.4,0.6,1.4,0.6,0.4,0.0,5,396.1921830254467,West Ham United (default stadium),False,0,0.0,0,0,2,0,H
2577,2019-03-02,Wolverhampton Wanderers,Cardiff,Premier League,Premier League,1515.7914155744436,1436.548041724212,4.0,4.0,0.4,1.6,0.8,0.4,1.2,2.2,0.0,-1.0,1,9154.486847480288,Wolverhampton Wanderers (default stadium),False,0,0.0,0,0,2,0,H
2578,2019-03-03,Everton,Liverpool,Premier League,Premier League,1489.341384288816,1703.2159347872407,5.0,4.0,0.4,1.0,1.2,0.4,2.0,0.4,0.0,-0.8,5,16451.58764038487,Everton (default stadium),True,0,0.0,0,0,0,0,D
2579,2019-03-03,Fulham,Chelsea,Premier League,Premier League,1403.5425733968536,1616.2880019238855,4.0,4.0,0.2,1.0,2.4,0.4,1.4,2.4,0.0,-2.0,1,0.13381917032718865,Fulham (default stadium),False,0,0.0,0,0,1,2,A
2580,2019-03-03,Watford,Leicester City,Premier League,Premier League,1497.865773849863,1480.5126732709116,4.0,5.0,0.4,1.4,1.6,0.2,1.0,2.0,0.4,-1.0,5,119.18970796768599,Watford (default stadium),False,0,0.0,0,0,2,1,H
2581,2019-03-09,Cardiff,West Ham United,Premier League,Premier League,1430.5975515947148,1502.4693220355603,7.0,7.0,0.4,1.0,2.2,0.4,1.4,0.8,0.0,-2.0,1,219.3019597251428,Cardiff (default stadium),False,0,0.0,0,0,2,0,H
2582,2019-03-09,Crystal Palace,Brighton,Premier League,Premier League,1486.4744810623242,1447.721203773956,7.0,7.0,0.6,2.2,1.2,0.2,1.0,1.8,0.3333333333333333,-0.3333333333333333,3,62.01282292846458,Crystal Palace (default stadium),False,0,0.0,0,0,1,2,A
2583,2019-03-09,Huddersfield,Bournemouth,Premier League,Premier League,1359.5796543755148,1469.9391314450797,7.0,7.0,0.2,0.4,2.0,0.0,0.4,2.4,0.3333333333333333,-0.6666666666666666,3,324.63170701126126,Huddersfield (default stadium),False,0,0.0,0,0,0,2,A
2584,2019-03-09,Leicester City,Fulham,Premier League,Premier League,1472.9752263203784,1397.4345521499058,6.0,6.0,0.2,1.0,2.2,0.0,0.4,2.4,0.0,0.0,1,142.2318025220516,Leicester City (default stadium),False,0,0.0,0,0,3,1,H
2585,2019-03-09,Manchester City,Watford,Premier League,Premier League,1725.8197434297886,1505.4032208003962,7.0,6.0,1.0,2.6,0.2,0.6,1.6,1.4,1.0,3.2,5,237.3590819226217,Manchester City (default stadium),False,0,0.0,0,0,3,1,H
2586,2019-03-09,Newcastle United,Everton,Premier League,Premier League,1470.6756745730886,1493.260904105891,7.0,6.0,0.4,1.0,0.8,0.2,0.8,1.2,0.0,-1.2,5,11820.07394279188,Newcastle United (default stadium),False,0,0.0,0,0,3,2,H
2587,2019-03-09,Southampton,Tottenham Hotspur,Premier League,Premier League,1449.707221800245,1643.3920644746834,7.0,7.0,0.2,1.2,1.6,0.4,1.2,1.2,0.0,-1.8,5,120.5232777621848,Southampton (default stadium),False,0,0.0,0,0,2,1,H
2588,2019-03-10,Arsenal,Manchester United,Premier League,Premier League,1613.6275915210417,1658.0371237740624,8.0,8.0,0.6,2.2,1.2,0.8,2.0,0.6,0.2,-0.2,5,256.9000111017041,Arsenal (default stadium),False,0,0.0,0,0,2,0,H
2589,2019-03-10,Chelsea,Wolverhampton Wanderers,Premier League,Premier League,1622.3960231708334,1521.7419057039408,7.0,8.0,0.6,1.8,2.2,0.4,1.4,0.8,0.0,-1.0,1,9061.62140506431,Chelsea (default stadium),False,0,0.0,0,0,1,1,D
2590,2019-03-10,Liverpool,Burnley,Premier League,Premier League,1699.2964149701656,1468.663614732655,7.0,8.0,0.4,1.8,0.2,0.4,1.4,1.6,0.6,0.4,5,11263.441847487935,Liverpool (default stadium),False,0,0.0,0,0,4,2,H
2591,2019-03-16,Bournemouth,Newcastle United,Premier League,Premier League,1478.7826893409997,1479.3193773459395,7.0,7.0,0.2,0.8,2.0,0.6,1.6,1.0,0.4,0.2,5,472.12392823775417,Bournemouth (default stadium),False,0,0.0,0,0,2,2,D
2592,2019-03-16,Burnley,Leicester City,Premier League,Premier League,1465.653350467411,1479.0151952004603,6.0,7.0,0.4,1.6,2.2,0.4,1.6,2.2,0.4,-0.4,5,6455.690567406472,Burnley (default stadium),False,0,0.0,0,0,1,2,A
2593,2019-03-16,West Ham United,Huddersfield,Premier League,Premier League,1492.4154486728328,1350.7360964795948,7.0,7.0,0.4,1.2,1.0,0.2,0.4,1.4,0.6666666666666666,1.6666666666666667,3,263.4811228877531,West Ham United (default stadium),False,0,0.0,0,0,4,3,H
2594,2019-03-17,Everton,Chelsea,Premier League,Premier League,1484.6172013330402,1617.8444822299764,8.0,7.0,0.2,1.0,1.2,0.6,2.0,1.6,0.0,-2.0,5,11673.649510171086,Everton (default stadium),False,0,0.0,0,0,2,0,H
2595,2019-03-17,Fulham,Liverpool,Premier League,Premier League,1391.394583269824,1702.3066792354098,8.0,7.0,0.0,0.6,2.6,0.6,2.4,0.4,0.0,-2.0,1,5312.6474190647505,Fulham (default stadium),False,0,0.0,0,0,1,2,A
2596,2019-03-30,Brighton,Southampton,Premier League,Premier League,1460.752997440908,1463.1240239364088,21.0,21.0,0.4,1.0,1.2,0.4,1.4,1.6,0.0,0.0,3,91.83331837808883,Brighton (default stadium),False,0,0.0,0,0,0,1,A
2597,2019-03-30,Burnley,Wolverhampton Wanderers,Premier League,Premier League,1454.0374619798026,1526.2934466447978,14.0,20.0,0.2,1.2,2.4,0.2,1.0,0.8,0.0,-1.0,1,13238.018552642983,Burnley (default stadium),False,0,0.0,0,0,2,0,H
2598,2019-03-30,Crystal Palace,Huddersfield,Premier League,Premier League,1473.442687395372,1346.172171474709,21.0,14.0,0.4,2.0,1.6,0.2,0.8,1.8,0.6666666666666666,0.0,3,273.8144211307599,Crystal Palace (default stadium),False,0,0.0,0,0,2,0,H
2599,2019-03-30,Fulham,Manchester City,Premier League,Premier League,1387.3962058744771,1728.983505088705,13.0,21.0,0.0,0.8,2.4,1.0,2.6,0.2,0.0,-3.0,1,260.720495981881,Fulham (default stadium),False,0,0.0,0,0,0,2,A
2600,2019-03-30,Leicester City,Bournemouth,Premier League,Premier League,1490.6310836880687,1476.8095946217534,14.0,14.0,0.6,1.8,1.8,0.2,1.2,1.8,0.0,-0.6,5,215.0463353224413,Leicester City (default stadium),False,0,0.0,0,0,2,0,H
2601,2019-03-30,Manchester United,Watford,Premier League,Premier League,1648.7723475696184,1502.2394591414798,20.0,21.0,0.6,1.8,1.0,0.6,1.8,2.0,0.8,0.8,5,237.3590819226217,Manchester United (default stadium),False,0,0.0,0,0,2,1,H
2602,2019-03-30,West Ham United,Everton,Premier League,Premier League,1496.9793736777185,1496.4172018601798,14.0,13.0,0.6,1.8,1.4,0.4,1.4,0.8,0.4,-0.4,5,11687.188342303432,West Ham United (default stadium),False,0,0.0,0,0,0,2,A
2603,2019-03-31,Cardiff,Chelsea,Premier League,Premier League,1440.6514249574423,1606.0444817028367,22.0,14.0,0.4,1.0,2.2,0.4,1.0,2.0,0.0,-3.0,1,207.16578644204577,Cardiff (default stadium),False,0,0.0,0,0,1,2,A
2604,2019-03-31,Liverpool,Tottenham Hotspur,Premier League,Premier League,1706.3050566307566,1629.9752623385195,14.0,22.0,0.6,2.2,0.6,0.2,1.2,1.6,0.4,0.0,5,5300.810896107908,Liverpool (default stadium),False,0,0.0,0,0,2,1,H
2605,2019-04-01,Arsenal,Newcastle United,Premier League,Premier League,1622.8923677254857,1481.2924720651858,22.0,16.0,0.8,2.4,0.6,0.6,1.8,1.2,0.8,0.6,5,392.7352980316752,Arsenal (default stadium),False,0,0.0,0,0,2,0,H
2606,2019-04-02,Watford,Fulham,Premier League,Premier League,1497.7732006663446,1383.932968600511,3.0,3.0,0.4,1.8,2.4,0.0,0.6,2.2,0.0,0.0,1,23.570310629416102,Watford (default stadium),False,0,0.0,0,0,4,1,H
2607,2019-04-02,Wolverhampton Wanderers,Manchester United,Premier League,Premier League,1516.2285150991029,1653.2386060447536,3.0,3.0,0.2,0.8,1.0,0.6,1.6,1.2,0.0,0.0,1,9321.398073694803,Wolverhampton Wanderers (default stadium),False,0,0.0,0,0,2,1,H
2608,2019-04-03,Chelsea,Brighton,Premier League,Premier League,1613.3658231776812,1448.8306962461668,3.0,4.0,0.6,1.4,1.0,0.4,1.0,1.4,1.0,2.3333333333333335,3,69.35066034154319,Chelsea (default stadium),False,0,0.0,0,0,3,0,H
2609,2019-04-03,Manchester City,Cardiff,Premier League,Premier League,1732.446742362671,1433.3300834825977,4.0,3.0,1.0,2.6,0.2,0.2,0.8,2.4,1.0,5.0,1,232.63765987139035,Manchester City (default stadium),False,0,0.0,0,0,2,0,H
2610,2019-04-03,Tottenham Hotspur,Crystal Palace,Premier League,Premier League,1623.9544271477898,1478.3053420685417,3.0,4.0,0.0,0.8,1.8,0.6,2.2,1.4,1.0,1.0,5,20.57108758153193,Tottenham Hotspur (default stadium),False,0,0.0,0,0,2,0,H
2611,2019-04-05,Southampton,Liverpool,Premier League,Premier League,1475.04632513115,1712.3258918214863,6.0,5.0,0.6,1.4,1.2,0.8,2.6,0.8,0.0,-1.6,5,5410.461987095733,Southampton (default stadium),False,0,0.0,0,0,1,3,A
2612,2019-04-06,Bournemouth,Burnley,Premier League,Premier League,1469.1764275191601,1464.1023935254975,7.0,7.0,0.2,1.0,2.0,0.2,1.2,2.2,0.4,-0.8,5,6464.032279474406,Bournemouth (default stadium),False,0,0.0,0,0,1,3,A
2613,2019-04-06,Huddersfield,Leicester City,Premier League,Premier League,1341.3095168015395,1498.264250790662,7.0,7.0,0.2,0.8,1.8,0.8,2.0,1.0,0.0,-1.6666666666666667,3,122.31665013640415,Huddersfield (default stadium),False,0,0.0,0,0,1,4,A
2614,2019-04-06,Newcastle United,Crystal Palace,Premier League,Premier League,1476.7269357296093,1473.8214105189431,5.0,3.0,0.4,1.4,1.6,0.4,1.4,1.6,0.4,-0.4,5,408.04977898274933,Newcastle United (default stadium),False,0,0.0,0,0,0,1,A
2615,2019-04-07,Everton,Arsenal,Premier League,Premier League,1508.420673949413,1627.4579040610622,8.0,6.0,0.6,1.8,0.6,0.8,2.4,0.4,0.2,-2.0,5,11682.978134396302,Everton (default stadium),False,0,0.0,0,0,1,0,H
2616,2019-04-08,Chelsea,West Ham United,Premier League,Premier League,1617.482927457979,1484.9759015884854,5.0,9.0,0.6,1.6,1.0,0.4,1.2,1.6,0.4,0.2,5,13.657971575674615,Chelsea (default stadium),False,0,0.0,0,0,2,0,H
2617,2019-04-12,Leicester City,Newcastle United,Premier League,Premier League,1505.8124713784762,1464.6588121116795,6.0,6.0,0.8,2.4,1.0,0.2,1.0,1.8,0.8,1.2,5,263.6083592563879,Leicester City (default stadium),False,0,0.0,0,0,0,1,A
2618,2019-04-13,Brighton,Bournemouth,Premier League,Premier League,1444.713591965869,1457.0486365566132,10.0,7.0,0.4,0.8,1.4,0.2,1.0,1.6,0.0,-1.0,3,124.11226270743967,Brighton (default stadium),False,0,0.0,0,0,0,5,A
2619,2019-04-13,Burnley,Cardiff,Premier League,Premier League,1476.2301844880444,1431.1959023359095,7.0,10.0,0.4,1.8,2.0,0.2,0.6,1.8,1.0,1.0,1,6352.222342861055,Burnley (default stadium),False,0,0.0,0,0,2,0,H
2620,2019-04-13,Fulham,Everton,Premier League,Premier League,1378.780162501508,1519.8227809396103,11.0,6.0,0.0,0.8,2.6,0.6,1.4,0.6,0.0,-3.0,1,11673.70209285392,Fulham (default stadium),False,0,0.0,0,0,2,0,H
2621,2019-04-13,Manchester United,West Ham United,Premier League,Premier League,1641.3334653511354,1480.2233269057738,11.0,5.0,0.6,1.8,1.6,0.4,1.2,1.8,0.4,0.8,5,262.0495522571908,Manchester United (default stadium),False,0,0.0,0,0,2,1,H
2622,2019-04-13,Southampton,Wolverhampton Wanderers,Premier League,Premier League,1469.520520614721,1528.1336557927211,8.0,11.0,0.6,1.6,1.4,0.4,1.0,1.0,0.0,-2.0,1,9040.708255581369,Southampton (default stadium),False,0,0.0,0,0,3,1,H
2623,2019-04-13,Tottenham Hotspur,Huddersfield,Premier League,Premier League,1628.4383586973884,1333.7612962137252,10.0,7.0,0.2,1.0,1.4,0.0,0.8,2.6,1.0,2.6666666666666665,3,255.25978769220998,Tottenham Hotspur (default stadium),False,0,0.0,0,0,4,0,H
2624,2019-04-14,Crystal Palace,Manchester City,Premier League,Premier League,1485.889534136873,1734.5809235093593,8.0,11.0,0.6,1.4,1.0,1.0,1.8,0.2,0.2,-2.0,5,271.155957712397,Crystal Palace (default stadium),False,0,0.0,0,0,1,3,A
2625,2019-04-14,Liverpool,Chelsea,Premier League,Premier League,1717.8516963379154,1622.2355021406906,9.0,6.0,0.8,2.2,1.0,0.6,1.6,0.8,0.2,0.0,5,5312.655647759373,Liverpool (default stadium),False,0,0.0,0,0,2,0,H
2626,2019-04-15,Watford,Arsenal,Premier League,Premier League,1502.9260067653477,1616.0557970708649,13.0,8.0,0.4,1.6,2.4,0.6,2.0,0.6,0.4,-1.0,5,22.816875346141348,Watford (default stadium),False,0,0.0,0,0,0,1,A
2627,2019-04-16,Brighton,Cardiff,Premier League,Premier League,1433.0689352915688,1424.3909482389067,3.0,3.0,0.4,0.6,2.0,0.2,0.6,1.6,0.0,-1.0,1,226.6599843344616,Brighton (default stadium),False,0,0.0,0,0,0,2,A
2628,2019-04-20,Bournemouth,Fulham,Premier League,Premier League,1468.6932932309135,1390.7969042144857,7.0,7.0,0.4,2.0,1.4,0.2,1.0,2.2,1.0,3.0,1,141.8811990067746,Bournemouth (default stadium),False,0,0.0,0,0,0,1,A
2629,2019-04-20,Huddersfield,Watford,Premier League,Premier League,1331.5779012853338,1494.1610443988907,7.0,5.0,0.0,0.8,3.2,0.4,1.6,1.6,0.6666666666666666,0.3333333333333333,3,241.20875372023048,Huddersfield (default stadium),False,0,0.0,0,0,1,2,A
2630,2019-04-20,Manchester City,Tottenham Hotspur,Premier League,Premier League,1739.8479181227895,1630.6217536257798,6.0,7.0,1.0,2.2,0.4,0.4,1.8,1.0,0.6,0.8,5,253.91120185713115,Manchester City (default stadium),False,0,0.0,0,0,1,0,H
2631,2019-04-20,Newcastle United,Southampton,Premier League,Premier League,1477.753211731422,1479.192897595401,8.0,7.0,0.4,1.2,1.4,0.6,1.8,1.6,0.2,0.2,5,452.9404186033056,Newcastle United (default stadium),False,0,0.0,0,0,3,1,H
2632,2019-04-20,West Ham United,Leicester City,Premier League,Premier League,1476.041386335309,1492.7180717587337,7.0,8.0,0.2,1.0,2.2,0.8,2.2,0.8,0.2,0.0,5,142.949836877498,West Ham United (default stadium),False,0,0.0,0,0,2,2,D
2633,2019-04-20,Wolverhampton Wanderers,Brighton,Premier League,Premier League,1518.461278812041,1420.8423322345361,7.0,4.0,0.4,1.2,1.4,0.2,0.4,2.4,0.0,-1.0,1,8996.140833084839,Wolverhampton Wanderers (default stadium),False,0,0.0,0,0,0,0,D
2634,2019-04-21,Arsenal,Crystal Palace,Premier League,Premier League,1624.8207594373218,1480.6225395234428,6.0,7.0,0.6,1.2,0.4,0.4,1.0,1.4,0.6,0.6,5,15.34028105594792,Arsenal (default stadium),False,0,0.0,0,0,2,3,A
2635,2019-04-21,Cardiff,Liverpool,Premier League,Premier League,1436.6175512959394,1723.4158745054067,5.0,7.0,0.4,1.0,1.2,1.0,2.6,1.0,0.0,-3.0,1,5511.904462216411,Cardiff (default stadium),False,0,0.0,0,0,0,2,A
2636,2019-04-21,Everton,Manchester United,Premier League,Premier League,1507.8060392266325,1645.5154059216002,8.0,8.0,0.6,1.4,1.0,0.6,1.6,1.6,0.0,-1.4,5,11690.468746176242,Everton (default stadium),False,0,0.0,0,0,4,0,H
2637,2019-04-22,Chelsea,Burnley,Premier League,Premier League,1616.6713239731994,1483.0351385850472,8.0,9.0,0.6,1.4,1.0,0.6,2.0,1.4,0.6,1.4,5,6552.140911877313,Chelsea (default stadium),False,0,0.0,0,0,2,2,D
2638,2019-04-23,Tottenham Hotspur,Brighton,Premier League,Premier League,1625.3666943444252,1425.324337013494,3.0,3.0,0.4,1.6,1.0,0.0,0.0,2.2,0.6666666666666666,1.0,3,82.58337268155316,Tottenham Hotspur (default stadium),False,0,0.0,0,0,1,0,H
2639,2019-04-23,Watford,Southampton,Premier League,Premier League,1501.5576200243981,1471.1410010191253,3.0,3.0,0.4,1.6,1.6,0.6,1.6,1.6,0.2,0.2,5,107.60666567502645,Watford (default stadium),False,0,0.0,0,0,1,1,D
2640,2019-04-24,Manchester United,Manchester City,Premier League,Premier League,1633.5908764282663,1745.102977404144,3.0,4.0,0.4,1.0,2.0,1.0,2.2,0.4,0.2,-0.6,5,0.0,Manchester United (default stadium),True,0,0.0,0,0,0,2,A
2641,2019-04-24,Wolverhampton Wanderers,Arsenal,Premier League,Premier League,1513.9792740330831,1609.3338110575464,4.0,3.0,0.2,0.8,1.4,0.6,1.4,0.8,0.0,0.0,1,9066.534594608813,Wolverhampton Wanderers (default stadium),False,0,0.0,0,0,3,1,H
2642,2019-04-26,Liverpool,Huddersfield,Premier League,Premier League,1727.8768348847289,1324.1813256598266,5.0,6.0,1.0,2.2,0.6,0.0,1.0,3.2,1.0,2.3333333333333335,3,5354.853698869528,Liverpool (default stadium),False,0,0.0,0,0,5,0,H
2643,2019-04-27,Brighton,Newcastle United,Premier League,Premier League,1421.835559090857,1485.8051083076978,4.0,7.0,0.0,0.0,2.2,0.4,1.2,1.2,0.6666666666666666,0.6666666666666666,3,468.342499245935,Brighton (default stadium),False,0,0.0,0,0,1,1,D
2644,2019-04-27,Crystal Palace,Everton,Premier League,Premier League,1496.1094879032182,1519.7305687199664,6.0,6.0,0.6,1.4,1.4,0.8,1.8,0.4,0.0,-1.0,5,11676.66690896838,Crystal Palace (default stadium),False,0,0.0,0,0,0,0,D
2645,2019-04-27,Fulham,Cardiff,Premier League,Premier League,1404.8139515444118,1432.1565909166172,7.0,6.0,0.4,1.0,1.6,0.2,0.6,1.6,0.0,-2.0,1,207.1366534980005,Fulham (default stadium),False,0,0.0,0,0,1,0,H
2646,2019-04-27,Southampton,Bournemouth,Premier League,Premier League,1473.9533475702547,1454.6762459009874,4.0,7.0,0.4,1.4,1.6,0.2,1.6,1.6,0.4,0.6,5,36.717522209000165,Southampton (default stadium),False,0,0.0,0,0,3,3,D
2647,2019-04-27,Tottenham Hotspur,West Ham United,Premier League,Premier League,1628.8554722670622,1474.5185560617938,4.0,7.0,0.6,1.6,0.6,0.2,1.4,2.2,0.6,0.4,5,8.221735834635023,Tottenham Hotspur (default stadium),False,0,0.0,0,0,0,1,A
2648,2019-04-27,Watford,Wolverhampton Wanderers,Premier League,Premier League,1498.7452734732688,1524.7077435674391,4.0,3.0,0.4,1.6,1.2,0.4,1.2,1.4,1.0,2.0,1,9084.763375498067,Watford (default stadium),False,0,0.0,0,0,1,2,A
2649,2019-04-28,Burnley,Manchester City,Premier League,Premier League,1488.3060745678847,1753.9138164610063,6.0,4.0,0.6,2.0,1.0,1.0,2.0,0.2,0.0,-2.0,5,6363.654979892703,Burnley (default stadium),False,0,0.0,0,0,0,1,A
2650,2019-04-28,Leicester City,Arsenal,Premier League,Premier League,1494.2409020322489,1598.6053415231904,8.0,4.0,0.6,2.0,1.0,0.4,1.2,1.4,0.2,-0.4,5,137.93652464122155,Leicester City (default stadium),False,0,0.0,0,0,3,0,H
2651,2019-04-28,Manchester United,Chelsea,Premier League,Premier League,1624.780037371404,1611.4003879903619,4.0,6.0,0.4,1.0,2.0,0.6,1.8,1.0,0.4,-0.4,5,260.84692450845216,Manchester United (default stadium),False,0,0.0,0,0,1,1,D
2652,2019-05-03,Everton,Burnley,Premier League,Premier League,1521.0575884431005,1483.408105818278,6.0,5.0,0.6,1.4,0.4,0.6,1.8,0.8,0.4,0.6,5,7457.166496435577,Everton (default stadium),False,0,0.0,0,0,2,0,H
2653,2019-05-04,Bournemouth,Tottenham Hotspur,Premier League,Premier League,1457.1907466152911,1613.1678347208783,7.0,7.0,0.2,1.8,1.8,0.6,1.4,0.4,0.0,-2.6,5,156.84013393890496,Bournemouth (default stadium),False,0,0.0,0,0,1,0,H
2654,2019-05-04,Cardiff,Crystal Palace,Premier League,Premier League,1423.3782360971022,1494.7824681800842,7.0,7.0,0.2,0.4,1.4,0.4,1.0,1.4,0.0,0.0,1,215.86688943266105,Cardiff (default stadium),False,0,0.0,0,0,2,3,A
2655,2019-05-04,Newcastle United,Liverpool,Premier League,Premier League,1485.9786612054518,1729.1050297149961,7.0,8.0,0.4,1.0,1.0,1.0,2.8,0.4,0.2,-0.8,5,5307.58997068219,Newcastle United (default stadium),False,0,0.0,0,0,2,3,A
2656,2019-05-04,West Ham United,Southampton,Premier League,Premier League,1490.2061936079776,1471.438846855951,7.0,7.0,0.2,0.8,1.6,0.2,1.8,2.2,0.6,0.4,5,118.78899564721851,West Ham United (default stadium),False,0,0.0,0,0,3,0,H
2657,2019-05-04,Wolverhampton Wanderers,Fulham,Premier League,Premier League,1535.9685011716606,1413.5923063639268,7.0,7.0,0.6,1.6,1.2,0.6,1.0,1.2,0.0,0.0,1,9061.751294434785,Wolverhampton Wanderers (default stadium),False,0,0.0,0,0,1,0,H
2658,2019-05-05,Arsenal,Brighton,Premier League,Premier League,1587.6194662756002,1421.662006193103,7.0,8.0,0.2,0.8,2.0,0.0,0.2,1.8,0.3333333333333333,0.3333333333333333,3,77.11653294203013,Arsenal (default stadium),False,0,0.0,0,0,1,1,D
2659,2019-05-05,Chelsea,Watford,Premier League,Premier League,1613.7552125141806,1487.4845158690473,7.0,8.0,0.4,1.6,1.0,0.4,1.6,1.2,0.8,0.4,5,23.690230405937225,Chelsea (default stadium),False,0,0.0,0,0,3,0,H
2660,2019-05-05,Huddersfield,Manchester United,Premier League,Premier League,1322.9531308295593,1622.4252128475853,9.0,7.0,0.0,0.4,3.4,0.2,0.8,2.0,0.3333333333333333,-1.0,3,34.30790636336862,Huddersfield (default stadium),False,0,0.0,0,0,1,1,D
2661,2019-05-06,Manchester City,Leicester City,Premier League,Premier League,1758.811785210613,1505.226777279839,8.0,8.0,1.0,1.8,0.2,0.6,2.2,0.8,0.6,0.8,5,119.18446031803153,Manchester City (default stadium),False,0,0.0,0,0,1,0,H
2662,2019-05-12,Brighton,Manchester City,Premier League,Premier League,1427.571607460754,1761.4995465923078,7.0,6.0,0.0,0.4,1.0,1.0,1.6,0.2,0.0,-2.0,3,325.25795184878103,Brighton (default stadium),False,0,0.0,0,0,1,4,A
2663,2019-05-12,Burnley,Arsenal,Premier League,Premier League,1476.4110222083073,1581.7098650079492,9.0,7.0,0.4,1.4,1.2,0.2,1.0,2.0,0.0,-2.0,5,6555.361279391892,Burnley (default stadium),False,0,0.0,0,0,1,3,A
2664,2019-05-12,Crystal Palace,Bournemouth,Premier League,Premier League,1504.7420513518914,1469.6160604205863,8.0,8.0,0.6,1.6,1.4,0.4,2.0,1.4,0.2,0.2,5,145.13706164318188,Crystal Palace (default stadium),False,0,0.0,0,0,5,3,H
2665,2019-05-12,Fulham,Newcastle United,Premier League,Premier League,1408.6252117111728,1480.5864348992623,8.0,8.0,0.6,1.0,1.0,0.4,1.4,1.2,0.0,0.0,1,399.2339499540635,Fulham (default stadium),False,0,0.0,0,0,0,4,A
2666,2019-05-12,Leicester City,Chelsea,Premier League,Premier League,1502.5390158981443,1618.6390806557229,6.0,7.0,0.4,1.8,1.0,0.4,1.6,1.0,0.2,-1.2,5,142.36087796503557,Leicester City (default stadium),False,0,0.0,0,0,0,0,D
2667,2019-05-12,Liverpool,Wolverhampton Wanderers,Premier League,Premier League,1734.4972560211856,1540.9355958244146,8.0,8.0,1.0,3.0,0.6,0.6,1.4,1.0,1.0,2.0,1,8518.872327710977,Liverpool (default stadium),False,0,0.0,0,0,2,0,H
2668,2019-05-12,Manchester United,Cardiff,Premier League,Premier League,1616.6384268337954,1413.418652925295,7.0,8.0,0.2,0.8,1.8,0.2,0.8,1.6,1.0,4.0,1,232.63765987139035,Manchester United (default stadium),False,0,0.0,0,0,0,2,A
2669,2019-05-12,Southampton,Huddersfield,Premier League,Premier League,1463.9395982456135,1328.7399168433492,8.0,7.0,0.2,1.6,2.2,0.0,0.6,3.2,0.3333333333333333,0.6666666666666666,3,306.69331634321105,Southampton (default stadium),False,0,0.0,0,0,1,1,D
2670,2019-05-12,Tottenham Hotspur,Everton,Premier League,Premier League,1600.742520915583,1528.0546720530713,8.0,9.0,0.4,1.0,0.6,0.6,1.4,0.4,0.8,2.4,5,11688.48360204595,Tottenham Hotspur (default stadium),False,0,0.0,0,0,2,2,D
2671,2019-05-12,Watford,West Ham United,Premier League,Premier League,1482.600647727505,1497.705442218315,7.0,8.0,0.2,0.8,1.6,0.4,1.4,1.2,0.6,0.8,5,29.461782304363904,Watford (default stadium),False,0,0.0,0,0,1,4,A
1912,2019-08-09,Liverpool,Norwich,Premier League,Premier League,1678.5710929673105,1432.660793087837,89.0,1181.0,1.0,2.8,0.4,0.2,0.8,2.0,0.5,0.5,2,5182.350543665449,Liverpool (default stadium),False,0,0.0,0,0,4,1,H
1913,2019-08-10,West Ham United,Manchester City,Premier League,Premier League,1506.9543264291985,1698.8181483851859,90.0,90.0,0.6,2.2,1.0,1.0,1.8,0.2,0.0,-2.6,5,262.0495522571908,West Ham United (default stadium),False,0,0.0,0,0,0,5,A
1914,2019-08-10,Bournemouth,Sheffield United,Premier League,Premier League,1471.9145633938604,1500.0,90.0,,0.4,2.4,1.8,0.5,0.0,0.0,0.5,0.0,0,297.9449672096812,Bournemouth (default stadium),False,0,0.0,0,0,1,1,D
1915,2019-08-10,Burnley,Southampton,Premier League,Premier League,1475.567642416583,1468.9771806625004,90.0,90.0,0.2,1.0,1.6,0.0,1.2,2.2,0.4,0.4,5,6489.228471942674,Burnley (default stadium),False,0,0.0,0,0,3,0,H
1916,2019-08-10,Crystal Palace,Everton,Premier League,Premier League,1508.8540204354981,1523.9589333564868,90.0,90.0,0.6,2.4,2.0,0.4,1.6,0.8,0.0,-1.0,5,11676.66690896838,Crystal Palace (default stadium),False,0,0.0,0,0,0,0,D
1917,2019-08-10,Watford,Brighton,Premier League,Premier League,1478.2752410301664,1442.9852171546106,90.0,90.0,0.2,1.0,2.2,0.0,0.6,1.4,0.25,0.25,4,90.38973636945235,Watford (default stadium),False,0,0.0,0,0,0,3,A
1918,2019-08-10,Tottenham Hotspur,Aston Villa,Premier League,Premier League,1572.638961370004,1383.1594922535053,90.0,1182.0,0.2,0.6,1.0,0.0,0.8,2.4,1.0,2.0,2,159.95911475155745,Tottenham Hotspur (default stadium),False,0,0.0,0,0,3,1,H
1919,2019-08-11,Leicester City,Wolverhampton Wanderers,Premier League,Premier League,1502.8936125339337,1528.0035459168898,91.0,91.0,0.2,1.0,0.8,0.6,1.2,0.8,0.5,0.5,2,9203.941453824911,Leicester City (default stadium),False,0,0.0,0,0,0,0,D
1920,2019-08-11,Newcastle United,Arsenal,Premier League,Premier League,1492.897490218394,1568.0230229956092,91.0,91.0,0.6,2.2,1.0,0.2,1.4,2.2,0.2,-0.8,5,392.7352980316752,Newcastle United (default stadium),False,0,0.0,0,0,0,1,A
1921,2019-08-11,Manchester United,Chelsea,Premier League,Premier League,1575.0561279344604,1587.9899598814666,91.0,91.0,0.0,0.4,2.0,0.2,1.2,1.0,0.4,0.4,5,260.84692450845216,Manchester United (default stadium),False,0,0.0,0,0,4,0,H
1922,2019-08-17,Arsenal,Burnley,Premier League,Premier League,1577.8755090047925,1483.3982201657636,6.0,7.0,0.4,1.2,1.6,0.2,1.2,1.6,1.0,2.2,5,6555.361279391892,Arsenal (default stadium),False,0,0.0,0,0,2,1,H
1923,2019-08-17,Aston Villa,Bournemouth,Premier League,Premier League,1379.492103476828,1470.7139840361087,7.0,7.0,0.0,1.0,2.8,0.2,1.6,2.0,0.5,0.0,2,197.28001354816703,Aston Villa (default stadium),False,0,0.0,0,0,1,2,A
1924,2019-08-17,Brighton,West Ham United,Premier League,Premier League,1455.926221407506,1500.3247517434907,7.0,7.0,0.2,1.2,1.4,0.6,2.0,1.6,0.75,1.5,4,75.30394037947526,Brighton (default stadium),False,0,0.0,0,0,1,1,D
1925,2019-08-17,Everton,Watford,Premier League,Premier League,1525.5259230521078,1465.334236777271,7.0,7.0,0.4,1.6,0.4,0.0,0.6,2.6,0.4,0.0,5,11672.34169380457,Everton (default stadium),False,0,0.0,0,0,1,0,H
1926,2019-08-17,Norwich,Newcastle United,Premier League,Premier League,1429.8685760650988,1483.0450042092107,8.0,6.0,0.2,1.0,2.2,0.4,2.0,1.2,0.5,-1.5,2,322.8365950330847,Norwich (default stadium),False,0,0.0,0,0,3,1,H
1927,2019-08-17,Southampton,Liverpool,Premier League,Premier League,1461.1466029133198,1681.3633099900487,7.0,8.0,0.0,1.0,2.2,1.0,3.2,0.6,0.0,-2.0,5,5410.461987095733,Southampton (default stadium),False,0,0.0,0,0,1,2,A
1928,2019-08-17,Manchester City,Tottenham Hotspur,Premier League,Premier League,1705.4477230708937,1576.306350146681,7.0,7.0,1.0,2.6,0.2,0.4,1.2,1.0,0.8,1.4,5,253.91120185713115,Manchester City (default stadium),False,0,0.0,0,0,2,2,D
1929,2019-08-18,Sheffield United,Crystal Palace,Premier League,Premier League,1501.2005793577516,1507.287030739877,8.0,8.0,0.0,1.0,1.0,0.6,2.2,1.4,0.5,0.0,0,241.11581385297217,Sheffield United (default stadium),False,0,0.0,0,0,1,0,H
1930,2019-08-18,Chelsea,Leicester City,Premier League,Premier League,1579.6178435074157,1501.608714500888,7.0,7.0,0.2,1.2,1.4,0.2,1.0,0.6,0.4,0.6,5,142.36087796503557,Chelsea (default stadium),False,0,0.0,0,0,1,1,D
1931,2019-08-19,Wolverhampton Wanderers,Manchester United,Premier League,Premier League,1529.2884439499355,1583.4282443085112,8.0,8.0,0.6,1.2,0.8,0.2,1.2,1.2,0.5,0.5,2,9321.398073694803,Wolverhampton Wanderers (default stadium),False,0,0.0,0,0,1,1,D
1932,2019-08-23,Aston Villa,Everton,Premier League,Premier League,1370.1021597922115,1531.9447740888486,6.0,6.0,0.0,0.8,2.4,0.4,1.0,0.4,0.0,-3.0,2,11644.551802132402,Aston Villa (default stadium),False,0,0.0,0,0,2,0,H
1933,2019-08-24,Norwich,Chelsea,Premier League,Premier League,1439.3847328401248,1575.5980752361484,7.0,6.0,0.4,1.6,2.2,0.2,1.0,1.2,0.0,-1.0,2,163.10075119791753,Norwich (default stadium),False,0,0.0,0,0,2,3,A
1934,2019-08-24,Brighton,Southampton,Premier League,Premier League,1455.190682663778,1455.2195069525428,7.0,7.0,0.2,1.4,1.4,0.0,1.0,2.4,0.0,-0.25,4,91.83331837808883,Brighton (default stadium),False,0,0.0,0,0,0,2,A
1935,2019-08-24,Manchester United,Crystal Palace,Premier League,Premier League,1583.8844207239697,1499.1061368448654,5.0,6.0,0.2,1.4,1.0,0.4,1.6,1.2,0.8,1.8,5,271.155957712397,Manchester United (default stadium),False,0,0.0,0,0,1,2,A
1936,2019-08-24,Sheffield United,Leicester City,Premier League,Premier League,1509.3814732527633,1505.6284827721554,6.0,6.0,0.5,1.0,0.5,0.2,0.8,0.4,0.5,0.0,0,90.46382702133843,Sheffield United (default stadium),False,0,0.0,0,0,1,2,A
1937,2019-08-24,Watford,West Ham United,Premier League,Premier League,1458.9153857405302,1501.0602904872187,7.0,7.0,0.0,0.4,2.6,0.6,1.8,1.4,0.4,-0.2,5,29.461782304363904,Watford (default stadium),False,0,0.0,0,0,1,3,A
1938,2019-08-24,Liverpool,Arsenal,Premier League,Premier League,1687.2904059508257,1583.466055724091,7.0,7.0,1.0,3.2,0.8,0.6,1.4,1.2,0.6,2.0,5,5305.0330774456925,Liverpool (default stadium),False,0,0.0,0,0,3,1,H
1939,2019-08-25,Bournemouth,Manchester City,Premier League,Premier League,1480.1039277207253,1700.2708515033628,8.0,8.0,0.4,2.0,2.0,0.8,2.6,0.6,0.0,-2.0,5,306.55795629981236,Bournemouth (default stadium),False,0,0.0,0,0,1,3,A
1940,2019-08-25,Tottenham Hotspur,Newcastle United,Premier League,Premier League,1581.483221714212,1473.5288474341846,8.0,8.0,0.2,1.4,1.4,0.2,1.6,1.6,0.8,0.2,5,388.1243553495561,Tottenham Hotspur (default stadium),False,0,0.0,0,0,0,1,A
1941,2019-08-25,Wolverhampton Wanderers,Burnley,Premier League,Premier League,1528.832267534477,1477.8076734464653,6.0,8.0,0.4,0.8,0.8,0.2,1.0,1.6,0.5,-0.5,2,13238.018552642983,Wolverhampton Wanderers (default stadium),False,0,0.0,0,0,1,1,D
1942,2019-08-31,Southampton,Manchester United,Premier League,Premier League,1467.2066460299152,1569.7025922319929,7.0,7.0,0.2,0.8,1.8,0.2,1.4,1.2,0.0,-0.4,5,291.8406815664775,Southampton (default stadium),False,0,0.0,0,0,1,1,D
1943,2019-08-31,Chelsea,Sheffield United,Premier League,Premier League,1583.7150440892997,1497.2900127216883,7.0,7.0,0.4,1.4,1.4,0.3333333333333333,1.0,1.0,0.5,0.0,0,231.46623209780716,Chelsea (default stadium),False,0,0.0,0,0,2,2,D
1944,2019-08-31,Crystal Palace,Aston Villa,Premier League,Premier League,1513.2879653368423,1382.6857036657104,7.0,8.0,0.6,2.0,1.4,0.2,0.8,1.8,0.5,0.0,2,173.6948405935728,Crystal Palace (default stadium),False,0,0.0,0,0,1,0,H
1945,2019-08-31,Leicester City,Bournemouth,Premier League,Premier League,1517.7199433032304,1474.175636505525,7.0,6.0,0.2,0.6,0.6,0.4,1.6,2.0,0.2,0.0,5,215.0463353224413,Leicester City (default stadium),False,0,0.0,0,0,3,1,H
1946,2019-08-31,Manchester City,Brighton,Premier League,Premier League,1706.199142718563,1443.2035435864057,6.0,7.0,0.8,3.0,0.8,0.2,1.2,1.6,1.0,2.25,4,325.25795184878103,Manchester City (default stadium),False,0,0.0,0,0,4,0,H
1947,2019-08-31,Newcastle United,Watford,Premier League,Premier League,1488.245375298423,1448.115365035597,6.0,7.0,0.4,1.6,1.4,0.0,0.4,2.8,0.2,-0.8,5,378.04905633016585,Newcastle United (default stadium),False,0,0.0,0,0,1,1,D
1948,2019-08-31,West Ham United,Norwich,Premier League,Premier League,1511.8603111921518,1431.2677639869735,7.0,7.0,0.6,2.2,1.6,0.4,2.0,2.6,0.0,0.0,2,150.78179413404644,West Ham United (default stadium),False,0,0.0,0,0,2,0,H
1949,2019-08-31,Burnley,Liverpool,Premier League,Premier League,1481.156670379905,1692.6668227081943,6.0,7.0,0.2,1.2,1.6,1.0,2.8,1.0,0.0,-1.2,5,11263.441847487935,Burnley (default stadium),False,0,0.0,0,0,0,3,A
1950,2019-09-01,Everton,Wolverhampton Wanderers,Premier League,Premier League,1519.3612302153497,1525.4832706010372,9.0,7.0,0.4,1.0,0.8,0.2,0.6,0.8,0.0,-1.0,2,9274.580162181222,Everton (default stadium),False,0,0.0,0,0,3,2,H
1951,2019-09-01,Arsenal,Tottenham Hotspur,Premier League,Premier League,1578.0896389667223,1566.7666938499738,8.0,7.0,0.6,1.6,1.2,0.2,1.4,1.4,0.4,0.2,5,6.203038582804336,Arsenal (default stadium),True,0,0.0,0,0,2,2,D
1952,2019-09-14,Liverpool,Newcastle United,Premier League,Premier League,1698.8050541806422,1485.1776417277176,14.0,14.0,1.0,2.8,0.6,0.4,1.4,1.0,0.6,1.4,5,5307.58997068219,Liverpool (default stadium),False,0,0.0,0,0,3,1,H
1953,2019-09-14,Brighton,Burnley,Premier League,Premier League,1440.6393385160407,1475.0184389074573,14.0,14.0,0.2,1.0,2.2,0.2,1.2,1.8,0.0,-0.75,4,6578.701185693557,Brighton (default stadium),False,0,0.0,0,0,1,1,D
1954,2019-09-14,Manchester United,Leicester City,Premier League,Premier League,1568.7700015716334,1524.5634571051196,14.0,14.0,0.2,1.4,1.2,0.4,1.2,0.6,0.8,1.4,5,119.18446031803153,Manchester United (default stadium),False,0,0.0,0,0,1,0,H
1955,2019-09-14,Sheffield United,Southampton,Premier League,Premier League,1501.510872086552,1468.1392366902746,14.0,14.0,0.25,1.25,1.25,0.2,1.0,1.4,0.5,0.0,0,278.1138677880102,Sheffield United (default stadium),False,0,0.0,0,0,0,1,A
1956,2019-09-14,Tottenham Hotspur,Crystal Palace,Premier League,Premier League,1569.0655268445253,1518.0803818434683,13.0,14.0,0.2,1.8,1.6,0.6,1.6,1.0,1.0,1.2,5,20.57108758153193,Tottenham Hotspur (default stadium),False,0,0.0,0,0,4,0,H
1957,2019-09-14,Wolverhampton Wanderers,Chelsea,Premier League,Premier League,1517.3013862504233,1579.494184724436,13.0,14.0,0.0,0.8,1.4,0.2,1.2,1.8,0.5,0.5,2,9061.62140506431,Wolverhampton Wanderers (default stadium),False,0,0.0,0,0,2,5,A
1958,2019-09-14,Norwich,Manchester City,Premier League,Premier League,1425.349687123288,1708.763347788928,14.0,14.0,0.2,1.2,2.6,0.8,3.6,0.8,0.0,-0.5,2,253.34295700774945,Norwich (default stadium),False,0,0.0,0,0,3,2,H
1959,2019-09-15,Bournemouth,Everton,Premier League,Premier League,1467.3321227036358,1527.5431145659636,15.0,14.0,0.2,1.6,2.6,0.4,1.2,1.2,0.2,-1.0,5,11531.827627873134,Bournemouth (default stadium),False,0,0.0,0,0,3,1,H
1960,2019-09-15,Watford,Arsenal,Premier League,Premier League,1451.1830986063023,1575.7908059721708,15.0,14.0,0.0,0.6,2.4,0.6,1.8,1.4,0.4,-0.8,5,22.816875346141348,Watford (default stadium),False,0,0.0,0,0,2,2,D
1961,2019-09-16,Aston Villa,West Ham United,Premier League,Premier League,1377.8932871590844,1517.7783880558372,16.0,16.0,0.2,0.8,2.0,0.6,2.0,1.6,0.0,-1.0,2,167.45755533416937,Aston Villa (default stadium),False,0,0.0,0,0,0,0,D
1962,2019-09-20,Southampton,Bournemouth,Premier League,Premier League,1481.029719638111,1477.050446931474,6.0,5.0,0.4,1.0,1.2,0.4,1.6,1.8,0.2,0.2,5,36.717522209000165,Southampton (default stadium),False,0,0.0,0,0,1,3,A
1963,2019-09-21,Leicester City,Tottenham Hotspur,Premier League,Premier League,1517.7370945977184,1575.7175380374017,7.0,7.0,0.4,1.2,0.8,0.4,2.2,1.2,0.2,-1.8,5,134.78780460437943,Leicester City (default stadium),False,0,0.0,0,0,2,1,H
1964,2019-09-21,Burnley,Norwich,Premier League,Premier League,1476.0401135702803,1440.8208330212676,7.0,7.0,0.2,1.2,1.4,0.4,1.8,2.4,0.5,0.0,0,6615.004037815403,Burnley (default stadium),False,0,0.0,0,0,2,0,H
1965,2019-09-21,Everton,Sheffield United,Premier League,Premier League,1517.8247903381255,1488.6203891387156,6.0,7.0,0.4,1.0,1.4,0.2,1.0,1.2,0.5,0.0,0,11723.749937979286,Everton (default stadium),False,0,0.0,0,0,0,2,A
1966,2019-09-21,Manchester City,Watford,Premier League,Premier League,1693.2922018909485,1452.7420189067711,7.0,6.0,0.6,3.2,1.2,0.0,0.8,2.0,1.0,3.2,5,237.3590819226217,Manchester City (default stadium),False,0,0.0,0,0,8,0,H
1967,2019-09-21,Newcastle United,Brighton,Premier League,Premier League,1481.9083996228387,1439.6176638532177,7.0,7.0,0.2,0.8,1.6,0.2,1.0,1.6,0.0,-0.5,4,468.342499245935,Newcastle United (default stadium),False,0,0.0,0,0,0,0,D
1968,2019-09-22,Crystal Palace,Wolverhampton Wanderers,Premier League,Premier League,1511.428370650592,1507.076714741424,8.0,8.0,0.4,0.6,1.2,0.0,1.2,2.0,0.5,0.5,2,9051.721081889698,Crystal Palace (default stadium),False,0,0.0,0,0,1,1,D
1969,2019-09-22,West Ham United,Manchester United,Premier League,Premier League,1515.7936287009713,1575.5963640790346,6.0,8.0,0.4,1.2,1.4,0.4,1.6,0.8,0.2,-1.0,5,262.0495522571908,West Ham United (default stadium),False,0,0.0,0,0,2,0,H
1970,2019-09-22,Arsenal,Aston Villa,Premier League,Premier League,1574.231885671702,1379.8780465139503,7.0,6.0,0.4,1.6,1.6,0.2,0.8,1.2,1.0,3.0,2,161.3294461687896,Arsenal (default stadium),False,0,0.0,0,0,3,2,H
1971,2019-09-22,Chelsea,Liverpool,Premier League,Premier League,1589.7188562334354,1702.074296285521,8.0,8.0,0.4,2.2,2.2,1.0,3.0,0.8,0.2,-0.2,5,5312.655647759373,Chelsea (default stadium),False,0,0.0,0,0,1,2,A
1972,2019-09-28,Sheffield United,Liverpool,Premier League,Premier League,1501.4005734149578,1710.8612122938282,7.0,6.0,0.4,1.2,1.0,1.0,2.6,0.8,0.5,0.0,0,5343.9474638368165,Sheffield United (default stadium),False,0,0.0,0,0,0,1,A
1973,2019-09-28,Aston Villa,Burnley,Premier League,Premier League,1376.2939466388543,1483.1009694678767,6.0,7.0,0.2,1.0,1.2,0.2,1.0,1.4,0.5,0.0,0,6410.2146983505845,Aston Villa (default stadium),False,0,0.0,0,0,2,2,D
1974,2019-09-28,Bournemouth,West Ham United,Premier League,Premier League,1489.148134650561,1525.5002120796778,8.0,6.0,0.6,2.0,1.8,0.6,1.6,0.4,0.6,0.8,5,155.36167637292584,Bournemouth (default stadium),False,0,0.0,0,0,2,2,D
1975,2019-09-28,Chelsea,Brighton,Premier League,Premier League,1580.9319402251283,1442.741627342189,6.0,7.0,0.4,2.4,1.8,0.0,0.4,1.6,1.0,2.5,4,69.35066034154319,Chelsea (default stadium),False,0,0.0,0,0,2,0,H
1976,2019-09-28,Crystal Palace,Norwich,Premier League,Premier League,1509.3204388141794,1433.7599771236712,6.0,7.0,0.4,0.8,1.4,0.4,1.6,2.0,1.0,1.5,2,163.6465462971406,Crystal Palace (default stadium),False,0,0.0,0,0,2,0,H
1977,2019-09-28,Tottenham Hotspur,Southampton,Premier League,Premier League,1566.0633507370644,1468.932031919024,7.0,8.0,0.2,1.8,1.4,0.4,1.2,1.2,0.6,1.0,5,120.5232777621848,Tottenham Hotspur (default stadium),False,0,0.0,0,0,2,1,H
1978,2019-09-28,Wolverhampton Wanderers,Watford,Premier League,Premier League,1509.1846465778365,1449.8748477513043,6.0,7.0,0.0,1.4,2.2,0.0,0.8,3.0,0.5,-0.5,2,9084.763375498067,Wolverhampton Wanderers (default stadium),False,0,0.0,0,0,2,0,H
1979,2019-09-28,Everton,Manchester City,Premier League,Premier League,1505.0446060618833,1696.1593730464153,7.0,7.0,0.4,1.0,1.8,0.6,3.8,1.2,0.2,-0.4,5,11690.468746176242,Everton (default stadium),False,0,0.0,0,0,1,3,A
1980,2019-09-29,Leicester City,Newcastle United,Premier League,Premier League,1527.3912818980557,1478.7844361338673,8.0,8.0,0.6,1.6,1.0,0.2,0.8,1.4,0.6,0.4,5,263.6083592563879,Leicester City (default stadium),False,0,0.0,0,0,5,0,H
1981,2019-09-30,Manchester United,Arsenal,Premier League,Premier League,1565.8897807003282,1577.815985546798,8.0,8.0,0.2,0.8,1.2,0.4,2.0,2.0,0.4,-0.2,5,256.9000111017041,Manchester United (default stadium),False,0,0.0,0,0,1,1,D
1982,2019-10-05,Brighton,Tottenham Hotspur,Premier League,Premier League,1438.106569588019,1571.5925686521582,7.0,7.0,0.0,0.2,1.8,0.4,1.8,1.2,0.0,-1.0,4,82.58337268155316,Brighton (default stadium),False,0,0.0,0,0,3,0,H
1983,2019-10-05,Burnley,Everton,Premier League,Premier League,1482.0455236980933,1498.3959070869548,7.0,7.0,0.2,1.2,1.4,0.2,1.0,2.4,0.4,-1.2,5,7457.166496435577,Burnley (default stadium),False,0,0.0,0,0,1,0,H
1984,2019-10-05,Liverpool,Leicester City,Premier League,Premier League,1717.0497502313358,1534.1042117957932,7.0,6.0,1.0,2.4,0.6,0.8,2.4,0.8,0.6,0.2,5,5343.065862682322,Liverpool (default stadium),False,0,0.0,0,0,2,1,H
1985,2019-10-05,Norwich,Aston Villa,Premier League,Premier League,1427.720488450451,1377.3493924086376,7.0,7.0,0.2,1.0,2.2,0.2,1.2,1.2,0.5,0.0,2,216.25404831444274,Norwich (default stadium),False,0,0.0,0,0,1,5,A
1986,2019-10-05,Watford,Sheffield United,Premier League,Premier League,1443.4338491135964,1495.2120354774502,7.0,7.0,0.0,0.8,3.2,0.2,1.0,1.2,0.5,0.0,0,208.78465336275772,Watford (default stadium),False,0,0.0,0,0,0,0,D
1987,2019-10-05,West Ham United,Crystal Palace,Premier League,Premier League,1526.4656606337837,1515.3599274873995,7.0,7.0,0.6,1.8,0.6,0.6,1.2,1.2,0.4,0.8,5,13.663891147783643,West Ham United (default stadium),False,0,0.0,0,0,1,2,A
1988,2019-10-06,Arsenal,Bournemouth,Premier League,Premier League,1579.4720890596047,1488.182686096455,6.0,8.0,0.2,1.8,2.0,0.4,2.0,2.0,0.6,1.4,5,151.22456097479042,Arsenal (default stadium),False,0,0.0,0,0,1,0,H
1989,2019-10-06,Manchester City,Wolverhampton Wanderers,Premier League,Premier League,1702.8080720213438,1515.6256452155444,8.0,8.0,0.8,4.0,1.0,0.2,1.6,2.0,0.5,1.5,2,9321.398073694803,Manchester City (default stadium),False,0,0.0,0,0,0,2,A
1990,2019-10-06,Southampton,Chelsea,Premier League,Premier League,1463.4028140039302,1585.5669979792983,8.0,8.0,0.4,1.2,1.2,0.6,2.6,1.6,0.0,-1.4,5,105.31037742874952,Southampton (default stadium),False,0,0.0,0,0,1,4,A
1991,2019-10-06,Newcastle United,Manchester United,Premier League,Premier League,1472.0715062361298,1564.2336771875214,7.0,6.0,0.2,0.6,1.8,0.2,0.8,1.2,0.2,-1.0,5,171.2592358971847,Newcastle United (default stadium),False,0,0.0,0,0,1,0,H
1992,2019-10-19,Everton,West Ham United,Premier League,Premier League,1489.9279099781204,1514.1727499646518,14.0,14.0,0.2,1.0,2.2,0.4,1.4,0.8,0.4,0.4,5,11687.188342303432,Everton (default stadium),False,0,0.0,0,0,2,0,H
1993,2019-10-19,Aston Villa,Brighton,Premier League,Premier League,1390.681679247012,1449.9137743886429,14.0,14.0,0.2,1.8,1.4,0.2,0.8,1.4,0.5,0.0,0,221.3083143577021,Aston Villa (default stadium),False,0,0.0,0,0,2,1,H
1994,2019-10-19,Bournemouth,Norwich,Premier League,Premier League,1482.5179266001278,1414.3882016120767,13.0,14.0,0.4,1.8,1.6,0.2,0.8,2.6,0.5,0.5,2,301.8081162513072,Bournemouth (default stadium),False,0,0.0,0,0,0,0,D
1995,2019-10-19,Chelsea,Newcastle United,Premier League,Premier League,1594.0767729310778,1482.7085210449932,13.0,13.0,0.6,2.8,1.4,0.2,0.6,1.8,0.8,1.0,5,399.367741301676,Chelsea (default stadium),False,0,0.0,0,0,1,0,H
1996,2019-10-19,Leicester City,Burnley,Premier League,Premier League,1530.3228337055832,1490.5135208069278,14.0,14.0,0.6,2.2,1.0,0.4,1.2,1.2,0.4,0.0,5,6455.690567406472,Leicester City (default stadium),False,0,0.0,0,0,2,1,H
1997,2019-10-19,Tottenham Hotspur,Watford,Premier League,Premier League,1559.7853638515344,1442.909863502813,14.0,14.0,0.4,1.8,1.6,0.0,0.6,2.6,0.6,1.2,5,23.679576890869605,Tottenham Hotspur (default stadium),False,0,0.0,0,0,1,1,D
1998,2019-10-19,Wolverhampton Wanderers,Southampton,Premier League,Premier League,1531.9184894214372,1454.8930390521507,13.0,13.0,0.4,1.8,1.8,0.2,1.0,2.0,0.5,0.0,2,9040.708255581369,Wolverhampton Wanderers (default stadium),False,0,0.0,0,0,1,1,D
1999,2019-10-19,Crystal Palace,Manchester City,Premier League,Premier League,1527.6528381565315,1686.515227815451,14.0,13.0,0.6,1.2,1.2,0.6,3.4,1.2,0.2,-2.2,5,271.155957712397,Crystal Palace (default stadium),False,0,0.0,0,0,0,2,A
2000,2019-10-20,Manchester United,Liverpool,Premier League,Premier League,1553.596662378658,1720.8311283215457,14.0,15.0,0.2,0.6,1.0,1.0,2.2,0.6,0.2,-0.2,5,5387.234837982907,Manchester United (default stadium),True,0,0.0,0,0,1,1,D
2001,2019-10-21,Sheffield United,Arsenal,Premier League,Premier League,1495.7360210882334,1585.136848555932,16.0,15.0,0.2,0.8,0.8,0.4,1.8,1.4,0.5,0.0,0,226.17988118230357,Sheffield United (default stadium),False,0,0.0,0,0,1,0,H
2002,2019-10-25,Southampton,Leicester City,Premier League,Premier League,1458.8890426867158,1537.263464239952,6.0,6.0,0.2,1.0,2.0,0.6,2.0,1.0,0.4,0.0,5,191.4130852325117,Southampton (default stadium),False,0,0.0,0,0,0,9,A
2003,2019-10-26,Manchester City,Aston Villa,Premier League,Premier League,1694.0119121214784,1400.3718532252624,7.0,7.0,0.6,3.0,1.2,0.4,2.2,1.4,0.5,2.0,2,110.34451123028889,Manchester City (default stadium),False,0,0.0,0,0,3,0,H
2004,2019-10-26,Brighton,Everton,Premier League,Premier League,1440.2236004103925,1498.6185315179455,7.0,7.0,0.2,1.0,1.0,0.2,0.8,1.8,0.25,-0.75,4,11640.55138593053,Brighton (default stadium),False,0,0.0,0,0,3,2,H
2005,2019-10-26,Watford,Bournemouth,Premier League,Premier League,1447.8236099660617,1478.7392541134905,7.0,7.0,0.0,0.6,2.6,0.4,1.6,1.0,0.2,-0.4,5,142.71746668291058,Watford (default stadium),False,0,0.0,0,0,0,0,D
2006,2019-10-26,West Ham United,Sheffield United,Premier League,Premier League,1505.4821284248267,1506.2938421271137,7.0,5.0,0.2,1.0,1.2,0.4,0.6,0.4,0.5,0.0,0,230.6286601084905,West Ham United (default stadium),False,0,0.0,0,0,1,1,D
2007,2019-10-26,Burnley,Chelsea,Premier League,Premier League,1483.5728902725589,1599.2841990523045,7.0,7.0,0.4,1.4,1.0,0.8,2.6,1.0,0.2,-0.8,5,6552.140911877313,Burnley (default stadium),False,0,0.0,0,0,2,4,A
2008,2019-10-27,Newcastle United,Wolverhampton Wanderers,Premier League,Premier League,1477.5010949237665,1527.9224857868721,8.0,8.0,0.2,0.4,1.8,0.4,1.6,1.4,0.0,-0.5,2,9451.217353997563,Newcastle United (default stadium),False,0,0.0,0,0,1,1,D
2009,2019-10-27,Arsenal,Crystal Palace,Premier League,Premier League,1574.5790275170516,1520.156153850504,6.0,8.0,0.4,1.4,1.2,0.4,1.0,1.6,0.4,0.0,5,15.34028105594792,Arsenal (default stadium),False,0,0.0,0,0,2,2,D
2010,2019-10-27,Liverpool,Tottenham Hotspur,Premier League,Premier League,1718.10334284761,1554.8716173882858,7.0,8.0,0.8,1.8,0.8,0.4,1.6,1.4,0.6,0.2,5,5300.810896107908,Liverpool (default stadium),False,0,0.0,0,0,2,1,H
2011,2019-10-27,Norwich,Manchester United,Premier League,Premier League,1418.166874098714,1556.3244478525937,8.0,7.0,0.2,0.8,2.2,0.2,0.6,1.0,0.5,0.0,2,253.34295700774945,Norwich (default stadium),False,0,0.0,0,0,1,3,A
2012,2019-11-02,Bournemouth,Manchester United,Premier League,Premier League,1479.8594708895196,1564.387498821557,7.0,6.0,0.2,1.0,0.8,0.2,1.0,1.2,0.0,-1.4,5,306.55795629981236,Bournemouth (default stadium),False,0,0.0,0,0,1,0,H
2013,2019-11-02,Arsenal,Wolverhampton Wanderers,Premier League,Premier League,1571.143476710541,1528.4854077252983,6.0,6.0,0.4,1.4,1.2,0.4,1.4,0.6,0.0,-1.0,2,9066.534594608813,Arsenal (default stadium),False,0,0.0,0,0,1,1,D
2014,2019-11-02,Aston Villa,Liverpool,Premier League,Premier League,1398.1768203509935,1722.2450328489588,7.0,6.0,0.4,2.2,2.0,0.8,1.6,0.8,0.0,-3.5,2,5394.758205947946,Aston Villa (default stadium),False,0,0.0,0,0,1,2,A
2015,2019-11-02,Brighton,Norwich,Premier League,Premier League,1449.889703844187,1410.1038231297507,7.0,6.0,0.4,1.4,1.2,0.0,0.4,2.4,0.5,0.0,0,217.98059105141004,Brighton (default stadium),False,0,0.0,0,0,2,0,H
2016,2019-11-02,Manchester City,Southampton,Premier League,Premier League,1696.2069449957473,1449.1300312465805,7.0,8.0,0.8,3.2,0.6,0.0,0.8,3.8,1.0,2.4,5,291.8406815664775,Manchester City (default stadium),False,0,0.0,0,0,2,1,H
2017,2019-11-02,Sheffield United,Burnley,Premier League,Premier League,1508.2593279568314,1474.8810282113113,7.0,7.0,0.4,0.8,0.4,0.4,1.6,1.6,0.5,0.0,0,6411.238214865433,Sheffield United (default stadium),False,0,0.0,0,0,3,0,H
2018,2019-11-02,West Ham United,Newcastle United,Premier League,Premier League,1503.516642595109,1476.9381729853403,7.0,6.0,0.2,1.2,1.4,0.2,0.4,1.4,0.4,0.0,5,396.1921830254467,West Ham United (default stadium),False,0,0.0,0,0,2,3,A
2019,2019-11-02,Watford,Chelsea,Premier League,Premier League,1446.7033931900326,1607.976061113552,7.0,7.0,0.0,0.2,2.2,0.8,2.4,1.0,0.2,-0.8,5,23.690230405937225,Watford (default stadium),False,0,0.0,0,0,1,2,A
2020,2019-11-03,Crystal Palace,Leicester City,Premier League,Premier League,1523.5917046570146,1547.0224756800872,7.0,9.0,0.4,1.4,1.2,0.8,3.8,0.8,0.8,2.4,5,152.43481774000773,Crystal Palace (default stadium),False,0,0.0,0,0,0,2,A
2021,2019-11-03,Everton,Tottenham Hotspur,Premier League,Premier League,1488.952428084151,1550.729927386937,8.0,7.0,0.2,1.0,1.8,0.2,1.0,1.8,0.0,-2.4,5,11688.48360204595,Everton (default stadium),False,0,0.0,0,0,1,1,D
2022,2019-11-08,Norwich,Watford,Premier League,Premier League,1403.1625812754296,1439.2716211535517,6.0,6.0,0.0,0.4,2.4,0.0,0.4,1.0,0.5,0.0,2,159.11339443342936,Norwich (default stadium),False,0,0.0,0,0,0,2,A
2023,2019-11-09,Chelsea,Crystal Palace,Premier League,Premier League,1615.407833150033,1512.2593042281005,7.0,6.0,1.0,2.6,0.8,0.4,1.2,1.4,0.6,0.4,5,10.944971454605678,Chelsea (default stadium),False,0,0.0,0,0,2,0,H
2024,2019-11-09,Burnley,West Ham United,Premier League,Premier League,1467.771686947595,1490.8063422912269,7.0,7.0,0.2,1.2,2.2,0.0,1.2,2.0,0.4,0.4,5,6562.099962977977,Burnley (default stadium),False,0,0.0,0,0,3,0,H
2025,2019-11-09,Newcastle United,Bournemouth,Premier League,Premier League,1489.6484732892225,1490.2773776052843,7.0,7.0,0.4,1.0,1.8,0.2,0.6,0.6,0.2,-0.4,5,472.12392823775417,Newcastle United (default stadium),False,0,0.0,0,0,2,1,H
2026,2019-11-09,Southampton,Everton,Premier League,Premier League,1446.3539086494523,1488.7158096643598,7.0,6.0,0.0,0.8,3.6,0.2,1.2,1.6,0.4,0.0,5,11568.424076531252,Southampton (default stadium),False,0,0.0,0,0,1,2,A
2027,2019-11-09,Tottenham Hotspur,Sheffield United,Premier League,Premier League,1550.9665458067284,1515.3686692205476,6.0,7.0,0.2,1.0,1.6,0.4,1.0,0.4,0.5,0.0,0,222.40706229422355,Tottenham Hotspur (default stadium),False,0,0.0,0,0,1,1,D
2028,2019-11-09,Leicester City,Arsenal,Premier League,Premier League,1558.3548761090012,1568.0099754808987,6.0,7.0,0.8,3.8,0.6,0.2,1.0,1.0,0.4,0.2,5,137.93652464122155,Leicester City (default stadium),False,0,0.0,0,0,2,0,H
2029,2019-11-10,Manchester United,Brighton,Premier League,Premier League,1553.9695921057923,1456.830945698508,8.0,8.0,0.2,1.0,1.0,0.6,1.8,1.2,0.5,0.0,4,325.25795184878103,Manchester United (default stadium),False,0,0.0,0,0,3,1,H
2030,2019-11-10,Wolverhampton Wanderers,Aston Villa,Premier League,Premier League,1531.6189089549407,1394.4152197030467,8.0,8.0,0.4,1.4,0.6,0.4,2.0,1.8,0.5,0.0,0,9215.28796067954,Wolverhampton Wanderers (default stadium),False,0,0.0,0,0,2,1,H
2031,2019-11-10,Liverpool,Manchester City,Premier League,Premier League,1726.0066334969056,1698.9830675928756,8.0,8.0,0.8,1.6,0.8,0.8,2.0,0.8,0.2,-1.0,5,5387.234837982907,Liverpool (default stadium),False,0,0.0,0,0,3,1,H
2032,2019-11-23,West Ham United,Tottenham Hotspur,Premier League,Premier League,1482.14993973695,1548.0174493593768,14.0,14.0,0.0,0.8,2.2,0.0,0.8,1.6,0.4,0.0,5,8.221735834635023,West Ham United (default stadium),False,0,0.0,0,0,2,3,A
2033,2019-11-23,Arsenal,Southampton,Premier League,Premier League,1559.7295841861212,1435.5600939342005,14.0,14.0,0.2,0.8,1.2,0.0,0.8,3.6,0.6,0.8,5,114.81248103375616,Arsenal (default stadium),False,0,0.0,0,0,2,2,D
2034,2019-11-23,Bournemouth,Wolverhampton Wanderers,Premier League,Premier League,1482.24792132289,1536.2742213375059,14.0,13.0,0.2,0.4,0.6,0.4,1.4,0.8,0.0,-1.0,2,9037.88842912415,Bournemouth (default stadium),False,0,0.0,0,0,1,2,A
2035,2019-11-23,Brighton,Leicester City,Premier League,Premier League,1451.301896531336,1566.6352674037787,13.0,14.0,0.6,2.0,1.4,0.8,3.2,0.6,0.0,-1.25,4,208.7110806263465,Brighton (default stadium),False,0,0.0,0,0,0,2,A
2036,2019-11-23,Crystal Palace,Liverpool,Premier League,Premier League,1506.8675803141462,1733.2844674722257,14.0,13.0,0.2,0.8,1.8,0.8,2.0,1.0,0.2,-0.8,5,5306.285725112793,Crystal Palace (default stadium),False,0,0.0,0,0,1,2,A
2037,2019-11-23,Everton,Norwich,Premier League,Premier League,1499.5096243796115,1392.1902032088785,14.0,15.0,0.4,1.4,1.2,0.0,0.4,2.4,0.5,1.5,2,11829.611064499979,Everton (default stadium),False,0,0.0,0,0,0,2,A
2038,2019-11-23,Watford,Burnley,Premier League,Premier League,1450.2439992201028,1476.428089501872,15.0,14.0,0.2,0.8,0.6,0.4,1.4,1.8,0.4,0.2,5,6533.004942220552,Watford (default stadium),False,0,0.0,0,0,0,3,A
2039,2019-11-23,Manchester City,Chelsea,Premier League,Premier League,1691.7052336175555,1620.7995570639873,13.0,14.0,0.6,1.6,1.2,1.0,2.6,0.8,0.6,1.0,5,260.84692450845216,Manchester City (default stadium),False,0,0.0,0,0,2,1,H
2040,2019-11-24,Sheffield United,Manchester United,Premier League,Premier League,1518.3177656678993,1559.4986412729643,15.0,14.0,0.4,1.2,0.4,0.4,1.4,1.0,0.5,0.0,0,47.66972606116785,Sheffield United (default stadium),False,0,0.0,0,0,3,3,D
2041,2019-11-25,Aston Villa,Newcastle United,Premier League,Premier League,1389.7599073204815,1497.6779295716167,15.0,16.0,0.4,1.8,1.8,0.6,1.4,1.0,0.0,0.0,2,275.3185930085947,Aston Villa (default stadium),False,0,0.0,0,0,2,0,H
2042,2019-11-30,Newcastle United,Manchester City,Premier League,Premier League,1486.59087365852,1697.8582785994608,5.0,7.0,0.4,1.2,1.4,0.8,2.0,1.0,0.2,-0.6,5,171.2592358971847,Newcastle United (default stadium),False,0,0.0,0,0,2,2,D
2043,2019-11-30,Burnley,Crystal Palace,Premier League,Premier League,1487.6825692510447,1501.0882470294407,7.0,7.0,0.4,1.8,1.8,0.0,0.6,2.0,0.4,-0.4,5,6562.201316773521,Burnley (default stadium),False,0,0.0,0,0,0,2,A
2044,2019-11-30,Chelsea,West Ham United,Premier League,Premier League,1614.646512082082,1472.0310027114554,7.0,7.0,0.8,2.0,1.0,0.0,1.0,2.4,0.4,0.4,5,13.657971575674615,Chelsea (default stadium),False,0,0.0,0,0,0,1,A
2045,2019-11-30,Liverpool,Brighton,Premier League,Premier League,1739.0638007569312,1442.5993411710738,7.0,7.0,0.8,2.0,1.0,0.4,1.4,1.8,1.0,2.5,4,5323.625304961785,Liverpool (default stadium),False,0,0.0,0,0,2,1,H
2046,2019-11-30,Tottenham Hotspur,Bournemouth,Premier League,Premier League,1558.1363863848715,1471.7884849517434,7.0,7.0,0.2,1.4,1.4,0.2,0.6,0.8,0.8,2.4,5,156.84013393890496,Tottenham Hotspur (default stadium),False,0,0.0,0,0,3,2,H
2047,2019-11-30,Southampton,Watford,Premier League,Premier League,1440.6314400742688,1438.98951947093,7.0,7.0,0.0,1.0,3.2,0.2,0.8,1.2,0.2,-0.2,5,107.60666567502645,Southampton (default stadium),False,0,0.0,0,0,2,1,H
2048,2019-12-01,Norwich,Arsenal,Premier League,Premier League,1406.8925088935187,1554.658238046053,8.0,8.0,0.2,0.6,1.4,0.0,1.0,1.6,0.0,-0.5,2,153.16871679599038,Norwich (default stadium),False,0,0.0,0,0,2,2,D
2049,2019-12-01,Wolverhampton Wanderers,Sheffield United,Premier League,Premier League,1546.7336577086526,1517.4901817530179,8.0,7.0,0.4,1.4,1.0,0.4,1.8,1.0,0.5,0.0,0,9292.643824463747,Wolverhampton Wanderers (default stadium),False,0,0.0,0,0,1,1,D
2050,2019-12-01,Leicester City,Everton,Premier League,Premier League,1575.337822764041,1484.8073186949714,8.0,8.0,1.0,3.4,0.2,0.4,1.4,1.4,0.4,-0.2,5,11692.657159990456,Leicester City (default stadium),False,0,0.0,0,0,2,1,H
2051,2019-12-01,Manchester United,Aston Villa,Premier League,Premier League,1560.3262251878457,1400.8469632335782,7.0,6.0,0.4,2.0,1.4,0.4,1.2,1.6,1.0,1.0,2,110.34451123028889,Manchester United (default stadium),False,0,0.0,0,0,2,2,D
2052,2019-12-03,Crystal Palace,Bournemouth,Premier League,Premier League,1512.7029068175589,1466.0075196712853,3.0,3.0,0.2,1.0,1.6,0.2,1.0,1.4,0.4,0.6,5,145.13706164318188,Crystal Palace (default stadium),False,0,0.0,0,0,1,0,H
2053,2019-12-03,Burnley,Manchester City,Premier League,Premier League,1476.0679094629265,1694.0024565427623,3.0,3.0,0.4,1.6,1.8,0.6,2.0,1.4,0.0,-2.0,5,6363.654979892703,Burnley (default stadium),False,0,0.0,0,0,1,4,A
2054,2019-12-04,Chelsea,Aston Villa,Premier League,Premier League,1599.191482551702,1406.6338866985047,4.0,3.0,0.6,1.8,1.2,0.2,1.2,1.8,1.0,3.0,2,162.80441844458147,Chelsea (default stadium),False,0,0.0,0,0,2,1,H
2055,2019-12-04,Leicester City,Watford,Premier League,Premier League,1581.020336694538,1431.0228031441056,3.0,4.0,1.0,3.4,0.2,0.2,0.8,1.4,0.6,1.0,5,119.18970796768599,Leicester City (default stadium),False,0,0.0,0,0,2,0,H
2056,2019-12-04,Manchester United,Tottenham Hotspur,Premier League,Premier League,1554.5393017229192,1563.9173516653295,3.0,4.0,0.4,2.2,1.6,0.4,1.8,1.6,0.4,-0.8,5,253.91120185713115,Manchester United (default stadium),False,0,0.0,0,0,2,1,H
2057,2019-12-04,Southampton,Norwich,Premier League,Premier League,1448.598156401093,1409.0941422707656,4.0,3.0,0.2,1.2,3.2,0.2,1.0,1.8,0.5,1.0,2,266.3224573711899,Southampton (default stadium),False,0,0.0,0,0,2,1,H
2058,2019-12-04,Wolverhampton Wanderers,West Ham United,Premier League,Premier League,1543.9524357328644,1487.4860322418353,3.0,4.0,0.4,1.4,1.0,0.2,1.2,2.0,1.0,2.0,2,9062.016054164233,Wolverhampton Wanderers (default stadium),False,0,0.0,0,0,2,0,H
2059,2019-12-04,Liverpool,Everton,Premier League,Premier League,1741.227263392181,1479.1248047644744,4.0,3.0,1.0,2.2,1.0,0.2,1.2,1.8,0.4,0.6,5,16451.58764038487,Liverpool (default stadium),True,0,0.0,0,0,5,2,H
2060,2019-12-05,Sheffield United,Newcastle United,Premier League,Premier League,1520.271403728806,1490.4466957152185,4.0,5.0,0.2,1.8,1.2,0.4,1.6,1.6,0.5,0.0,0,174.8266025761931,Sheffield United (default stadium),False,0,0.0,0,0,0,2,A
2061,2019-12-05,Arsenal,Brighton,Premier League,Premier League,1552.456604668806,1440.435878535824,4.0,5.0,0.0,1.4,1.8,0.4,1.4,1.8,0.25,0.25,4,77.11653294203013,Arsenal (default stadium),False,0,0.0,0,0,1,2,A
2062,2019-12-07,Everton,Chelsea,Premier League,Premier League,1476.5490845339905,1602.8061017392452,3.0,3.0,0.2,1.2,2.2,0.6,1.4,1.0,0.2,-0.6,5,11673.649510171086,Everton (default stadium),False,0,0.0,0,0,3,1,H
2063,2019-12-07,Bournemouth,Liverpool,Premier League,Premier League,1459.2454295726643,1743.802983622665,4.0,3.0,0.2,1.0,1.6,1.0,2.8,1.2,0.0,-2.8,5,5445.991656818437,Bournemouth (default stadium),False,0,0.0,0,0,0,3,A
2064,2019-12-07,Tottenham Hotspur,Burnley,Premier League,Premier League,1555.6446976323814,1470.0858778041818,3.0,4.0,0.4,1.8,1.6,0.4,1.4,1.8,0.6,1.0,5,6556.63679428139,Tottenham Hotspur (default stadium),False,0,0.0,0,0,5,0,H
2065,2019-12-07,Watford,Crystal Palace,Premier League,Premier League,1426.6253465167674,1519.4649969161799,3.0,4.0,0.2,0.8,1.8,0.4,0.8,1.2,0.4,0.0,5,34.44633804123294,Watford (default stadium),False,0,0.0,0,0,0,0,D
2066,2019-12-07,Manchester City,Manchester United,Premier League,Premier League,1699.984488201507,1562.8119557558673,4.0,3.0,0.6,2.2,1.6,0.4,2.0,1.6,0.6,0.8,5,0.0,Manchester City (default stadium),True,0,0.0,0,0,1,2,A
2067,2019-12-08,Aston Villa,Leicester City,Premier League,Premier League,1403.0192675109615,1585.4177933218762,4.0,4.0,0.2,1.4,1.6,1.0,2.0,0.2,0.0,-0.5,2,51.70216611005376,Aston Villa (default stadium),False,0,0.0,0,0,1,4,A
2068,2019-12-08,Newcastle United,Southampton,Premier League,Premier League,1503.243345665128,1455.5467538204173,3.0,4.0,0.6,1.8,1.4,0.4,1.6,1.6,0.4,0.6,5,452.9404186033056,Newcastle United (default stadium),False,0,0.0,0,0,2,1,H
2069,2019-12-08,Norwich,Sheffield United,Premier League,Premier League,1402.1455448514414,1507.4747537788967,4.0,3.0,0.2,1.0,1.6,0.2,1.6,1.4,0.5,0.0,0,206.69967614410533,Norwich (default stadium),False,0,0.0,0,0,1,2,A
2070,2019-12-08,Brighton,Wolverhampton Wanderers,Premier League,Premier League,1455.2429056383967,1550.4651148559901,3.0,4.0,0.4,1.2,1.6,0.6,1.6,0.8,0.5,0.5,2,8996.140833084839,Brighton (default stadium),False,0,0.0,0,0,2,2,D
2071,2019-12-09,West Ham United,Arsenal,Premier League,Premier League,1480.9733531187096,1537.6495775662333,5.0,4.0,0.2,1.0,2.2,0.0,1.2,1.8,0.2,-1.4,5,6.7390655013334415,West Ham United (default stadium),False,0,0.0,0,0,1,3,A
2072,2019-12-14,Liverpool,Watford,Premier League,Premier League,1748.3088106431844,1427.2817791887132,7.0,7.0,1.0,3.0,1.0,0.2,0.6,1.4,0.8,2.8,5,5321.850013915433,Liverpool (default stadium),False,0,0.0,0,0,2,0,H
2073,2019-12-14,Burnley,Newcastle United,Premier League,Premier League,1464.2862257772244,1509.9796640845775,7.0,6.0,0.4,1.4,2.2,0.6,1.6,1.2,0.25,-0.5,4,6365.680353490109,Burnley (default stadium),False,0,0.0,0,0,1,0,H
2074,2019-12-14,Chelsea,Bournemouth,Premier League,Premier League,1591.2008987386303,1454.7396025521448,7.0,7.0,0.4,1.2,1.4,0.0,0.8,2.2,0.6,-0.4,5,141.82746970047285,Chelsea (default stadium),False,0,0.0,0,0,0,1,A
2075,2019-12-14,Leicester City,Norwich,Premier League,Premier League,1592.2910304299014,1393.1589109050435,6.0,6.0,1.0,2.4,0.4,0.2,1.2,1.6,1.0,1.0,2,165.48979003675552,Leicester City (default stadium),False,0,0.0,0,0,1,1,D
2076,2019-12-14,Sheffield United,Aston Villa,Premier League,Premier League,1516.4613877252946,1396.1460304029363,6.0,6.0,0.2,1.4,1.6,0.2,1.4,2.0,0.5,0.0,0,103.16089059657074,Sheffield United (default stadium),False,0,0.0,0,0,2,0,H
2077,2019-12-14,Southampton,West Ham United,Premier League,Premier League,1448.8104354009677,1470.5900519123795,6.0,5.0,0.4,1.6,1.6,0.2,0.8,2.2,0.2,-1.6,5,118.78899564721851,Southampton (default stadium),False,0,0.0,0,0,0,1,A
2078,2019-12-15,Manchester United,Everton,Premier League,Premier League,1578.156002744692,1488.1542875346054,8.0,8.0,0.6,2.4,1.6,0.4,1.6,2.2,0.6,0.6,5,11690.468746176242,Manchester United (default stadium),False,0,0.0,0,0,1,1,D
2079,2019-12-15,Wolverhampton Wanderers,Tottenham Hotspur,Premier League,Premier League,1549.7404339154607,1561.4443496593387,7.0,8.0,0.6,1.8,1.0,0.6,2.6,1.4,0.5,0.5,2,9070.237755303215,Wolverhampton Wanderers (default stadium),False,0,0.0,0,0,1,2,A
2080,2019-12-15,Arsenal,Manchester City,Premier League,Premier League,1548.0328787725634,1684.6404412126824,6.0,8.0,0.2,1.6,1.8,0.4,2.0,1.8,0.0,-1.8,5,256.9000111017041,Arsenal (default stadium),False,0,0.0,0,0,0,3,A
2081,2019-12-16,Crystal Palace,Brighton,Premier League,Premier League,1518.808564244234,1455.967586578926,9.0,8.0,0.4,0.8,0.8,0.2,1.2,2.0,0.25,-0.5,4,62.01282292846458,Crystal Palace (default stadium),False,0,0.0,0,0,1,1,D
2082,2019-12-21,Everton,Arsenal,Premier League,Premier League,1492.4593827736537,1539.9268518146241,6.0,6.0,0.2,1.4,2.2,0.2,1.6,2.0,0.2,-2.0,5,11682.978134396302,Everton (default stadium),False,0,0.0,0,0,0,0,D
2083,2019-12-21,Aston Villa,Southampton,Premier League,Premier League,1391.1345127243767,1437.4313845058532,7.0,7.0,0.2,1.2,2.0,0.4,1.4,1.4,0.0,-1.0,2,181.49627866409335,Aston Villa (default stadium),False,0,0.0,0,0,1,3,A
2084,2019-12-21,Bournemouth,Burnley,Premier League,Premier League,1470.069008806573,1473.5877658343898,7.0,7.0,0.2,0.8,1.8,0.4,1.0,2.2,0.4,-1.0,5,6464.032279474406,Bournemouth (default stadium),False,0,0.0,0,0,0,1,A
2085,2019-12-21,Brighton,Sheffield United,Premier League,Premier League,1459.6150268402746,1521.4729054038542,5.0,7.0,0.2,1.2,1.6,0.4,1.6,1.4,0.5,0.0,0,298.82970905946405,Brighton (default stadium),False,0,0.0,0,0,0,1,A
2086,2019-12-21,Newcastle United,Crystal Palace,Premier League,Premier League,1500.6781240274122,1515.1611239828856,7.0,5.0,0.4,1.2,1.2,0.4,1.0,0.6,0.4,0.2,5,408.04977898274933,Newcastle United (default stadium),False,0,0.0,0,0,1,0,H
2087,2019-12-21,Norwich,Wolverhampton Wanderers,Premier League,Premier League,1399.6550157044683,1538.0781085445267,7.0,6.0,0.2,1.4,1.4,0.4,1.6,1.2,0.5,0.0,0,9133.80839640195,Norwich (default stadium),False,0,0.0,0,0,1,2,A
2088,2019-12-21,Manchester City,Leicester City,Premier League,Premier League,1692.7464681706217,1585.7949256304767,6.0,7.0,0.6,2.4,1.2,0.8,2.2,0.6,0.8,1.4,5,119.18446031803153,Manchester City (default stadium),False,0,0.0,0,0,3,1,H
2089,2019-12-22,Watford,Manchester United,Premier League,Premier League,1425.3763980530275,1573.8509075056436,8.0,7.0,0.0,0.2,1.8,0.4,2.0,1.6,0.0,-1.4,5,237.3590819226217,Watford (default stadium),False,0,0.0,0,0,2,0,H
2090,2019-12-22,Tottenham Hotspur,Chelsea,Premier League,Premier League,1573.1066750302728,1575.871492484202,7.0,8.0,0.8,2.8,1.4,0.2,0.8,1.6,0.6,0.6,5,16.124829392275434,Tottenham Hotspur (default stadium),True,0,0.0,0,0,0,2,A
2091,2019-12-26,Tottenham Hotspur,Brighton,Premier League,Premier League,1561.1952915978213,1449.3807206389063,4.0,5.0,0.6,2.2,1.4,0.2,1.2,1.4,0.6,0.2,5,82.58337268155316,Tottenham Hotspur (default stadium),False,0,0.0,0,0,2,1,H
2092,2019-12-26,Aston Villa,Norwich,Premier League,Premier League,1380.4533383424232,1391.599319179145,5.0,5.0,0.0,1.0,2.6,0.0,1.2,1.8,0.6666666666666666,1.3333333333333333,3,216.25404831444274,Aston Villa (default stadium),False,0,0.0,0,0,1,0,H
2093,2019-12-26,Bournemouth,Arsenal,Premier League,Premier League,1458.1785413524883,1540.5744824602623,5.0,5.0,0.2,0.6,1.6,0.2,1.2,1.6,0.2,-1.6,5,151.22456097479042,Bournemouth (default stadium),False,0,0.0,0,0,1,1,D
2094,2019-12-26,Chelsea,Southampton,Premier League,Premier League,1587.7828759166534,1448.1125588878067,4.0,5.0,0.4,1.0,1.2,0.6,1.6,1.2,0.8,1.6,5,105.31037742874952,Chelsea (default stadium),False,0,0.0,0,0,0,2,A
2095,2019-12-26,Crystal Palace,West Ham United,Premier League,Premier League,1506.7455693286665,1481.969102807494,5.0,12.0,0.4,0.8,0.4,0.4,1.0,1.6,0.2,0.0,5,13.663891147783643,Crystal Palace (default stadium),False,0,0.0,0,0,2,1,H
2096,2019-12-26,Everton,Burnley,Premier League,Premier League,1491.8117521280155,1485.4782332884745,5.0,5.0,0.2,1.4,1.8,0.4,0.6,2.2,0.4,0.6,5,7457.166496435577,Everton (default stadium),False,0,0.0,0,0,1,0,H
2097,2019-12-26,Sheffield United,Watford,Premier League,Premier League,1531.7072116052225,1437.5974341827136,5.0,4.0,0.6,1.2,0.8,0.2,0.6,1.2,0.0,0.0,1,208.78465336275772,Sheffield United (default stadium),False,0,0.0,0,0,1,1,D
2098,2019-12-26,Manchester United,Newcastle United,Premier League,Premier League,1561.6298713759575,1509.0936786816312,4.0,5.0,0.4,1.4,1.4,0.6,1.4,0.8,0.6,0.8,5,171.2592358971847,Manchester United (default stadium),False,0,0.0,0,0,4,1,H
2099,2019-12-26,Leicester City,Liverpool,Premier League,Premier League,1580.4889800843673,1750.2141917788701,5.0,12.0,0.6,2.0,1.2,1.0,2.8,0.8,0.0,-0.8,5,5343.065862682322,Leicester City (default stadium),False,0,0.0,0,0,0,4,A
2100,2019-12-27,Wolverhampton Wanderers,Manchester City,Premier League,Premier League,1546.13380506985,1698.052413716731,6.0,6.0,0.4,1.6,1.2,0.6,2.6,1.2,0.3333333333333333,-0.3333333333333333,3,9321.398073694803,Wolverhampton Wanderers (default stadium),False,0,0.0,0,0,3,2,H
2101,2019-12-28,Brighton,Bournemouth,Premier League,Premier League,1444.1831839298668,1458.5351739056227,2.0,2.0,0.2,1.2,1.4,0.2,0.4,1.2,0.0,-2.0,4,124.11226270743967,Brighton (default stadium),False,0,0.0,0,0,2,0,H
2102,2019-12-28,Newcastle United,Everton,Premier League,Premier League,1502.481246792628,1499.6493783611886,2.0,2.0,0.6,1.2,1.2,0.4,1.4,1.4,0.2,-0.8,5,11820.07394279188,Newcastle United (default stadium),False,0,0.0,0,0,1,2,A
2103,2019-12-28,Southampton,Crystal Palace,Premier League,Premier League,1463.5077689235027,1514.083392137194,2.0,2.0,0.6,1.6,1.0,0.4,0.8,0.6,0.6,0.8,5,108.42688407911376,Southampton (default stadium),False,0,0.0,0,0,1,1,D
2104,2019-12-28,Watford,Aston Villa,Premier League,Premier League,1441.9983623381008,1388.7754022476454,2.0,2.0,0.2,0.6,1.0,0.2,0.8,2.2,1.0,1.0,2,139.3187961666235,Watford (default stadium),False,0,0.0,0,0,3,0,H
2105,2019-12-28,Norwich,Tottenham Hotspur,Premier League,Premier League,1383.2772552739227,1566.3928283068608,2.0,2.0,0.0,0.8,1.6,0.6,2.0,1.2,0.0,-3.0,2,147.07777918255633,Norwich (default stadium),False,0,0.0,0,0,2,2,D
2106,2019-12-28,West Ham United,Leicester City,Premier League,Premier League,1474.6312799989664,1573.2829900684965,2.0,2.0,0.4,0.8,1.4,0.4,1.6,1.8,0.2,0.2,5,142.949836877498,West Ham United (default stadium),False,0,0.0,0,0,1,2,A
2107,2019-12-28,Burnley,Manchester United,Premier League,Premier League,1477.6406070553014,1568.2423032649606,2.0,2.0,0.4,0.6,2.0,0.6,1.8,1.2,0.0,-1.0,5,6363.654979892703,Burnley (default stadium),False,0,0.0,0,0,0,2,A
2108,2019-12-29,Arsenal,Chelsea,Premier League,Premier League,1540.2178499071279,1572.3876658809575,3.0,3.0,0.2,1.0,1.4,0.4,1.0,1.4,0.2,-0.2,5,9.950774202617763,Arsenal (default stadium),False,0,0.0,0,0,1,2,A
2109,2019-12-29,Liverpool,Wolverhampton Wanderers,Premier League,Premier League,1757.420181794741,1558.4488701976989,3.0,2.0,1.0,3.2,0.6,0.6,2.0,1.4,1.0,2.0,2,8518.872327710977,Liverpool (default stadium),False,0,0.0,0,0,1,0,H
2110,2019-12-29,Manchester City,Sheffield United,Premier League,Premier League,1685.7373485888822,1527.3062834498353,2.0,3.0,0.6,2.6,1.4,0.6,1.2,0.8,0.5,0.0,0,47.66972606116785,Manchester City (default stadium),False,0,0.0,0,0,2,0,H
2111,2020-01-01,Brighton,Chelsea,Premier League,Premier League,1452.5950626974966,1583.4722234134535,4.0,3.0,0.2,1.2,1.2,0.4,1.0,1.4,0.0,-2.4,5,69.35066034154319,Brighton (default stadium),False,0,0.0,0,0,1,1,D
2112,2020-01-01,Burnley,Aston Villa,Premier League,Premier League,1468.2328775456524,1382.180457023998,4.0,4.0,0.4,0.4,1.6,0.2,0.6,2.4,0.0,0.0,1,6410.2146983505845,Burnley (default stadium),False,0,0.0,0,0,1,2,A
2113,2020-01-01,Newcastle United,Leicester City,Premier League,Premier League,1490.4151526003661,1582.4601919135525,4.0,4.0,0.4,1.0,1.6,0.4,1.6,2.0,0.4,-1.2,5,263.6083592563879,Newcastle United (default stadium),False,0,0.0,0,0,0,3,A
2114,2020-01-01,Southampton,Tottenham Hotspur,Premier League,Premier League,1462.949272192387,1563.2474569029341,4.0,4.0,0.4,1.4,1.0,0.6,2.2,1.2,0.2,-1.0,5,120.5232777621848,Southampton (default stadium),False,0,0.0,0,0,1,0,H
2115,2020-01-01,Watford,Wolverhampton Wanderers,Premier League,Premier League,1448.5933075617481,1554.9422989347033,4.0,3.0,0.4,1.2,0.6,0.4,1.6,1.6,0.3333333333333333,-0.3333333333333333,3,9084.763375498067,Watford (default stadium),False,0,0.0,0,0,2,1,H
2116,2020-01-01,Manchester City,Everton,Premier League,Premier League,1689.9705263691787,1511.7154725534506,3.0,4.0,0.6,2.2,1.2,0.6,1.4,0.6,0.8,1.6,5,11690.468746176242,Manchester City (default stadium),False,0,0.0,0,0,2,1,H
2117,2020-01-01,Norwich,Crystal Palace,Premier League,Premier League,1386.4226266778494,1514.6418888683097,4.0,4.0,0.0,1.0,1.6,0.2,0.8,0.8,0.0,-1.6666666666666667,3,163.6465462971406,Norwich (default stadium),False,0,0.0,0,0,1,1,D
2118,2020-01-01,West Ham United,Bournemouth,Premier League,Premier League,1465.4540781539104,1450.123295137993,4.0,4.0,0.2,0.8,1.8,0.2,0.4,1.4,0.0,-0.6,5,155.36167637292584,West Ham United (default stadium),False,0,0.0,0,0,4,0,H
2119,2020-01-01,Arsenal,Manchester United,Premier League,Premier League,1529.1332923746318,1577.6500327746096,3.0,4.0,0.2,1.0,1.4,0.6,1.8,1.0,0.2,-0.2,5,256.9000111017041,Arsenal (default stadium),False,0,0.0,0,0,2,0,H
2120,2020-01-02,Liverpool,Sheffield United,Premier League,Premier League,1760.9267530577365,1523.0731056695388,4.0,4.0,1.0,3.0,0.4,0.6,1.2,0.8,1.0,1.0,1,5343.9474638368165,Liverpool (default stadium),False,0,0.0,0,0,2,0,H
2121,2020-01-10,Sheffield United,West Ham United,Premier League,Premier League,1520.1675976392892,1473.046280180518,8.0,9.0,0.4,0.8,1.0,0.4,1.6,1.4,0.0,0.0,1,230.6286601084905,Sheffield United (default stadium),False,0,0.0,0,0,1,0,H
2122,2020-01-11,Crystal Palace,Arsenal,Premier League,Premier League,1512.9817135928024,1538.5157413096993,10.0,10.0,0.2,1.0,1.0,0.2,0.8,1.2,0.2,-0.6,5,15.34028105594792,Crystal Palace (default stadium),False,0,0.0,0,0,1,1,D
2123,2020-01-11,Chelsea,Burnley,Premier League,Premier League,1581.7377519696079,1454.0208361132627,10.0,10.0,0.4,1.0,1.0,0.4,0.6,1.0,0.6,1.2,5,6552.140911877313,Chelsea (default stadium),False,0,0.0,0,0,3,0,H
2124,2020-01-11,Everton,Brighton,Premier League,Premier League,1507.850602956413,1454.3295341413423,10.0,10.0,0.4,1.0,0.8,0.2,1.0,1.0,0.4,0.4,5,11640.55138593053,Everton (default stadium),False,0,0.0,0,0,1,0,H
2125,2020-01-11,Leicester City,Southampton,Premier League,Premier League,1591.8265348158163,1473.8191201746902,10.0,10.0,0.4,1.4,1.8,0.6,1.4,0.6,0.6,2.4,5,191.4130852325117,Leicester City (default stadium),False,0,0.0,0,0,1,2,A
2126,2020-01-11,Manchester United,Norwich,Premier League,Premier League,1568.267583839542,1388.0828019533567,10.0,10.0,0.4,1.4,1.2,0.0,1.0,1.4,0.6666666666666666,0.6666666666666666,3,253.34295700774945,Manchester United (default stadium),False,0,0.0,0,0,4,0,H
2127,2020-01-11,Wolverhampton Wanderers,Newcastle United,Premier League,Premier League,1543.8998913201601,1481.0488096981023,10.0,10.0,0.4,1.4,1.6,0.2,0.6,2.0,0.3333333333333333,0.3333333333333333,3,9451.217353997563,Wolverhampton Wanderers (default stadium),False,0,0.0,0,0,1,1,D
2128,2020-01-11,Tottenham Hotspur,Liverpool,Premier League,Premier League,1552.377608920631,1763.8322610879861,10.0,9.0,0.4,1.2,1.4,1.0,2.4,0.0,0.2,0.0,5,5300.810896107908,Tottenham Hotspur (default stadium),False,0,0.0,0,0,0,1,A
2129,2020-01-12,Bournemouth,Watford,Premier League,Premier League,1442.5310931113854,1459.6357151762913,11.0,11.0,0.2,0.4,1.6,0.6,1.6,0.8,0.2,0.4,5,142.71746668291058,Bournemouth (default stadium),False,0,0.0,0,0,0,3,A
2130,2020-01-12,Aston Villa,Manchester City,Premier League,Premier League,1396.3924984563878,1693.8353959662163,11.0,11.0,0.4,0.8,1.8,0.8,2.4,1.0,0.0,-2.3333333333333335,3,110.34451123028889,Aston Villa (default stadium),False,0,0.0,0,0,1,6,A
2131,2020-01-18,Watford,Tottenham Hotspur,Premier League,Premier League,1471.1465118250044,1546.2380181690921,6.0,7.0,0.8,2.2,0.4,0.2,0.8,1.4,0.2,-0.4,5,23.679576890869605,Watford (default stadium),False,0,0.0,0,0,0,0,D
2132,2020-01-18,Arsenal,Sheffield United,Premier League,Premier League,1539.788632572833,1526.9187181061036,7.0,8.0,0.2,1.0,0.8,0.4,0.6,1.0,0.0,-1.0,1,226.17988118230357,Arsenal (default stadium),False,0,0.0,0,0,1,1,D
2133,2020-01-18,Brighton,Aston Villa,Premier League,Premier League,1447.742172129762,1392.140306446284,7.0,6.0,0.2,0.8,1.0,0.4,1.0,2.6,0.0,-1.0,1,221.3083143577021,Brighton (default stadium),False,0,0.0,0,0,1,1,D
2134,2020-01-18,Manchester City,Crystal Palace,Premier League,Premier League,1698.08758797632,1511.7088223296687,6.0,7.0,0.8,3.0,1.2,0.2,1.0,1.0,0.6,1.6,5,271.155957712397,Manchester City (default stadium),False,0,0.0,0,0,2,2,D
2135,2020-01-18,Norwich,Bournemouth,Premier League,Premier League,1384.2524504906244,1431.0202964626724,7.0,6.0,0.0,0.8,2.0,0.0,0.2,2.2,0.3333333333333333,-0.3333333333333333,3,301.8081162513072,Norwich (default stadium),False,0,0.0,0,0,1,0,H
2136,2020-01-18,Southampton,Wolverhampton Wanderers,Premier League,Premier League,1488.7575399689583,1540.2521989357726,7.0,7.0,0.8,1.8,0.6,0.4,1.4,1.4,0.3333333333333333,0.0,3,9040.708255581369,Southampton (default stadium),False,0,0.0,0,0,2,3,A
2137,2020-01-18,West Ham United,Everton,Premier League,Premier League,1466.2951597137035,1514.4379649679934,8.0,7.0,0.4,1.4,1.0,0.6,1.0,0.6,0.4,-0.8,5,11687.188342303432,West Ham United (default stadium),False,0,0.0,0,0,1,1,D
2138,2020-01-18,Newcastle United,Chelsea,Premier League,Premier League,1484.6965020824898,1586.5909554599525,7.0,7.0,0.2,0.8,2.0,0.6,1.6,0.8,0.2,-0.4,5,399.367741301676,Newcastle United (default stadium),False,0,0.0,0,0,1,0,H
2139,2020-01-19,Burnley,Leicester City,Premier League,Premier League,1449.167632622918,1576.8881150215482,8.0,8.0,0.2,0.4,1.6,0.4,1.4,2.0,0.2,-0.4,5,6455.690567406472,Burnley (default stadium),False,0,0.0,0,0,2,1,H
2140,2020-01-19,Liverpool,Manchester United,Premier League,Premier League,1769.971851839525,1572.0979353022744,8.0,8.0,1.0,2.0,0.0,0.6,2.0,1.0,0.2,0.2,5,5387.234837982907,Liverpool (default stadium),True,0,0.0,0,0,2,0,H
2141,2020-01-21,Aston Villa,Watford,Premier League,Premier League,1395.6057511579354,1471.2930466680507,3.0,3.0,0.4,1.0,2.2,0.6,1.8,0.4,0.0,-1.6666666666666667,3,139.3187961666235,Aston Villa (default stadium),False,0,0.0,0,0,2,1,H
2142,2020-01-21,Bournemouth,Brighton,Premier League,Premier League,1421.6879767783691,1444.2767274181106,3.0,3.0,0.0,0.2,2.2,0.2,1.0,1.0,0.6,1.2,5,124.11226270743967,Bournemouth (default stadium),False,0,0.0,0,0,3,1,H
2143,2020-01-21,Crystal Palace,Southampton,Premier League,Premier League,1517.987674906824,1478.2254165392314,3.0,3.0,0.2,1.4,1.2,0.6,1.6,1.0,0.2,-0.4,5,108.42688407911376,Crystal Palace (default stadium),False,0,0.0,0,0,0,2,A
2144,2020-01-21,Everton,Newcastle United,Premier League,Premier League,1515.0662369891609,1495.6119282035202,3.0,3.0,0.6,1.2,0.8,0.2,0.8,2.0,0.6,0.4,5,11820.07394279188,Everton (default stadium),False,0,0.0,0,0,2,2,D
2145,2020-01-21,Sheffield United,Manchester City,Premier League,Premier League,1529.259680055871,1691.8087353991648,3.0,3.0,0.2,0.6,1.2,0.6,2.8,1.4,0.0,-2.0,1,47.66972606116785,Sheffield United (default stadium),False,0,0.0,0,0,0,1,A
2146,2020-01-21,Chelsea,Arsenal,Premier League,Premier League,1575.6755293389224,1537.4476706230655,3.0,3.0,0.4,1.2,1.0,0.2,1.2,1.0,0.4,0.0,5,9.950774202617763,Chelsea (default stadium),False,0,0.0,0,0,2,2,D
2147,2020-01-22,Leicester City,West Ham United,Premier League,Premier League,1565.2419034224192,1465.666887692536,3.0,4.0,0.4,1.4,1.8,0.2,1.4,1.2,0.2,-0.2,5,142.949836877498,Leicester City (default stadium),False,0,0.0,0,0,4,1,H
2148,2020-01-22,Tottenham Hotspur,Norwich,Premier League,Premier League,1546.0914833260458,1393.5847701749276,4.0,4.0,0.2,0.8,1.0,0.2,0.8,1.6,0.6666666666666666,2.0,3,147.07777918255633,Tottenham Hotspur (default stadium),False,0,0.0,0,0,2,1,H
2149,2020-01-22,Manchester United,Burnley,Premier League,Premier League,1568.5730589218292,1460.813844222047,3.0,3.0,0.6,2.0,1.0,0.2,0.6,1.8,0.6,1.0,5,6363.654979892703,Manchester United (default stadium),False,0,0.0,0,0,0,2,A
2150,2020-01-23,Wolverhampton Wanderers,Liverpool,Premier League,Premier League,1550.7843223654995,1773.4967282199702,5.0,4.0,0.4,1.6,1.6,1.0,2.0,0.0,0.0,-1.6666666666666667,3,8518.872327710977,Wolverhampton Wanderers (default stadium),False,0,0.0,0,0,1,2,A
2151,2020-01-29,West Ham United,Liverpool,Premier League,Premier League,1460.1937691625178,1779.3640838851036,7.0,6.0,0.2,1.4,1.6,1.0,1.6,0.2,0.0,-2.8,5,5299.298724106387,West Ham United (default stadium),False,0,0.0,0,0,0,2,A
2152,2020-02-01,Leicester City,Chelsea,Premier League,Premier League,1570.7150219524374,1572.6574746729177,10.0,11.0,0.6,2.2,1.2,0.4,1.6,1.0,0.2,0.0,5,142.36087796503557,Leicester City (default stadium),False,0,0.0,0,0,2,2,D
2153,2020-02-01,Bournemouth,Aston Villa,Premier League,Premier League,1430.331779032666,1405.7694300618948,11.0,11.0,0.2,0.6,2.2,0.4,1.2,2.4,0.6666666666666666,0.3333333333333333,3,197.28001354816703,Bournemouth (default stadium),False,0,0.0,0,0,2,1,H
2154,2020-02-01,Crystal Palace,Sheffield United,Premier League,Premier League,1504.9295330677617,1521.8621897809726,11.0,11.0,0.0,1.0,1.4,0.2,0.4,1.2,0.0,-1.0,1,241.11581385297217,Crystal Palace (default stadium),False,0,0.0,0,0,0,1,A
2155,2020-02-01,Liverpool,Southampton,Premier League,Premier League,1783.212552283164,1491.2835583782937,3.0,11.0,1.0,1.8,0.2,0.6,1.6,1.0,1.0,2.2,5,5410.461987095733,Liverpool (default stadium),False,0,0.0,0,0,4,0,H
2156,2020-02-01,Newcastle United,Norwich,Premier League,Premier League,1498.131206249877,1389.2366642359775,11.0,10.0,0.2,1.0,1.6,0.2,1.0,1.8,0.3333333333333333,0.3333333333333333,3,322.8365950330847,Newcastle United (default stadium),False,0,0.0,0,0,0,0,D
2157,2020-02-01,Watford,Everton,Premier League,Premier League,1461.1293677640913,1512.546958942804,11.0,11.0,0.6,1.8,0.6,0.4,1.4,1.2,0.4,0.0,5,11672.34169380457,Watford (default stadium),False,0,0.0,0,0,2,3,A
2158,2020-02-01,West Ham United,Brighton,Premier League,Premier League,1456.3453007644573,1435.6329251638138,3.0,11.0,0.2,1.2,1.6,0.2,1.0,1.2,0.0,-1.2,5,75.30394037947526,West Ham United (default stadium),False,0,0.0,0,0,3,3,D
2159,2020-02-01,Manchester United,Wolverhampton Wanderers,Premier League,Premier League,1553.8608997893975,1544.9169667003662,10.0,9.0,0.4,1.2,1.2,0.2,1.2,1.6,0.0,-0.3333333333333333,3,9321.398073694803,Manchester United (default stadium),False,0,0.0,0,0,0,0,D
2160,2020-02-02,Burnley,Arsenal,Premier League,Premier League,1475.5260033544787,1540.4657252890702,11.0,12.0,0.4,1.0,1.6,0.2,1.4,1.2,0.0,-2.2,5,6555.361279391892,Burnley (default stadium),False,0,0.0,0,0,0,0,D
2161,2020-02-02,Tottenham Hotspur,Manchester City,Premier League,Premier League,1550.439589264996,1699.2062256740633,11.0,12.0,0.2,0.8,1.0,0.8,2.6,0.8,0.0,-1.4,5,253.91120185713115,Tottenham Hotspur (default stadium),False,0,0.0,0,0,2,0,H
2162,2020-02-08,Everton,Crystal Palace,Premier League,Premier League,1523.0812942547157,1493.4139001944395,7.0,7.0,0.4,1.6,1.4,0.0,0.8,1.4,0.4,0.8,5,11676.66690896838,Everton (default stadium),False,0,0.0,0,0,3,1,H
2163,2020-02-08,Brighton,Watford,Premier League,Premier League,1438.1860840614074,1450.5950324521796,7.0,7.0,0.0,1.2,1.8,0.4,1.6,1.2,0.4,0.4,5,90.38973636945235,Brighton (default stadium),False,0,0.0,0,0,1,1,D
2164,2020-02-09,Sheffield United,Bournemouth,Premier League,Premier League,1533.3778226542947,1437.6753288094792,8.0,8.0,0.4,0.6,0.8,0.4,1.0,2.0,0.0,0.0,1,297.9449672096812,Sheffield United (default stadium),False,0,0.0,0,0,2,1,H
2165,2020-02-14,Wolverhampton Wanderers,Leicester City,Premier League,Premier League,1547.1508435645708,1568.780844055961,13.0,13.0,0.2,1.2,1.4,0.4,2.2,1.4,0.3333333333333333,-0.3333333333333333,3,9203.941453824911,Wolverhampton Wanderers (default stadium),False,0,0.0,0,0,0,0,D
2166,2020-02-15,Southampton,Burnley,Premier League,Premier League,1489.0692038876487,1475.3803671417263,14.0,13.0,0.6,1.4,1.6,0.4,1.0,1.2,0.0,-0.8,5,6489.228471942674,Southampton (default stadium),False,0,0.0,0,0,1,2,A
2167,2020-02-15,Norwich,Liverpool,Premier League,Premier League,1393.9742057178853,1785.4269067738092,14.0,14.0,0.2,0.6,1.4,1.0,2.2,0.2,0.0,-1.3333333333333333,3,5182.350543665449,Norwich (default stadium),False,0,0.0,0,0,0,1,A
2168,2020-02-16,Aston Villa,Tottenham Hotspur,Premier League,Premier League,1398.4258802850816,1562.6686172188522,15.0,14.0,0.4,1.4,2.2,0.4,0.8,0.6,0.0,-2.0,3,159.95911475155745,Aston Villa (default stadium),False,0,0.0,0,0,2,3,A
2169,2020-02-16,Arsenal,Newcastle United,Premier League,Premier League,1540.6113615018226,1493.3936647679693,14.0,15.0,0.2,1.2,0.8,0.2,0.8,1.2,0.8,0.8,5,392.7352980316752,Arsenal (default stadium),False,0,0.0,0,0,4,0,H
2170,2020-02-17,Chelsea,Manchester United,Premier League,Premier League,1574.591652569394,1551.627022925193,16.0,16.0,0.2,1.6,1.2,0.2,0.8,1.2,0.2,-0.8,5,260.84692450845216,Chelsea (default stadium),False,0,0.0,0,0,0,2,A
2171,2020-02-19,Manchester City,West Ham United,Premier League,Premier League,1686.977197720207,1453.7921418668636,17.0,18.0,0.6,2.2,1.2,0.0,1.0,2.2,1.0,2.8,5,262.0495522571908,Manchester City (default stadium),False,0,0.0,0,0,2,0,H
2172,2020-02-22,Chelsea,Tottenham Hotspur,Premier League,Premier League,1561.9779952680644,1570.020719096381,5.0,6.0,0.2,1.4,1.4,0.6,1.4,0.8,0.6,0.2,5,16.124829392275434,Chelsea (default stadium),True,0,0.0,0,0,2,1,H
2173,2020-02-22,Burnley,Bournemouth,Premier League,Premier League,1487.7435955556334,1432.1131455800094,7.0,13.0,0.6,1.2,1.0,0.4,1.2,1.6,0.8,1.4,5,6464.032279474406,Burnley (default stadium),False,0,0.0,0,0,3,0,H
2174,2020-02-22,Crystal Palace,Newcastle United,Premier League,Premier League,1486.206375891765,1486.6450252923103,14.0,6.0,0.0,0.8,1.8,0.2,0.8,1.4,0.2,-0.2,5,408.04977898274933,Crystal Palace (default stadium),False,0,0.0,0,0,1,0,H
2175,2020-02-22,Sheffield United,Brighton,Premier League,Premier League,1538.9400058837646,1436.5434970453955,13.0,14.0,0.6,1.0,0.6,0.0,1.2,1.8,1.0,1.0,1,298.82970905946405,Sheffield United (default stadium),False,0,0.0,0,0,1,1,D
2176,2020-02-22,Southampton,Aston Villa,Premier League,Premier League,1476.7059754737415,1391.0737784075527,7.0,6.0,0.4,1.4,2.0,0.2,1.4,2.6,0.6666666666666666,1.3333333333333333,3,181.49627866409335,Southampton (default stadium),False,0,0.0,0,0,2,0,H
2177,2020-02-22,Leicester City,Manchester City,Premier League,Premier League,1570.1641190988562,1689.9500845843452,8.0,3.0,0.2,1.6,1.4,0.6,2.2,1.0,0.2,-1.6,5,119.18446031803153,Leicester City (default stadium),False,0,0.0,0,0,0,1,A
2178,2020-02-23,Manchester United,Watford,Premier League,Premier League,1564.2406802265225,1452.2376194681915,6.0,15.0,0.4,1.2,0.8,0.2,1.4,1.2,0.8,0.6,5,237.3590819226217,Manchester United (default stadium),False,0,0.0,0,0,3,0,H
2179,2020-02-23,Wolverhampton Wanderers,Norwich,Premier League,Premier League,1545.7675685216757,1391.2577585174997,9.0,8.0,0.2,1.0,1.0,0.2,0.4,1.4,1.0,1.0,1,9133.80839640195,Wolverhampton Wanderers (default stadium),False,0,0.0,0,0,3,0,H
2180,2020-02-23,Arsenal,Everton,Premier League,Premier League,1547.3600009774816,1530.2888185573902,7.0,15.0,0.2,1.6,0.8,0.6,2.0,1.2,0.6,1.6,5,11682.978134396302,Arsenal (default stadium),False,0,0.0,0,0,3,2,H
2181,2020-02-24,Liverpool,West Ham United,Premier League,Premier League,1788.1433539741947,1450.8192550027254,9.0,5.0,1.0,2.2,0.2,0.0,1.0,2.4,0.8,2.4,5,5299.298724106387,Liverpool (default stadium),False,0,0.0,0,0,3,2,H
2182,2020-02-28,Norwich,Leicester City,Premier League,Premier League,1386.9487616054407,1561.587346352138,5.0,6.0,0.2,0.4,1.2,0.2,1.4,1.2,0.0,-0.6666666666666666,3,165.48979003675552,Norwich (default stadium),False,0,0.0,0,0,1,0,H
2183,2020-02-29,Brighton,Crystal Palace,Premier League,Premier League,1441.1347078096655,1494.2305694004217,7.0,7.0,0.0,1.4,1.8,0.2,0.8,1.6,0.4,0.4,5,62.01282292846458,Brighton (default stadium),False,0,0.0,0,0,0,1,A
2184,2020-02-29,Bournemouth,Chelsea,Premier League,Premier League,1425.579314189864,1570.2133872049521,7.0,7.0,0.4,1.2,1.6,0.2,1.2,1.6,0.6,1.0,5,141.82746970047285,Bournemouth (default stadium),False,0,0.0,0,0,2,2,D
2185,2020-02-29,Newcastle United,Burnley,Premier League,Premier League,1478.6208317836536,1494.2774269457789,7.0,7.0,0.2,0.6,1.4,0.8,1.8,0.4,0.4,0.2,5,6365.680353490109,Newcastle United (default stadium),False,0,0.0,0,0,0,0,D
2186,2020-02-29,West Ham United,Southampton,Premier League,Premier League,1449.0695690884272,1482.5038883009868,5.0,7.0,0.0,1.2,2.8,0.4,1.4,1.8,0.8,1.4,5,118.78899564721851,West Ham United (default stadium),False,0,0.0,0,0,3,1,H
2187,2020-02-29,Watford,Liverpool,Premier League,Premier League,1447.0442556010687,1789.893039888493,6.0,5.0,0.0,0.8,1.8,1.0,2.4,0.6,0.0,-3.0,5,5321.850013915433,Watford (default stadium),False,0,0.0,0,0,3,0,H
2188,2020-03-01,Everton,Manchester United,Premier League,Premier League,1522.7437478904299,1569.4340440936453,7.0,7.0,0.4,2.2,1.8,0.4,1.0,0.8,0.2,-0.6,5,11690.468746176242,Everton (default stadium),False,0,0.0,0,0,1,1,D
2189,2020-03-01,Tottenham Hotspur,Wolverhampton Wanderers,Premier League,Premier League,1561.7853271594934,1550.0765654337347,8.0,7.0,0.6,1.6,1.0,0.4,1.4,0.8,0.6666666666666666,0.0,3,9070.237755303215,Tottenham Hotspur (default stadium),False,0,0.0,0,0,2,3,A
2190,2020-03-07,Liverpool,Bournemouth,Premier League,Premier League,1773.3355323686012,1427.695012126504,7.0,7.0,0.8,2.0,1.0,0.4,1.6,1.8,1.0,3.4,5,5445.991656818437,Liverpool (default stadium),False,0,0.0,0,0,2,1,H
2191,2020-03-07,Arsenal,West Ham United,Premier League,Premier League,1554.905071644442,1458.0209928231977,13.0,7.0,0.4,2.0,1.0,0.2,1.6,2.2,0.6,1.2,5,6.7390655013334415,Arsenal (default stadium),False,0,0.0,0,0,1,0,H
2192,2020-03-07,Crystal Palace,Watford,Premier League,Premier League,1504.7167260625827,1463.6017631209604,7.0,7.0,0.4,0.6,1.2,0.2,1.4,1.8,0.2,-0.2,5,34.44633804123294,Crystal Palace (default stadium),False,0,0.0,0,0,1,0,H
2193,2020-03-07,Sheffield United,Norwich,Premier League,Premier League,1534.3487951194945,1399.8726282787204,14.0,8.0,0.4,1.0,0.8,0.2,0.4,1.2,1.0,1.0,1,206.69967614410533,Sheffield United (default stadium),False,0,0.0,0,0,1,0,H
2194,2020-03-07,Southampton,Newcastle United,Premier League,Premier League,1473.5524645662163,1477.0693347267668,7.0,7.0,0.4,1.2,1.8,0.0,0.4,1.4,0.0,-1.2,5,452.9404186033056,Southampton (default stadium),False,0,0.0,0,0,0,1,A
2195,2020-03-07,Wolverhampton Wanderers,Brighton,Premier League,Premier League,1562.385913591953,1430.6485511475046,6.0,7.0,0.4,1.4,0.8,0.0,1.2,1.8,0.0,-0.3333333333333333,3,8996.140833084839,Wolverhampton Wanderers (default stadium),False,0,0.0,0,0,0,0,D
2196,2020-03-07,Burnley,Tottenham Hotspur,Premier League,Premier League,1495.8289240026656,1549.475979001275,7.0,6.0,0.6,1.4,0.2,0.6,2.0,1.6,0.2,-1.6,5,6556.63679428139,Burnley (default stadium),False,0,0.0,0,0,1,1,D
2197,2020-03-08,Chelsea,Everton,Premier League,Premier League,1568.097689268312,1522.0738454965792,8.0,7.0,0.2,1.6,1.8,0.4,2.2,1.8,0.2,-0.4,5,11673.649510171086,Chelsea (default stadium),False,0,0.0,0,0,4,0,H
2198,2020-03-08,Manchester United,Manchester City,Premier League,Premier League,1570.103946487496,1698.5268573310634,7.0,15.0,0.4,1.2,0.6,0.6,1.2,0.8,0.4,-0.6,5,0.0,Manchester United (default stadium),True,0,0.0,0,0,2,0,H
2199,2020-03-09,Leicester City,Aston Villa,Premier League,Premier League,1548.6634796788583,1385.2758655803075,10.0,16.0,0.2,1.2,1.0,0.2,1.2,1.8,0.6666666666666666,1.3333333333333333,3,51.70216611005376,Leicester City (default stadium),False,0,0.0,0,0,4,0,H
2200,2020-06-17,Aston Villa,Sheffield United,Premier League,Premier League,1410.8528413253953,1529.2953162847516,100.0,102.0,0.2,1.0,2.4,0.6,1.0,0.6,0.0,-2.0,1,103.16089059657074,Aston Villa (default stadium),False,0,0.0,0,0,0,0,D
2201,2020-06-17,Manchester City,Arsenal,Premier League,Premier League,1640.1457370133346,1545.329988857631,101.0,102.0,0.6,0.8,0.8,0.6,2.0,0.8,1.0,2.4,5,256.9000111017041,Manchester City (default stadium),False,0,0.0,0,0,3,0,H
2202,2020-06-19,Norwich,Southampton,Premier League,Premier League,1421.3707512639096,1471.2464585585176,104.0,104.0,0.2,0.2,1.0,0.2,0.8,2.0,0.3333333333333333,-1.0,3,266.3224573711899,Norwich (default stadium),False,0,0.0,0,0,0,3,A
2203,2020-06-19,Tottenham Hotspur,Manchester United,Premier League,Premier League,1537.459730497601,1561.327365850585,104.0,103.0,0.4,1.8,1.6,0.6,1.6,0.2,0.4,0.4,5,253.91120185713115,Tottenham Hotspur (default stadium),False,0,0.0,0,0,1,1,D
2204,2020-06-20,Watford,Leicester City,Premier League,Premier League,1467.5213666873433,1539.6016676189793,105.0,103.0,0.2,1.2,1.6,0.2,1.2,0.8,0.4,-0.8,5,119.18970796768599,Watford (default stadium),False,0,0.0,0,0,1,1,D
2205,2020-06-20,Brighton,Arsenal,Premier League,Premier League,1451.9099287227768,1539.7472863139749,105.0,3.0,0.0,1.0,1.2,0.6,1.6,1.0,0.4,0.0,5,77.11653294203013,Brighton (default stadium),False,0,0.0,0,0,2,1,H
2206,2020-06-20,West Ham United,Wolverhampton Wanderers,Premier League,Premier League,1464.3645594930988,1542.8659198318164,105.0,105.0,0.2,1.6,2.0,0.4,1.2,0.4,0.0,-2.0,3,9062.016054164233,West Ham United (default stadium),False,0,0.0,0,0,0,2,A
2207,2020-06-20,Bournemouth,Crystal Palace,Premier League,Premier League,1444.5152002489797,1508.7175002003141,105.0,105.0,0.2,1.2,2.0,0.6,0.8,0.8,0.2,-0.4,5,145.13706164318188,Bournemouth (default stadium),False,0,0.0,0,0,0,2,A
2208,2020-06-21,Newcastle United,Sheffield United,Premier League,Premier League,1491.7198909112196,1527.9099952045462,106.0,4.0,0.2,0.2,1.0,0.6,1.0,0.4,1.0,2.0,1,174.8266025761931,Newcastle United (default stadium),False,0,0.0,0,0,3,0,H
2209,2020-06-21,Aston Villa,Chelsea,Premier League,Premier League,1412.2381624056006,1556.1578192500513,4.0,105.0,0.0,0.6,2.2,0.4,2.0,1.4,0.0,-2.3333333333333335,3,162.80441844458147,Aston Villa (default stadium),False,0,0.0,0,0,1,2,A
2210,2020-06-21,Everton,Liverpool,Premier League,Premier League,1511.4708318236171,1706.2577081223494,105.0,106.0,0.4,1.8,2.2,0.8,2.0,1.2,0.0,-0.8,5,16451.58764038487,Everton (default stadium),True,0,0.0,0,0,0,0,D
2211,2020-06-22,Manchester City,Burnley,Premier League,Premier League,1645.7284395569907,1496.5189467553546,5.0,107.0,0.6,1.2,0.8,0.4,1.2,0.4,0.8,2.4,5,6363.654979892703,Manchester City (default stadium),False,0,0.0,0,0,5,0,H
2212,2020-06-23,Leicester City,Brighton,Premier League,Premier League,1539.541792460583,1462.4228785453477,3.0,3.0,0.2,1.0,0.6,0.2,0.8,0.8,0.8,1.4,5,208.7110806263465,Leicester City (default stadium),False,0,0.0,0,0,0,0,D
2213,2020-06-23,Tottenham Hotspur,West Ham United,Premier League,Premier League,1536.139682873405,1454.6091994907497,4.0,3.0,0.2,1.6,1.8,0.2,1.0,1.8,0.6,0.4,5,8.221735834635023,Tottenham Hotspur (default stadium),False,0,0.0,0,0,2,0,H
2214,2020-06-24,Manchester United,Sheffield United,Premier League,Premier League,1562.647413474781,1518.8800620583322,5.0,3.0,0.6,1.8,0.4,0.4,0.8,1.0,0.0,0.0,1,47.66972606116785,Manchester United (default stadium),False,0,0.0,0,0,3,0,H
2215,2020-06-24,Newcastle United,Aston Villa,Premier League,Premier League,1500.7498240574337,1404.3342096870815,3.0,3.0,0.4,0.8,1.0,0.0,0.6,2.2,0.0,-0.6666666666666666,3,275.3185930085947,Newcastle United (default stadium),False,0,0.0,0,0,1,1,D
2216,2020-06-24,Norwich,Everton,Premier League,Premier League,1410.7921744562764,1514.9156195578084,5.0,3.0,0.2,0.2,1.6,0.2,1.2,1.8,0.3333333333333333,-0.3333333333333333,3,11829.611064499979,Norwich (default stadium),False,0,0.0,0,0,0,1,A
2217,2020-06-24,Wolverhampton Wanderers,Bournemouth,Premier League,Premier League,1552.6212798341655,1434.3483445149225,4.0,4.0,0.6,1.6,0.4,0.0,0.8,2.2,0.6666666666666666,1.0,3,9037.88842912415,Wolverhampton Wanderers (default stadium),False,0,0.0,0,0,1,0,H
2218,2020-06-24,Liverpool,Crystal Palace,Premier League,Premier League,1702.812920388158,1518.8843559343713,3.0,4.0,0.6,1.2,1.2,0.8,1.2,0.6,1.0,1.2,5,5306.285725112793,Liverpool (default stadium),False,0,0.0,0,0,4,0,H
2219,2020-06-25,Burnley,Watford,Premier League,Premier League,1492.1059081415003,1467.5812418457394,3.0,5.0,0.4,1.2,1.4,0.2,1.0,1.2,0.6,0.6,5,6533.004942220552,Burnley (default stadium),False,0,0.0,0,0,1,0,H
2220,2020-06-25,Southampton,Arsenal,Premier League,Premier League,1481.8250353661508,1529.234336491404,6.0,5.0,0.4,1.4,1.2,0.6,1.8,1.4,0.2,-0.4,5,114.81248103375616,Southampton (default stadium),False,0,0.0,0,0,0,2,A
2221,2020-06-25,Chelsea,Manchester City,Premier League,Premier League,1564.0617719685704,1650.141478170845,4.0,3.0,0.6,2.0,1.2,0.8,2.2,0.4,0.2,-1.4,5,260.84692450845216,Chelsea (default stadium),False,0,0.0,0,0,2,1,H
2222,2020-06-27,Aston Villa,Wolverhampton Wanderers,Premier League,Premier League,1408.7884944037987,1557.6770837248414,3.0,3.0,0.0,0.4,1.8,0.8,1.8,0.4,0.0,-1.0,1,9215.28796067954,Aston Villa (default stadium),False,0,0.0,0,0,0,1,A
2223,2020-06-28,Watford,Southampton,Premier League,Premier League,1460.2366839822,1471.1757375534605,3.0,3.0,0.2,0.8,1.2,0.4,1.2,1.2,0.2,0.2,5,107.60666567502645,Watford (default stadium),False,0,0.0,0,0,1,3,A
2224,2020-06-29,Crystal Palace,Burnley,Premier League,Premier League,1515.1202995296455,1499.4504660050397,5.0,4.0,0.8,1.0,0.8,0.4,1.0,1.2,0.8,1.2,5,6562.201316773521,Crystal Palace (default stadium),False,0,0.0,0,0,0,1,A
2225,2020-06-30,Brighton,Manchester United,Premier League,Premier League,1466.4211424780638,1569.4851483330428,7.0,6.0,0.2,0.6,0.6,0.6,2.0,0.4,0.4,-0.4,5,325.25795184878103,Brighton (default stadium),False,0,0.0,0,0,0,3,A
2226,2020-07-01,Arsenal,Norwich,Premier League,Premier League,1539.8836343040944,1401.7711802772103,6.0,7.0,0.6,1.4,1.4,0.2,0.2,1.6,0.3333333333333333,0.3333333333333333,3,153.16871679599038,Arsenal (default stadium),False,0,0.0,0,0,4,0,H
2227,2020-07-01,Bournemouth,Newcastle United,Premier League,Premier League,1429.2925406242466,1496.2955393407165,7.0,7.0,0.0,0.6,2.0,0.4,1.0,0.4,0.2,-0.2,5,472.12392823775417,Bournemouth (default stadium),False,0,0.0,0,0,1,4,A
2228,2020-07-01,Everton,Leicester City,Premier League,Premier League,1523.9366137368745,1535.543528527867,7.0,8.0,0.2,0.8,1.6,0.2,1.0,0.6,0.4,-0.4,5,11692.657159990456,Everton (default stadium),False,0,0.0,0,0,2,1,H
2229,2020-07-01,West Ham United,Chelsea,Premier League,Premier League,1448.713595686317,1574.524252960803,8.0,6.0,0.2,1.0,1.8,0.8,2.4,1.0,0.4,0.0,5,13.657971575674615,West Ham United (default stadium),False,0,0.0,0,0,3,2,H
2230,2020-07-02,Sheffield United,Tottenham Hotspur,Premier League,Premier League,1512.0423272000703,1542.0352866778378,8.0,9.0,0.2,0.4,1.4,0.2,1.4,1.4,0.0,0.0,1,222.40706229422355,Sheffield United (default stadium),False,0,0.0,0,0,3,1,H
2231,2020-07-02,Manchester City,Liverpool,Premier League,Premier League,1639.6789971786122,1706.576976792884,7.0,8.0,0.6,2.0,0.8,0.6,1.8,1.2,0.4,0.6,5,5387.234837982907,Manchester City (default stadium),False,0,0.0,0,0,4,0,H
2232,2020-07-04,Norwich,Brighton,Premier League,Premier League,1397.1345263792532,1457.3699385233954,3.0,4.0,0.2,0.2,1.8,0.2,0.4,1.0,0.0,-2.0,1,217.98059105141004,Norwich (default stadium),False,0,0.0,0,0,0,1,A
2233,2020-07-04,Leicester City,Crystal Palace,Premier League,Premier League,1527.2085685349778,1502.7033108179508,3.0,5.0,0.2,1.2,0.8,0.6,0.8,1.0,0.2,-2.0,5,152.43481774000773,Leicester City (default stadium),False,0,0.0,0,0,3,0,H
2234,2020-07-04,Manchester United,Bournemouth,Premier League,Premier League,1578.5363522877112,1419.2062821327152,4.0,3.0,0.6,2.0,0.4,0.0,0.8,2.2,0.8,1.2,5,306.55795629981236,Manchester United (default stadium),False,0,0.0,0,0,5,2,H
2235,2020-07-04,Wolverhampton Wanderers,Arsenal,Premier League,Premier League,1565.4447203460982,1544.5202882020515,7.0,3.0,0.8,1.4,0.4,0.6,1.6,1.0,0.3333333333333333,0.6666666666666666,3,9066.534594608813,Wolverhampton Wanderers (default stadium),False,0,0.0,0,0,0,2,A
2236,2020-07-04,Chelsea,Watford,Premier League,Premier League,1562.9315687738751,1448.552960306045,3.0,6.0,0.6,2.4,1.4,0.2,1.0,1.2,0.8,0.8,5,23.690230405937225,Chelsea (default stadium),False,0,0.0,0,0,3,0,H
2237,2020-07-05,Burnley,Sheffield United,Premier League,Premier League,1511.8674547167345,1520.895894545187,6.0,3.0,0.4,0.6,1.2,0.4,0.8,1.4,0.0,-3.0,1,6411.238214865433,Burnley (default stadium),False,0,0.0,0,0,1,1,D
2238,2020-07-05,Newcastle United,West Ham United,Premier League,Premier League,1506.381797832248,1460.3062798732449,4.0,4.0,0.6,1.8,0.4,0.4,1.2,1.6,0.6,0.0,5,396.1921830254467,Newcastle United (default stadium),False,0,0.0,0,0,2,2,D
2239,2020-07-05,Liverpool,Aston Villa,Premier League,Premier League,1696.6662577442785,1401.020857782542,3.0,8.0,0.4,1.2,1.6,0.0,0.4,1.6,1.0,2.6666666666666665,3,5394.758205947946,Liverpool (default stadium),False,0,0.0,0,0,2,0,H
2240,2020-07-05,Southampton,Manchester City,Premier League,Premier League,1482.8594612296156,1649.5897162272177,7.0,3.0,0.4,1.4,1.4,0.6,2.6,0.8,0.0,-2.0,5,291.8406815664775,Southampton (default stadium),False,0,0.0,0,0,1,0,H
2241,2020-07-06,Tottenham Hotspur,Everton,Premier League,Premier League,1533.181719332721,1532.2715737297638,4.0,5.0,0.2,1.4,1.6,0.4,0.8,1.2,0.6,2.2,5,11688.48360204595,Tottenham Hotspur (default stadium),False,0,0.0,0,0,1,0,H
2242,2020-07-07,Crystal Palace,Chelsea,Premier League,Premier League,1495.3582337135563,1568.0725288253373,3.0,3.0,0.4,0.6,1.6,0.8,2.6,1.0,0.2,-1.0,5,10.944971454605678,Crystal Palace (default stadium),False,0,0.0,0,0,2,3,A
2243,2020-07-07,Watford,Norwich,Premier League,Premier League,1443.4120002545828,1386.853552923024,3.0,3.0,0.0,0.4,1.8,0.0,0.0,2.0,0.6666666666666666,0.6666666666666666,3,159.11339443342936,Watford (default stadium),False,0,0.0,0,0,2,1,H
2244,2020-07-07,Arsenal,Leicester City,Premier League,Premier League,1557.0791518253516,1534.5536456393722,3.0,3.0,0.6,1.8,1.0,0.4,1.8,0.6,0.4,-0.8,5,137.93652464122155,Arsenal (default stadium),False,0,0.0,0,0,1,1,D
2245,2020-07-08,Manchester City,Newcastle United,Premier League,Premier League,1636.875368583532,1503.1598679252013,3.0,3.0,0.6,2.6,0.6,0.6,2.2,0.8,0.6,0.6,5,171.2592358971847,Manchester City (default stadium),False,0,0.0,0,0,5,0,H
2246,2020-07-08,Sheffield United,Wolverhampton Wanderers,Premier League,Premier League,1522.633001160489,1552.885856722798,3.0,4.0,0.2,0.8,1.6,0.6,0.8,0.4,0.0,0.0,1,9292.643824463747,Sheffield United (default stadium),False,0,0.0,0,0,1,0,H
2247,2020-07-08,West Ham United,Burnley,Premier League,Premier League,1463.5282097802915,1510.1303481014327,3.0,3.0,0.2,1.0,1.8,0.4,0.8,1.4,0.2,-1.2,5,6562.099962977977,West Ham United (default stadium),False,0,0.0,0,0,0,1,A
2248,2020-07-08,Brighton,Liverpool,Premier League,Premier League,1467.6509119796247,1698.8388342620517,4.0,3.0,0.4,0.6,0.8,0.6,1.6,1.0,0.0,-2.2,5,5323.625304961785,Brighton (default stadium),False,0,0.0,0,0,1,3,A
2249,2020-07-09,Bournemouth,Tottenham Hotspur,Premier League,Premier League,1414.990348826748,1541.168635696513,5.0,3.0,0.0,0.8,2.8,0.4,1.2,1.0,0.2,-1.8,5,156.84013393890496,Bournemouth (default stadium),False,0,0.0,0,0,0,0,D
2250,2020-07-09,Everton,Southampton,Premier League,Premier League,1524.2846573659717,1495.5738088733012,3.0,4.0,0.4,0.6,1.2,0.6,1.4,0.8,0.4,-0.4,5,11568.424076531252,Everton (default stadium),False,0,0.0,0,0,1,1,D
2251,2020-07-09,Aston Villa,Manchester United,Premier League,Premier League,1398.8482812647687,1582.7522855936784,4.0,5.0,0.0,0.4,1.2,0.8,2.8,0.6,0.0,-0.6666666666666666,3,110.34451123028889,Aston Villa (default stadium),False,0,0.0,0,0,0,3,A
2252,2020-07-11,Norwich,West Ham United,Premier League,Premier League,1380.3432006353523,1452.8557814286332,4.0,3.0,0.0,0.2,2.2,0.2,1.0,1.8,0.0,-0.6666666666666666,3,150.78179413404644,Norwich (default stadium),False,0,0.0,0,0,0,4,A
2253,2020-07-11,Watford,Newcastle United,Premier League,Premier League,1449.9223525422544,1498.4324523402668,4.0,3.0,0.2,0.8,1.8,0.4,2.0,1.8,0.4,0.6,5,378.04905633016585,Watford (default stadium),False,0,0.0,0,0,2,1,H
2254,2020-07-11,Liverpool,Burnley,Premier League,Premier League,1704.5059659540946,1520.802776453091,3.0,3.0,0.6,1.8,1.0,0.6,0.8,1.2,0.8,1.6,5,11263.441847487935,Liverpool (default stadium),False,0,0.0,0,0,1,1,D
2255,2020-07-11,Sheffield United,Chelsea,Premier League,Premier League,1531.4939512323579,1577.9944067213962,3.0,4.0,0.4,1.0,1.6,0.8,2.4,1.4,0.0,0.0,1,231.46623209780716,Sheffield United (default stadium),False,0,0.0,0,0,3,0,H
2256,2020-07-11,Brighton,Manchester City,Premier League,Premier League,1461.9837802875818,1641.6027841684665,3.0,3.0,0.4,0.8,1.4,0.6,3.0,0.6,0.0,-2.6,5,325.25795184878103,Brighton (default stadium),False,0,0.0,0,0,0,5,A
2257,2020-07-12,Wolverhampton Wanderers,Everton,Premier League,Premier League,1544.024906650929,1521.517585838215,4.0,3.0,0.6,0.8,0.6,0.4,0.8,0.6,0.3333333333333333,0.3333333333333333,3,9274.580162181222,Wolverhampton Wanderers (default stadium),False,0,0.0,0,0,3,0,H
2258,2020-07-12,Aston Villa,Crystal Palace,Premier League,Premier League,1392.014085837502,1485.4363558174973,3.0,5.0,0.0,0.4,1.8,0.2,0.8,2.2,0.3333333333333333,-0.3333333333333333,3,173.6948405935728,Aston Villa (default stadium),False,0,0.0,0,0,2,0,H
2259,2020-07-12,Tottenham Hotspur,Arsenal,Premier League,Premier League,1539.565640428821,1554.4772740029007,3.0,5.0,0.4,1.0,0.8,0.6,2.0,0.6,0.2,-0.6,5,6.203038582804336,Tottenham Hotspur (default stadium),True,0,0.0,0,0,2,1,H
2260,2020-07-12,Bournemouth,Leicester City,Premier League,Premier League,1416.59334409444,1537.1555234618231,3.0,5.0,0.0,0.6,2.4,0.2,1.2,0.8,0.2,-0.4,5,215.0463353224413,Bournemouth (default stadium),False,0,0.0,0,0,4,1,H
2261,2020-07-13,Manchester United,Southampton,Premier League,Premier League,1589.586481020945,1498.340880401058,4.0,4.0,0.8,3.0,0.6,0.6,1.6,0.8,0.4,0.4,5,291.8406815664775,Manchester United (default stadium),False,0,0.0,0,0,2,2,D
2262,2020-07-14,Chelsea,Norwich,Premier League,Premier League,1568.6697484495896,1370.4155172631608,3.0,3.0,0.6,2.0,1.8,0.0,0.2,2.4,1.0,1.0,3,163.10075119791753,Chelsea (default stadium),False,0,0.0,0,0,1,0,H
2263,2020-07-15,Burnley,Wolverhampton Wanderers,Premier League,Premier League,1527.034754158405,1551.4235168181153,4.0,3.0,0.6,1.0,0.4,0.6,1.0,0.6,0.3333333333333333,0.3333333333333333,3,13238.018552642983,Burnley (default stadium),False,0,0.0,0,0,1,1,D
2264,2020-07-15,Manchester City,Bournemouth,Premier League,Premier League,1648.5483803853106,1428.0384530465062,4.0,3.0,0.6,3.0,0.6,0.2,1.4,2.2,1.0,2.0,5,306.55795629981236,Manchester City (default stadium),False,0,0.0,0,0,2,1,H
2265,2020-07-15,Newcastle United,Tottenham Hotspur,Premier League,Premier League,1489.0501938079449,1547.9932247776787,4.0,3.0,0.2,1.6,2.2,0.6,1.2,0.8,0.2,-0.8,5,388.1243553495561,Newcastle United (default stadium),False,0,0.0,0,0,1,3,A
2266,2020-07-15,Arsenal,Liverpool,Premier League,Premier League,1546.049689654043,1698.2739882487806,3.0,4.0,0.6,2.0,0.6,0.6,2.0,1.2,0.0,-2.0,5,5305.0330774456925,Arsenal (default stadium),False,0,0.0,0,0,2,1,H
2267,2020-07-16,Everton,Aston Villa,Premier League,Premier League,1514.1189756710287,1402.6872135366878,4.0,4.0,0.4,0.8,1.2,0.2,0.6,1.4,0.6666666666666666,1.3333333333333333,3,11644.551802132402,Everton (default stadium),False,0,0.0,0,0,1,1,D
2268,2020-07-16,Leicester City,Sheffield United,Premier League,Premier League,1525.710414509757,1540.8186095041644,4.0,5.0,0.2,1.2,1.4,0.6,1.6,1.0,1.0,1.0,1,90.46382702133843,Leicester City (default stadium),False,0,0.0,0,0,2,0,H
2269,2020-07-16,Crystal Palace,Manchester United,Premier League,Premier League,1474.7632281183116,1585.2522643599784,4.0,3.0,0.0,0.4,2.6,0.8,3.2,0.8,0.2,-1.2,5,271.155957712397,Crystal Palace (default stadium),False,0,0.0,0,0,0,2,A
2270,2020-07-16,Southampton,Brighton,Premier League,Premier League,1502.6750970620246,1455.0381840707378,3.0,5.0,0.4,1.4,1.2,0.2,0.4,2.2,0.4,0.6,5,91.83331837808883,Southampton (default stadium),False,0,0.0,0,0,1,1,D
2271,2020-07-17,West Ham United,Watford,Premier League,Premier League,1462.7834648008247,1459.3046110745763,6.0,6.0,0.4,1.8,1.4,0.4,1.0,1.8,0.6,0.6,5,29.461782304363904,West Ham United (default stadium),False,0,0.0,0,0,3,1,H
2272,2020-07-18,Norwich,Burnley,Premier League,Premier League,1366.8969932184161,1525.729447325607,4.0,3.0,0.0,0.2,2.4,0.4,1.0,0.6,0.0,-2.0,1,6615.004037815403,Norwich (default stadium),False,0,0.0,0,0,0,2,A
2273,2020-07-19,Bournemouth,Southampton,Premier League,Premier League,1424.8761231253495,1499.4129503006282,4.0,3.0,0.2,1.6,2.4,0.4,1.6,1.0,0.2,0.2,5,36.717522209000165,Bournemouth (default stadium),False,0,0.0,0,0,0,2,A
2274,2020-07-19,Tottenham Hotspur,Leicester City,Premier League,Premier League,1558.3113625324343,1534.1435169603753,4.0,3.0,0.6,1.4,1.0,0.4,1.6,1.4,0.6,0.6,5,134.78780460437943,Tottenham Hotspur (default stadium),False,0,0.0,0,0,3,0,H
2275,2020-07-20,Brighton,Newcastle United,Premier League,Premier League,1458.3003308321343,1478.7320560531894,4.0,5.0,0.2,0.6,2.4,0.2,1.6,2.6,0.4,0.4,5,468.342499245935,Brighton (default stadium),False,0,0.0,0,0,0,0,D
2276,2020-07-20,Sheffield United,Everton,Premier League,Premier League,1532.385507053546,1509.3249938062897,4.0,4.0,0.6,1.6,0.8,0.2,0.8,1.4,1.0,2.0,1,11723.749937979286,Sheffield United (default stadium),False,0,0.0,0,0,0,1,A
2277,2020-07-20,Wolverhampton Wanderers,Crystal Palace,Premier League,Premier League,1552.7288236509132,1465.9233492060357,5.0,4.0,0.4,1.0,0.8,0.0,0.4,2.2,0.3333333333333333,-0.3333333333333333,3,9051.721081889698,Wolverhampton Wanderers (default stadium),False,0,0.0,0,0,2,0,H
2278,2020-07-21,Watford,Manchester City,Premier League,Premier League,1451.388525209475,1651.7107103064673,4.0,6.0,0.4,1.2,2.2,0.8,3.2,0.4,0.0,-3.8,5,237.3590819226217,Watford (default stadium),False,0,0.0,0,0,0,4,A
2279,2020-07-21,Aston Villa,Arsenal,Premier League,Premier League,1407.4811954014267,1558.373079991931,5.0,6.0,0.2,0.6,1.4,0.6,2.0,0.8,0.0,-2.3333333333333335,3,161.3294461687896,Aston Villa (default stadium),False,0,0.0,0,0,1,0,H
2280,2020-07-22,Manchester United,West Ham United,Premier League,Premier League,1594.0921432722544,1470.6995506659262,6.0,5.0,0.8,3.0,0.8,0.6,2.4,1.2,0.4,0.2,5,262.0495522571908,Manchester United (default stadium),False,0,0.0,0,0,1,1,D
2281,2020-07-22,Liverpool,Chelsea,Premier League,Premier League,1685.9505979108926,1572.1882724943343,7.0,8.0,0.4,1.4,1.6,0.6,1.8,1.6,0.4,0.4,5,5312.655647759373,Liverpool (default stadium),False,0,0.0,0,0,5,3,H
2282,2020-07-26,Arsenal,Watford,Premier League,Premier League,1546.0860016030372,1444.972948089771,5.0,5.0,0.4,1.2,1.0,0.4,1.0,2.4,0.6,1.0,5,22.816875346141348,Arsenal (default stadium),False,0,0.0,0,0,3,2,H
2283,2020-07-26,Burnley,Brighton,Premier League,Premier League,1533.2269392696523,1456.8832428523788,8.0,6.0,0.4,1.2,0.6,0.2,0.6,1.8,0.4,0.6,5,6578.701185693557,Burnley (default stadium),False,0,0.0,0,0,1,2,A
2284,2020-07-26,Chelsea,Wolverhampton Wanderers,Premier League,Premier League,1567.0337507180238,1558.4989692348322,4.0,6.0,0.6,2.0,2.0,0.4,1.2,0.8,0.3333333333333333,0.6666666666666666,3,9061.62140506431,Chelsea (default stadium),False,0,0.0,0,0,2,0,H
2285,2020-07-26,Crystal Palace,Tottenham Hotspur,Premier League,Premier League,1460.1532036221167,1565.6654689377744,6.0,7.0,0.0,0.4,2.4,0.8,1.8,0.4,0.0,-1.8,5,20.57108758153193,Crystal Palace (default stadium),False,0,0.0,0,0,1,1,D
2286,2020-07-26,Everton,Bournemouth,Premier League,Premier League,1521.9412221497437,1415.0066960867903,6.0,7.0,0.2,0.6,1.2,0.2,1.4,2.0,0.4,0.0,5,11531.827627873134,Everton (default stadium),False,0,0.0,0,0,1,3,A
2287,2020-07-26,Leicester City,Manchester United,Premier League,Premier League,1526.7894105550351,1589.037425970645,7.0,4.0,0.4,1.4,1.6,0.6,2.6,1.0,0.0,-1.0,5,119.18446031803153,Leicester City (default stadium),False,0,0.0,0,0,0,2,A
2288,2020-07-26,Manchester City,Norwich,Premier League,Premier League,1658.126287426171,1359.3995012743708,5.0,8.0,0.8,3.2,0.4,0.0,0.2,2.0,0.3333333333333333,0.0,3,253.34295700774945,Manchester City (default stadium),False,0,0.0,0,0,5,0,H
2289,2020-07-26,Newcastle United,Liverpool,Premier League,Premier League,1480.1491440329448,1691.1051196872031,6.0,4.0,0.0,0.8,2.4,0.6,2.4,1.4,0.0,-1.8,5,5307.58997068219,Newcastle United (default stadium),False,0,0.0,0,0,1,3,A
2290,2020-07-26,Southampton,Sheffield United,Premier League,Premier League,1509.2823773391874,1519.769278710092,7.0,6.0,0.4,1.4,0.8,0.4,1.0,0.8,1.0,1.0,1,278.1138677880102,Southampton (default stadium),False,0,0.0,0,0,3,1,H
2291,2020-07-26,West Ham United,Aston Villa,Premier League,Premier League,1475.7542679675355,1419.7682737903206,4.0,5.0,0.4,2.0,1.0,0.4,0.8,1.2,0.3333333333333333,0.6666666666666666,3,167.45755533416937,West Ham United (default stadium),False,0,0.0,0,0,1,1,D
1532,2020-09-12,Fulham,Arsenal,Premier League,Premier League,1424.0112447394322,1551.523994215464,489.0,48.0,0.6,0.8,1.0,0.4,1.4,1.4,0.0,-3.5,2,9.859134784019956,Fulham (default stadium),False,0,0.0,0,0,0,3,A
1533,2020-09-12,Crystal Palace,Southampton,Premier League,Premier League,1461.1717840774775,1517.5860113906947,48.0,48.0,0.0,0.6,2.0,0.4,1.8,1.0,0.2,-0.6,5,108.42688407911376,Crystal Palace (default stadium),False,0,0.0,0,0,1,0,H
1534,2020-09-12,Liverpool,Leeds,Premier League,Premier League,1697.256931262975,1500.0,48.0,,0.6,2.6,1.6,0.5,0.0,0.0,0.5,0.0,0,5338.9965121563355,Liverpool (default stadium),False,0,0.0,0,0,4,3,H
1535,2020-09-12,West Ham United,Newcastle United,Premier League,Premier League,1472.2790986407863,1473.997332457173,48.0,48.0,0.4,1.8,0.8,0.0,0.6,2.6,0.4,0.6,5,396.1921830254467,West Ham United (default stadium),False,0,0.0,0,0,0,2,A
1536,2020-09-13,West Bromwich Albion,Leicester City,Premier League,Premier League,1441.9359891736954,1516.5663275208058,854.0,49.0,0.6,1.0,0.8,0.2,0.8,2.0,0.2,-0.6,5,55.00254871843119,West Bromwich Albion (default stadium),False,0,0.0,0,0,0,3,A
1537,2020-09-13,Tottenham Hotspur,Everton,Premier League,Premier League,1564.6468884824137,1507.2475495607832,49.0,49.0,0.6,1.8,0.6,0.2,0.8,1.6,0.6,1.8,5,11688.48360204595,Tottenham Hotspur (default stadium),False,0,0.0,0,0,0,1,A
1538,2020-09-14,Brighton,Chelsea,Premier League,Premier League,1470.862744435173,1574.8110654595612,50.0,50.0,0.2,0.8,2.0,0.6,1.8,2.0,0.0,-2.0,5,69.35066034154319,Brighton (default stadium),False,0,0.0,0,0,1,3,A
1539,2020-09-14,Sheffield United,Wolverhampton Wanderers,Premier League,Premier League,1511.4656446585848,1550.7216544932949,50.0,50.0,0.4,1.0,1.2,0.4,1.2,0.8,0.5,0.5,2,9292.643824463747,Sheffield United (default stadium),False,0,0.0,0,0,0,2,A
1540,2020-09-19,Everton,West Bromwich Albion,Premier League,Premier League,1520.7584347693082,1432.0692531346162,6.0,6.0,0.4,0.8,1.4,0.4,0.8,1.4,0.4,0.6,5,11644.311554609854,Everton (default stadium),False,0,0.0,0,0,5,2,H
1541,2020-09-19,Leeds,Fulham,Premier League,Premier League,1496.4647990421327,1415.6516387650888,7.0,7.0,0.0,3.0,4.0,0.4,0.4,1.6,0.5,0.0,0,271.67267991373313,Leeds (default stadium),False,0,0.0,0,0,4,3,H
1542,2020-09-19,Manchester United,Crystal Palace,Premier League,Premier League,1599.2605090048744,1470.780953285566,55.0,7.0,0.6,2.0,0.6,0.2,0.4,1.4,0.6,0.8,5,271.155957712397,Manchester United (default stadium),False,0,0.0,0,0,1,3,A
1543,2020-09-19,Arsenal,West Ham United,Premier League,Premier League,1559.8836001898073,1460.3387094113982,7.0,7.0,0.6,1.8,1.2,0.4,1.8,1.0,0.8,1.4,5,6.7390655013334415,Arsenal (default stadium),False,0,0.0,0,0,2,1,H
1544,2020-09-20,Southampton,Tottenham Hotspur,Premier League,Premier League,1507.976842182606,1551.1360032738887,8.0,7.0,0.4,1.6,1.0,0.6,1.8,0.8,0.4,-0.2,5,120.5232777621848,Southampton (default stadium),False,0,0.0,0,0,2,5,A
1545,2020-09-20,Newcastle United,Brighton,Premier League,Premier League,1485.937721686561,1461.8367578446175,8.0,6.0,0.2,1.0,1.6,0.2,0.8,2.0,0.0,-0.2,5,468.342499245935,Newcastle United (default stadium),False,0,0.0,0,0,0,3,A
1546,2020-09-20,Chelsea,Liverpool,Premier League,Premier League,1583.8370520501167,1700.7921322208424,6.0,8.0,0.6,1.8,1.8,0.6,2.8,2.0,0.2,-0.8,5,5312.655647759373,Chelsea (default stadium),False,0,0.0,0,0,0,2,A
1547,2020-09-20,Leicester City,Burnley,Premier League,Premier League,1526.4330635598849,1519.2474376868581,7.0,56.0,0.4,1.2,1.8,0.4,1.2,0.8,0.4,0.0,5,6455.690567406472,Leicester City (default stadium),False,0,0.0,0,0,4,2,H
1548,2020-09-21,Aston Villa,Sheffield United,Premier League,Premier League,1423.2434431170698,1500.58306387825,57.0,7.0,0.4,1.0,1.0,0.2,0.8,1.6,0.0,-1.0,2,103.16089059657074,Aston Villa (default stadium),False,0,0.0,0,0,1,0,H
1549,2020-09-21,Wolverhampton Wanderers,Manchester City,Premier League,Premier League,1561.6042352736297,1660.2647509615608,7.0,57.0,0.6,1.6,0.6,1.0,4.2,0.2,0.5,0.0,4,9321.398073694803,Wolverhampton Wanderers (default stadium),False,0,0.0,0,0,1,3,A
1550,2020-09-26,Brighton,Manchester United,Premier League,Premier League,1474.4808611024357,1584.0975947817067,6.0,7.0,0.4,1.4,1.0,0.4,1.6,1.2,0.4,-0.8,5,325.25795184878103,Brighton (default stadium),False,0,0.0,0,0,2,3,A
1551,2020-09-26,Crystal Palace,Everton,Premier League,Premier League,1485.9438675087338,1526.4841656010135,7.0,7.0,0.4,1.0,1.2,0.6,1.8,1.2,0.0,-1.2,5,11676.66690896838,Crystal Palace (default stadium),False,0,0.0,0,0,1,2,A
1552,2020-09-26,West Bromwich Albion,Chelsea,Premier League,Premier League,1426.343522302911,1575.1803593924071,7.0,6.0,0.4,0.8,2.0,0.6,1.8,1.6,0.0,-1.8,5,170.0193819377569,West Bromwich Albion (default stadium),False,0,0.0,0,0,3,3,D
1553,2020-09-26,Burnley,Southampton,Premier League,Premier League,1511.4331778433707,1497.205833972694,6.0,6.0,0.2,1.4,1.6,0.4,1.6,1.6,0.4,0.8,5,6489.228471942674,Burnley (default stadium),False,0,0.0,0,0,0,1,A
1554,2020-09-27,Sheffield United,Leeds,Premier League,Premier League,1490.371844030833,1502.3775855253652,6.0,8.0,0.0,0.2,1.8,0.5,3.5,3.5,0.5,0.0,0,41.65803439217467,Sheffield United (default stadium),False,0,0.0,0,0,0,1,A
1555,2020-09-27,Tottenham Hotspur,Newcastle United,Premier League,Premier League,1561.9070114838007,1473.2936184287428,7.0,7.0,0.6,2.4,1.0,0.2,0.8,1.8,0.8,0.8,5,388.1243553495561,Tottenham Hotspur (default stadium),False,0,0.0,0,0,1,1,D
1556,2020-09-27,Manchester City,Leicester City,Premier League,Premier League,1669.441701076893,1534.2473234033723,6.0,7.0,1.0,3.8,0.4,0.6,1.8,1.4,0.8,1.4,5,119.18446031803153,Manchester City (default stadium),False,0,0.0,0,0,2,5,A
1557,2020-09-27,West Ham United,Wolverhampton Wanderers,Premier League,Premier League,1454.8649014733303,1552.4272851582975,8.0,6.0,0.2,1.2,1.4,0.4,1.2,1.2,0.0,-2.0,4,9062.016054164233,West Ham United (default stadium),False,0,0.0,0,0,4,0,H
1558,2020-09-28,Fulham,Aston Villa,Premier League,Premier League,1409.7388522818562,1433.4546629644867,9.0,7.0,0.2,0.8,2.4,0.6,1.2,0.4,0.5,0.0,0,162.69251316462925,Fulham (default stadium),False,0,0.0,0,0,0,3,A
1559,2020-09-28,Liverpool,Arsenal,Premier League,Premier League,1709.448824878552,1565.3574081278753,8.0,9.0,0.8,3.0,1.8,0.8,2.0,1.0,0.4,1.0,5,5305.0330774456925,Liverpool (default stadium),False,0,0.0,0,0,3,1,H
1560,2020-10-03,Chelsea,Crystal Palace,Premier League,Premier League,1572.9494113788064,1475.0979753814333,7.0,7.0,0.4,2.2,2.2,0.4,1.2,1.2,1.0,1.4,5,10.944971454605678,Chelsea (default stadium),False,0,0.0,0,0,4,0,H
1561,2020-10-03,Everton,Brighton,Premier League,Premier League,1537.330057728314,1465.6162060484983,7.0,7.0,0.8,2.0,1.2,0.4,1.6,1.4,0.6,0.6,5,11640.55138593053,Everton (default stadium),False,0,0.0,0,0,4,2,H
1562,2020-10-03,Leeds,Manchester City,Premier League,Premier League,1514.0314624917864,1654.1384534343504,6.0,6.0,0.6666666666666666,2.6666666666666665,2.3333333333333335,0.8,3.2,1.4,0.5,0.0,0,52.825149610091614,Leeds (default stadium),False,0,0.0,0,0,1,1,D
1563,2020-10-03,Newcastle United,Burnley,Premier League,Premier League,1477.5661045829806,1499.0553209409818,6.0,7.0,0.2,0.8,1.4,0.2,1.2,1.6,0.4,0.4,5,6365.680353490109,Newcastle United (default stadium),False,0,0.0,0,0,3,1,H
1564,2020-10-04,Leicester City,West Ham United,Premier League,Premier League,1549.550571045915,1465.656550622074,7.0,7.0,0.6,2.4,1.8,0.2,1.4,1.2,0.4,0.4,5,142.949836877498,Leicester City (default stadium),False,0,0.0,0,0,0,3,A
1565,2020-10-04,Southampton,West Bromwich Albion,Premier League,Premier League,1509.583690875083,1428.5744703165117,8.0,8.0,0.6,1.6,1.4,0.2,1.2,2.6,0.8,1.0,5,188.05243986432515,Southampton (default stadium),False,0,0.0,0,0,2,0,H
1566,2020-10-04,Arsenal,Sheffield United,Premier League,Premier League,1560.8422075927647,1478.7179670644118,6.0,7.0,0.6,1.8,1.4,0.0,0.2,1.6,0.0,-0.5,2,226.17988118230357,Arsenal (default stadium),False,0,0.0,0,0,2,1,H
1567,2020-10-04,Wolverhampton Wanderers,Fulham,Premier League,Premier League,1541.6356360095538,1398.4145111863425,7.0,6.0,0.4,1.0,1.8,0.0,0.6,3.0,0.5,0.5,2,9061.751294434785,Wolverhampton Wanderers (default stadium),False,0,0.0,0,0,1,0,H
1568,2020-10-04,Manchester United,Tottenham Hotspur,Premier League,Premier League,1592.9622498356441,1557.6345253295628,8.0,7.0,0.6,1.8,1.2,0.4,2.0,1.0,0.4,-0.6,5,253.91120185713115,Manchester United (default stadium),False,0,0.0,0,0,1,6,A
1569,2020-10-04,Aston Villa,Liverpool,Premier League,Premier League,1444.7790040600005,1713.9640254136625,6.0,6.0,0.6,1.4,0.4,1.0,3.4,1.6,0.0,-2.5,4,5394.758205947946,Aston Villa (default stadium),False,0,0.0,0,0,7,2,H
1570,2020-10-17,Everton,Liverpool,Premier League,Premier League,1543.4633017469857,1698.7862342922917,14.0,13.0,0.8,2.6,1.6,0.8,2.8,2.4,0.0,-0.8,5,16451.58764038487,Everton (default stadium),True,0,0.0,0,0,2,2,D
1571,2020-10-17,Chelsea,Southampton,Premier League,Premier League,1578.4620608503442,1515.4917780664935,14.0,13.0,0.6,2.4,1.2,0.6,1.6,1.4,0.6,1.0,5,105.31037742874952,Chelsea (default stadium),False,0,0.0,0,0,3,3,D
1572,2020-10-17,Manchester City,Arsenal,Premier League,Premier League,1652.1475599307762,1566.723610610709,14.0,13.0,0.6,3.0,1.4,0.8,2.2,1.4,1.0,2.6,5,256.9000111017041,Manchester City (default stadium),False,0,0.0,0,0,1,0,H
1573,2020-10-17,Newcastle United,Manchester United,Premier League,Premier League,1486.178855204754,1580.0202543597861,14.0,13.0,0.4,1.4,1.6,0.4,1.6,2.4,0.4,-0.8,5,171.2592358971847,Newcastle United (default stadium),False,0,0.0,0,0,1,4,A
1574,2020-10-18,Sheffield United,Fulham,Premier League,Premier League,1472.8365640464674,1393.8817730795718,14.0,14.0,0.0,0.4,1.8,0.0,0.6,3.0,0.5,0.0,0,231.3345967658948,Sheffield United (default stadium),False,0,0.0,0,0,1,1,D
1575,2020-10-18,Crystal Palace,Brighton,Premier League,Premier League,1469.5853259098956,1459.4829620298265,15.0,15.0,0.4,1.2,1.6,0.4,2.0,2.2,0.4,-0.2,5,62.01282292846458,Crystal Palace (default stadium),False,0,0.0,0,0,1,1,D
1576,2020-10-18,Tottenham Hotspur,West Ham United,Premier League,Premier League,1570.5765208054208,1479.8173564541737,14.0,14.0,0.4,2.6,1.2,0.4,1.8,1.0,0.6,0.6,5,8.221735834635023,Tottenham Hotspur (default stadium),False,0,0.0,0,0,3,3,D
1577,2020-10-18,Leicester City,Aston Villa,Premier League,Premier League,1535.3897652138153,1459.9567951813713,14.0,14.0,0.6,2.4,1.8,0.8,2.6,0.6,0.75,2.0,4,51.70216611005376,Leicester City (default stadium),False,0,0.0,0,0,0,1,A
1578,2020-10-19,West Bromwich Albion,Burnley,Premier League,Premier League,1422.6663831251012,1490.4425703192085,15.0,16.0,0.0,1.0,3.0,0.2,1.2,2.0,0.5,1.0,4,6404.481396239543,West Bromwich Albion (default stadium),False,0,0.0,0,0,0,0,D
1579,2020-10-19,Leeds,Wolverhampton Wanderers,Premier League,Premier League,1516.0223559953606,1546.1683741163245,16.0,15.0,0.5,2.25,2.0,0.4,0.8,1.8,0.5,0.0,0,9331.978556268221,Leeds (default stadium),False,0,0.0,0,0,0,1,A
1580,2020-10-23,Aston Villa,Leeds,Premier League,Premier League,1473.914212139383,1504.8802710413738,5.0,4.0,0.8,2.6,0.6,0.4,1.8,1.8,0.5,0.0,0,142.61128348620935,Aston Villa (default stadium),False,0,0.0,0,0,0,3,A
1581,2020-10-24,West Ham United,Manchester City,Premier League,Premier League,1484.1401955609235,1657.950409486175,6.0,7.0,0.4,2.2,1.4,0.6,2.4,1.4,0.0,-3.0,5,262.0495522571908,West Ham United (default stadium),False,0,0.0,0,0,1,1,D
1582,2020-10-24,Fulham,Crystal Palace,Premier League,Premier League,1397.924336607704,1467.3197942722397,6.0,6.0,0.0,0.8,2.4,0.4,1.2,1.6,0.0,-2.0,2,11.049065852200664,Fulham (default stadium),False,0,0.0,0,0,1,2,A
1583,2020-10-24,Manchester United,Chelsea,Premier League,Premier League,1589.3351187939772,1574.8113944549518,7.0,7.0,0.6,2.2,2.4,0.4,2.6,1.8,0.6,1.4,5,260.84692450845216,Manchester United (default stadium),False,0,0.0,0,0,0,0,D
1584,2020-10-24,Liverpool,Sheffield United,Premier League,Premier League,1696.3786491750607,1468.7940005183352,7.0,6.0,0.6,2.6,2.6,0.0,0.4,1.4,1.0,1.5,2,5343.9474638368165,Liverpool (default stadium),False,0,0.0,0,0,2,1,H
1585,2020-10-25,Southampton,Everton,Premier League,Premier League,1519.1424444618858,1545.8708868642168,8.0,8.0,0.4,1.6,1.8,0.8,2.8,1.4,0.2,-0.2,5,11568.424076531252,Southampton (default stadium),False,0,0.0,0,0,2,0,H
1586,2020-10-25,Wolverhampton Wanderers,Newcastle United,Premier League,Premier League,1557.3104590703113,1476.8639907705629,6.0,8.0,0.6,1.0,1.4,0.4,1.4,1.8,0.25,0.25,4,9451.217353997563,Wolverhampton Wanderers (default stadium),False,0,0.0,0,0,1,1,D
1587,2020-10-25,Arsenal,Leicester City,Premier League,Premier League,1560.9207610553103,1521.4323482558036,8.0,7.0,0.6,1.6,1.2,0.6,2.4,1.6,0.2,-1.0,5,137.93652464122155,Arsenal (default stadium),False,0,0.0,0,0,0,1,A
1588,2020-10-26,Brighton,West Bromwich Albion,Premier League,Premier League,1461.7484936674823,1422.6023775214599,8.0,7.0,0.2,1.8,2.2,0.0,1.0,2.6,0.5,0.0,2,228.59434467262278,Brighton (default stadium),False,0,0.0,0,0,1,1,D
1589,2020-10-26,Burnley,Tottenham Hotspur,Premier League,Premier League,1490.5065759228498,1566.253681698671,7.0,8.0,0.0,0.8,2.0,0.4,3.0,1.6,0.2,-1.6,5,6556.63679428139,Burnley (default stadium),False,0,0.0,0,0,0,1,A
1590,2020-10-30,Wolverhampton Wanderers,Crystal Palace,Premier League,Premier League,1553.2320404681345,1477.3371943818008,5.0,6.0,0.4,0.8,1.6,0.4,1.4,1.8,0.5,0.25,4,9051.721081889698,Wolverhampton Wanderers (default stadium),False,0,0.0,0,0,2,0,H
1591,2020-10-31,Sheffield United,Manchester City,Premier League,Premier League,1465.7385908309175,1655.0483621226952,7.0,7.0,0.0,0.6,1.4,0.4,1.6,1.6,0.0,-1.5,2,47.66972606116785,Sheffield United (default stadium),False,0,0.0,0,0,0,1,A
1592,2020-10-31,Burnley,Chelsea,Premier League,Premier League,1480.6719758385732,1577.1972979060952,5.0,7.0,0.0,0.6,1.8,0.2,2.0,1.6,0.0,-2.0,5,6552.140911877313,Burnley (default stadium),False,0,0.0,0,0,0,3,A
1593,2020-10-31,Liverpool,West Ham United,Premier League,Premier League,1699.4340588624784,1487.0422429244034,7.0,7.0,0.6,2.2,2.2,0.4,2.4,1.2,0.8,2.0,5,5299.298724106387,Liverpool (default stadium),False,0,0.0,0,0,2,1,H
1594,2020-11-01,Aston Villa,Southampton,Premier League,Premier League,1462.7954282308551,1527.9033888793097,9.0,7.0,0.8,2.4,1.0,0.6,2.0,1.6,0.0,-1.5,4,181.49627866409335,Aston Villa (default stadium),False,0,0.0,0,0,3,4,A
1595,2020-11-01,Newcastle United,Everton,Premier League,Premier League,1480.9424093727396,1537.109942446793,7.0,7.0,0.2,1.2,2.0,0.6,2.6,1.8,0.2,-0.2,5,11820.07394279188,Newcastle United (default stadium),False,0,0.0,0,0,2,1,H
1596,2020-11-01,Manchester United,Arsenal,Premier League,Premier League,1586.949215342834,1547.8697657120147,8.0,7.0,0.4,1.8,2.4,0.4,1.0,1.4,0.2,-0.6,5,256.9000111017041,Manchester United (default stadium),False,0,0.0,0,0,0,1,A
1597,2020-11-01,Tottenham Hotspur,Brighton,Premier League,Premier League,1576.0882817829477,1458.706436008575,6.0,6.0,0.6,3.2,1.4,0.2,1.8,1.8,0.6,0.0,5,82.58337268155316,Tottenham Hotspur (default stadium),False,0,0.0,0,0,2,1,H
1598,2020-11-02,Fulham,West Bromwich Albion,Premier League,Premier League,1387.9069364981428,1425.644435180367,9.0,7.0,0.0,1.0,2.2,0.0,1.2,2.2,0.5,0.0,0,169.90700694547965,Fulham (default stadium),False,0,0.0,0,0,2,0,H
1599,2020-11-02,Leeds,Leicester City,Premier League,Premier League,1515.9990549499016,1534.4833435990993,10.0,8.0,0.6,1.8,1.0,0.6,2.0,1.6,0.5,0.0,0,131.84972848212365,Leeds (default stadium),False,0,0.0,0,0,1,4,A
1600,2020-11-06,Brighton,Burnley,Premier League,Premier League,1453.631229517523,1471.4339560983105,5.0,6.0,0.0,1.4,2.2,0.0,0.2,1.6,0.2,-0.4,5,6578.701185693557,Brighton (default stadium),False,0,0.0,0,0,0,0,D
1601,2020-11-06,Southampton,Newcastle United,Premier League,Premier League,1538.0441837859134,1490.544489193601,5.0,5.0,0.8,2.4,1.2,0.4,1.6,1.6,0.0,-1.4,5,452.9404186033056,Southampton (default stadium),False,0,0.0,0,0,2,0,H
1602,2020-11-07,Everton,Manchester United,Premier League,Premier League,1527.5078626259315,1573.9088990326154,6.0,6.0,0.4,1.8,1.8,0.4,1.6,2.0,0.2,0.2,5,11690.468746176242,Everton (default stadium),False,0,0.0,0,0,1,3,A
1603,2020-11-07,Crystal Palace,Leeds,Premier League,Premier League,1471.3058173278218,1504.5270850038164,8.0,5.0,0.2,0.8,2.0,0.4,1.2,1.2,0.5,0.0,0,281.22737753799595,Crystal Palace (default stadium),False,0,0.0,0,0,4,1,H
1604,2020-11-07,Chelsea,Sheffield United,Premier League,Premier League,1586.4353176463578,1459.0436947244489,7.0,7.0,0.4,2.6,1.2,0.0,0.6,1.4,0.0,-1.5,2,231.46623209780716,Chelsea (default stadium),False,0,0.0,0,0,4,1,H
1605,2020-11-07,West Ham United,Fulham,Premier League,Premier League,1483.7535021917747,1396.9810069004814,7.0,5.0,0.4,2.4,1.2,0.2,0.8,1.4,1.0,2.0,2,13.622670450459998,West Ham United (default stadium),False,0,0.0,0,0,1,0,H
1606,2020-11-08,West Bromwich Albion,Tottenham Hotspur,Premier League,Premier League,1416.5703647780285,1581.1634882739997,6.0,7.0,0.0,0.8,1.6,0.6,2.6,1.2,0.2,-0.6,5,167.03808994677587,West Bromwich Albion (default stadium),False,0,0.0,0,0,0,1,A
1607,2020-11-08,Leicester City,Wolverhampton Wanderers,Premier League,Premier League,1545.9553135451845,1559.2634175221135,6.0,9.0,0.6,2.0,1.4,0.6,1.0,1.0,0.25,0.25,4,9203.941453824911,Leicester City (default stadium),False,0,0.0,0,0,1,0,H
1608,2020-11-08,Manchester City,Liverpool,Premier League,Premier League,1661.7432582291638,1702.722799595107,8.0,8.0,0.4,1.2,1.4,0.6,2.2,2.4,0.4,0.4,5,5387.234837982907,Manchester City (default stadium),False,0,0.0,0,0,1,1,D
1609,2020-11-08,Arsenal,Aston Villa,Premier League,Premier League,1560.9100820222332,1452.6546333242513,7.0,7.0,0.4,0.8,1.2,0.6,2.8,1.8,0.75,1.5,4,161.3294461687896,Arsenal (default stadium),False,0,0.0,0,0,0,3,A
1610,2020-11-21,Newcastle United,Chelsea,Premier League,Premier League,1483.803106323547,1591.2954070067876,15.0,14.0,0.4,1.4,1.8,0.6,2.8,0.8,0.4,0.2,5,399.367741301676,Newcastle United (default stadium),False,0,0.0,0,0,0,2,A
1611,2020-11-21,Aston Villa,Brighton,Premier League,Premier League,1467.3778963305415,1452.140073242185,13.0,15.0,0.6,2.8,1.8,0.0,1.0,1.6,0.5,0.5,2,221.3083143577021,Aston Villa (default stadium),False,0,0.0,0,0,1,2,A
1612,2020-11-21,Tottenham Hotspur,Manchester City,Premier League,Premier League,1588.5062148139646,1660.909919414445,13.0,13.0,0.8,2.6,1.0,0.4,1.0,0.6,0.2,-0.4,5,253.91120185713115,Tottenham Hotspur (default stadium),False,0,0.0,0,0,2,0,H
1613,2020-11-21,Manchester United,West Bromwich Albion,Premier League,Premier League,1584.587089165933,1409.2276382380637,14.0,13.0,0.4,1.6,1.8,0.0,0.2,1.2,0.4,0.2,5,103.87357381667516,Manchester United (default stadium),False,0,0.0,0,0,1,0,H
1614,2020-11-22,Fulham,Everton,Premier League,Premier League,1391.2100818995682,1516.8296724926138,15.0,15.0,0.2,0.8,1.0,0.2,1.6,2.2,0.5,-0.5,2,11673.70209285392,Fulham (default stadium),False,0,0.0,0,0,2,3,A
1615,2020-11-22,Sheffield United,West Ham United,Premier League,Premier League,1454.183605364019,1489.5244271926879,15.0,15.0,0.0,0.8,2.0,0.4,1.8,1.2,0.5,0.5,2,230.6286601084905,Sheffield United (default stadium),False,0,0.0,0,0,0,1,A
1616,2020-11-22,Leeds,Arsenal,Premier League,Premier League,1495.5817255711393,1546.186819015943,15.0,14.0,0.2,1.2,2.0,0.4,0.6,1.2,0.5,0.0,0,266.1477715120681,Leeds (default stadium),False,0,0.0,0,0,0,0,D
1617,2020-11-22,Liverpool,Leicester City,Premier League,Premier League,1703.5561384098257,1554.3379186999302,14.0,14.0,0.4,1.8,2.4,0.6,1.2,1.0,0.8,1.4,5,5343.065862682322,Liverpool (default stadium),False,0,0.0,0,0,3,0,H
1618,2020-11-23,Burnley,Crystal Palace,Premier League,Premier League,1472.9251123736485,1480.251176760499,17.0,16.0,0.0,0.2,1.4,0.4,1.4,1.8,0.2,-1.2,5,6562.201316773521,Burnley (default stadium),False,0,0.0,0,0,1,0,H
1619,2020-11-23,Wolverhampton Wanderers,Southampton,Premier League,Premier League,1550.8808123673678,1544.7855666559676,15.0,17.0,0.6,1.0,0.4,0.8,2.6,1.2,0.5,0.25,4,9040.708255581369,Wolverhampton Wanderers (default stadium),False,0,0.0,0,0,1,1,D
1620,2020-11-27,Crystal Palace,Newcastle United,Premier League,Premier League,1472.0357623447896,1474.8780521734661,4.0,6.0,0.4,1.4,1.2,0.2,0.8,2.0,0.4,0.2,5,408.04977898274933,Crystal Palace (default stadium),False,0,0.0,0,0,0,2,A
1621,2020-11-28,Brighton,Liverpool,Premier League,Premier League,1464.5453505692321,1707.969004249355,7.0,6.0,0.2,1.0,1.0,0.6,2.0,1.0,0.0,-1.8,5,5323.625304961785,Brighton (default stadium),False,0,0.0,0,0,1,1,D
1622,2020-11-28,Manchester City,Burnley,Premier League,Premier League,1650.8407363384833,1481.1405267893579,7.0,5.0,0.4,0.8,0.8,0.2,0.2,0.8,0.8,2.8,5,6363.654979892703,Manchester City (default stadium),False,0,0.0,0,0,5,0,H
1623,2020-11-28,Everton,Leeds,Premier League,Premier League,1525.2423486171476,1495.0240744197026,6.0,6.0,0.2,1.4,2.2,0.2,1.0,1.8,0.5,0.0,0,11743.222850617241,Everton (default stadium),False,0,0.0,0,0,0,1,A
1624,2020-11-28,West Bromwich Albion,Sheffield United,Premier League,Premier League,1405.3105304378585,1443.1893300128909,7.0,6.0,0.0,0.2,1.0,0.0,0.6,1.8,0.5,0.0,0,98.8490022272489,West Bromwich Albion (default stadium),False,0,0.0,0,0,1,0,H
1625,2020-11-29,Southampton,Manchester United,Premier League,Premier League,1546.94140207522,1588.5041969661384,6.0,8.0,0.6,2.4,1.4,0.6,1.6,0.6,0.0,-0.2,5,291.8406815664775,Southampton (default stadium),False,0,0.0,0,0,2,3,A
1626,2020-11-29,Chelsea,Tottenham Hotspur,Premier League,Premier League,1600.2204611568684,1598.5753978899263,8.0,8.0,0.6,2.4,0.8,0.8,1.8,0.8,0.6,0.2,5,16.124829392275434,Chelsea (default stadium),True,0,0.0,0,0,0,0,D
1627,2020-11-29,Arsenal,Wolverhampton Wanderers,Premier League,Premier League,1546.7444701673796,1548.7249769481155,7.0,6.0,0.2,0.2,1.0,0.4,1.0,0.6,0.25,0.0,4,9066.534594608813,Arsenal (default stadium),False,0,0.0,0,0,1,2,A
1628,2020-11-30,Leicester City,Fulham,Premier League,Premier League,1549.925052860401,1382.7974057750343,8.0,8.0,0.6,1.2,1.0,0.2,1.2,1.4,0.5,1.0,2,142.2318025220516,Leicester City (default stadium),False,0,0.0,0,0,1,2,A
1629,2020-11-30,West Ham United,Aston Villa,Premier League,Premier League,1500.518702543816,1454.9726190034944,8.0,9.0,0.4,1.4,1.2,0.4,1.6,1.8,0.25,0.5,4,167.45755533416937,West Ham United (default stadium),False,0,0.0,0,0,2,1,H
1630,2020-12-05,Burnley,Everton,Premier League,Premier League,1477.1197856879778,1512.4352602046201,7.0,7.0,0.2,0.2,1.8,0.2,1.0,2.0,0.4,-1.0,5,7457.166496435577,Burnley (default stadium),False,0,0.0,0,0,1,1,D
1631,2020-12-05,Manchester City,Fulham,Premier League,Premier League,1654.8614774398634,1398.7288816726516,7.0,5.0,0.4,1.6,0.8,0.4,1.4,1.4,1.0,2.5,2,260.720495981881,Manchester City (default stadium),False,0,0.0,0,0,2,0,H
1632,2020-12-05,West Ham United,Manchester United,Premier League,Premier League,1507.3104358145874,1599.3208626587216,5.0,6.0,0.6,1.2,0.8,0.6,1.4,0.8,0.4,0.6,5,262.0495522571908,West Ham United (default stadium),False,0,0.0,0,0,1,3,A
1633,2020-12-05,Chelsea,Leeds,Premier League,Premier League,1598.1870907702744,1507.8311628322301,6.0,7.0,0.6,1.8,0.2,0.4,1.2,1.6,0.5,0.0,0,271.805200718174,Chelsea (default stadium),False,0,0.0,0,0,3,1,H
1634,2020-12-06,West Bromwich Albion,Crystal Palace,Premier League,Premier League,1414.3886330904754,1460.1265273735976,8.0,9.0,0.2,0.4,1.0,0.4,1.2,1.4,0.4,-0.4,5,180.90264463990698,West Bromwich Albion (default stadium),False,0,0.0,0,0,1,5,A
1635,2020-12-06,Sheffield United,Leicester City,Premier League,Premier League,1434.111227360274,1533.9935769627837,8.0,6.0,0.0,0.4,1.8,0.6,1.4,1.2,0.0,-1.5,2,90.46382702133843,Sheffield United (default stadium),False,0,0.0,0,0,1,2,A
1636,2020-12-06,Tottenham Hotspur,Arsenal,Premier League,Premier League,1600.6087682765203,1534.8113466020793,7.0,7.0,0.8,1.2,0.2,0.2,0.4,1.2,0.4,0.0,5,6.203038582804336,Tottenham Hotspur (default stadium),True,0,0.0,0,0,2,0,H
1637,2020-12-06,Liverpool,Wolverhampton Wanderers,Premier League,Premier League,1703.3544933501078,1560.6581005134158,8.0,7.0,0.6,1.8,0.8,0.4,1.2,0.8,1.0,1.5,4,8518.872327710977,Liverpool (default stadium),False,0,0.0,0,0,4,0,H
1638,2020-12-07,Brighton,Southampton,Premier League,Premier League,1469.1598614684794,1536.1247363826367,9.0,8.0,0.2,1.0,1.0,0.6,2.2,1.4,0.0,-0.6,5,91.83331837808883,Brighton (default stadium),False,0,0.0,0,0,1,2,A
1639,2020-12-11,Leeds,West Ham United,Premier League,Premier League,1502.1445599495273,1497.9431006791858,6.0,6.0,0.2,0.8,2.2,0.6,1.2,1.2,0.5,0.0,0,270.3424531113237,Leeds (default stadium),False,0,0.0,0,0,1,2,A
1640,2020-12-12,Wolverhampton Wanderers,Aston Villa,Premier League,Premier League,1556.114765094418,1448.180885732723,6.0,12.0,0.4,1.0,1.4,0.2,1.6,2.2,1.0,1.0,2,9215.28796067954,Wolverhampton Wanderers (default stadium),False,0,0.0,0,0,0,1,A
1641,2020-12-12,Newcastle United,West Bromwich Albion,Premier League,Premier League,1486.7872871446582,1403.6914464626352,15.0,6.0,0.4,1.0,1.2,0.2,0.4,1.8,0.25,-0.25,4,269.9204995926814,Newcastle United (default stadium),False,0,0.0,0,0,2,1,H
1642,2020-12-12,Manchester United,Manchester City,Premier League,Premier League,1608.6881977941232,1657.5153021914668,7.0,7.0,0.8,2.0,1.0,0.6,1.8,0.6,0.6,0.0,5,0.0,Manchester United (default stadium),True,0,0.0,0,0,0,0,D
1643,2020-12-12,Everton,Chelsea,Premier League,Premier League,1513.4302578925394,1603.8736936529772,7.0,7.0,0.2,1.2,1.8,0.8,2.4,0.4,0.4,0.0,5,11673.649510171086,Everton (default stadium),False,0,0.0,0,0,1,0,H
1644,2020-12-13,Southampton,Sheffield United,Premier League,Premier League,1546.2120920827172,1424.9691959743916,6.0,7.0,0.6,2.2,1.6,0.0,0.4,1.8,1.0,1.5,2,278.1138677880102,Southampton (default stadium),False,0,0.0,0,0,3,0,H
1645,2020-12-13,Crystal Palace,Tottenham Hotspur,Premier League,Premier League,1470.8237140014378,1606.8877854072991,7.0,7.0,0.4,1.8,1.4,0.8,1.4,0.2,0.0,-1.6,5,20.57108758153193,Crystal Palace (default stadium),False,0,0.0,0,0,1,1,D
1646,2020-12-13,Fulham,Liverpool,Premier League,Premier League,1396.0750569210481,1707.8978287691054,8.0,7.0,0.4,1.2,1.4,0.6,2.2,0.6,0.0,-1.5,2,5312.6474190647505,Fulham (default stadium),False,0,0.0,0,0,1,1,D
1647,2020-12-13,Arsenal,Burnley,Premier League,Premier League,1528.5323294713005,1476.1247880000585,7.0,8.0,0.2,0.4,1.4,0.2,0.4,1.8,0.8,2.0,5,6555.361279391892,Arsenal (default stadium),False,0,0.0,0,0,0,1,A
1648,2020-12-13,Leicester City,Brighton,Premier League,Premier League,1543.135608348666,1459.072505768399,7.0,6.0,0.6,1.6,1.4,0.2,1.0,1.2,0.6,1.0,5,208.7110806263465,Leicester City (default stadium),False,0,0.0,0,0,3,0,H
1649,2020-12-15,Wolverhampton Wanderers,Chelsea,Premier League,Premier League,1541.398695909072,1593.2859624080804,3.0,3.0,0.2,0.6,1.6,0.6,1.8,0.6,0.25,-1.0,4,9061.62140506431,Wolverhampton Wanderers (default stadium),False,0,0.0,0,0,2,1,H
1650,2020-12-15,Manchester City,West Bromwich Albion,Premier League,Premier League,1658.1239538415996,1397.8332379284757,3.0,3.0,0.4,1.6,0.6,0.2,0.6,1.8,1.0,2.2,5,103.87357381667516,Manchester City (default stadium),False,0,0.0,0,0,1,1,D
1651,2020-12-16,Arsenal,Southampton,Premier League,Premier League,1515.1480397229031,1551.203583232196,3.0,3.0,0.0,0.2,1.6,0.6,2.0,1.0,0.6,0.8,5,114.81248103375616,Arsenal (default stadium),False,0,0.0,0,0,1,1,D
1652,2020-12-16,Leeds,Newcastle United,Premier League,Premier League,1490.0407594086234,1492.6454956788177,5.0,4.0,0.2,0.8,1.8,0.6,1.2,1.2,0.5,0.0,0,133.43902338537998,Leeds (default stadium),False,0,0.0,0,0,5,2,H
1653,2020-12-16,Leicester City,Everton,Premier League,Premier League,1548.9707792723145,1524.0179891374362,3.0,4.0,0.6,1.4,1.2,0.4,1.2,1.4,0.4,-0.2,5,11692.657159990456,Leicester City (default stadium),False,0,0.0,0,0,0,2,A
1654,2020-12-16,Fulham,Brighton,Premier League,Premier League,1402.0934233129112,1453.2373348447504,3.0,3.0,0.2,1.0,1.6,0.2,0.8,1.4,0.5,1.0,2,69.48390935697866,Fulham (default stadium),False,0,0.0,0,0,0,0,D
1655,2020-12-16,Liverpool,Tottenham Hotspur,Premier League,Premier League,1701.8794623772424,1605.0088986191797,3.0,3.0,0.4,2.0,0.6,0.6,1.2,0.2,0.8,0.8,5,5300.810896107908,Liverpool (default stadium),False,0,0.0,0,0,2,1,H
1656,2020-12-16,West Ham United,Crystal Palace,Premier League,Premier League,1510.0469012200897,1472.7026007895572,5.0,3.0,0.8,1.4,1.0,0.4,2.0,1.2,0.2,-0.2,5,13.663891147783643,West Ham United (default stadium),False,0,0.0,0,0,1,1,D
1657,2020-12-17,Aston Villa,Burnley,Premier League,Premier League,1462.896954918069,1489.5090777484559,5.0,4.0,0.4,1.8,1.6,0.4,0.6,1.2,0.5,0.5,2,6410.2146983505845,Aston Villa (default stadium),False,0,0.0,0,0,0,0,D
1658,2020-12-17,Sheffield United,Manchester United,Premier League,Premier League,1419.9777048249127,1608.0795461439905,4.0,5.0,0.0,0.4,2.2,0.8,2.0,0.8,0.0,-1.5,2,47.66972606116785,Sheffield United (default stadium),False,0,0.0,0,0,2,3,A
1659,2020-12-19,Crystal Palace,Liverpool,Premier League,Premier League,1475.697523307688,1707.4146873226243,3.0,3.0,0.2,1.4,1.2,0.6,2.2,0.6,0.0,-1.8,5,5306.285725112793,Crystal Palace (default stadium),False,0,0.0,0,0,0,7,A
1660,2020-12-19,Southampton,Manchester City,Premier League,Premier League,1552.177486466544,1650.7231680427378,3.0,4.0,0.4,1.8,1.2,0.4,1.6,0.6,0.2,-1.6,5,291.8406815664775,Southampton (default stadium),False,0,0.0,0,0,0,1,A
1661,2020-12-19,Everton,Arsenal,Premier League,Premier League,1536.6848810182082,1514.1741364885552,3.0,3.0,0.6,1.4,0.8,0.0,0.4,1.2,0.2,-1.2,5,11682.978134396302,Everton (default stadium),False,0,0.0,0,0,2,1,H
1662,2020-12-19,Newcastle United,Fulham,Premier League,Premier League,1484.561317896847,1401.5512336901115,3.0,3.0,0.4,1.2,2.0,0.2,1.0,1.4,0.5,2.0,2,399.2339499540635,Newcastle United (default stadium),False,0,0.0,0,0,1,1,D
1663,2020-12-20,Brighton,Sheffield United,Premier League,Premier League,1453.7795244675501,1413.251804045949,4.0,3.0,0.2,0.8,1.4,0.0,0.6,2.0,0.0,-0.5,2,298.82970905946405,Brighton (default stadium),False,0,0.0,0,0,1,1,D
1664,2020-12-20,Tottenham Hotspur,Leicester City,Premier League,Premier League,1599.4736736737977,1536.3038873915425,4.0,4.0,0.4,1.2,0.6,0.4,1.2,1.6,0.8,1.4,5,134.78780460437943,Tottenham Hotspur (default stadium),False,0,0.0,0,0,0,2,A
1665,2020-12-20,Manchester United,Leeds,Premier League,Premier League,1614.8054469229542,1498.1249371905942,3.0,4.0,0.8,2.0,1.0,0.4,1.6,1.4,0.5,0.0,0,52.825149610091614,Manchester United (default stadium),False,0,0.0,0,0,6,2,H
1666,2020-12-20,West Bromwich Albion,Aston Villa,Premier League,Premier League,1405.2340237273374,1461.6546029255956,5.0,3.0,0.2,0.8,1.8,0.4,1.2,0.8,0.5,0.5,2,7.293601557251959,West Bromwich Albion (default stadium),False,0,0.0,0,0,0,3,A
1667,2020-12-21,Burnley,Wolverhampton Wanderers,Premier League,Premier League,1490.7514297409293,1550.8778413083023,4.0,6.0,0.4,0.6,1.2,0.4,1.0,1.6,0.25,0.25,4,13238.018552642983,Burnley (default stadium),False,0,0.0,0,0,2,1,H
1668,2020-12-21,Chelsea,West Ham United,Premier League,Premier League,1583.8068170088502,1507.051978701959,6.0,5.0,0.4,1.2,0.8,0.6,1.4,1.2,0.2,0.0,5,13.657971575674615,Chelsea (default stadium),False,0,0.0,0,0,3,0,H
1669,2020-12-26,Leicester City,Manchester United,Premier League,Premier League,1549.9595296353161,1619.8959588347893,6.0,6.0,0.6,1.6,1.0,0.8,3.0,1.4,0.0,-1.0,5,119.18446031803153,Leicester City (default stadium),False,0,0.0,0,0,2,2,D
1670,2020-12-26,Aston Villa,Crystal Palace,Premier League,Premier League,1472.045251174687,1470.0427564788654,6.0,7.0,0.4,1.2,0.8,0.2,1.4,2.4,0.5,0.25,4,173.6948405935728,Aston Villa (default stadium),False,0,0.0,0,0,3,0,H
1671,2020-12-26,Fulham,Southampton,Premier League,Premier League,1405.690980094927,1542.9972534603367,7.0,7.0,0.2,0.8,1.0,0.4,1.6,1.2,0.5,-0.5,2,105.36793929201917,Fulham (default stadium),False,0,0.0,0,0,0,0,D
1672,2020-12-26,Arsenal,Chelsea,Premier League,Premier League,1506.775618195032,1589.8173605262918,7.0,5.0,0.0,0.6,1.6,0.4,1.4,0.8,0.2,0.0,5,9.950774202617763,Arsenal (default stadium),False,0,0.0,0,0,3,1,H
1673,2020-12-26,Manchester City,Newcastle United,Premier League,Premier League,1659.9034010489452,1480.4215714920315,7.0,7.0,0.6,1.8,0.2,0.4,1.4,1.8,0.6,1.4,5,171.2592358971847,Manchester City (default stadium),False,0,0.0,0,0,2,0,H
1674,2020-12-26,Sheffield United,Everton,Premier League,Premier League,1416.3299037127779,1544.0833993117315,6.0,7.0,0.0,0.8,2.0,0.6,1.2,0.6,0.5,0.5,2,11723.749937979286,Sheffield United (default stadium),False,0,0.0,0,0,0,1,A
1675,2020-12-27,Leeds,Burnley,Premier League,Premier League,1493.034425278759,1500.4673215004127,7.0,6.0,0.4,2.0,2.6,0.4,0.8,1.4,0.5,0.0,0,6396.186690633047,Leeds (default stadium),False,0,0.0,0,0,1,0,H
1676,2020-12-27,West Ham United,Brighton,Premier League,Premier League,1501.0414351845172,1450.7014248007213,6.0,7.0,0.4,1.2,1.8,0.0,0.6,1.4,0.0,-0.6,5,75.30394037947526,West Ham United (default stadium),False,0,0.0,0,0,2,2,D
1677,2020-12-27,Liverpool,West Bromwich Albion,Premier League,Premier League,1713.069454151447,1394.843375478246,8.0,7.0,0.6,3.0,0.6,0.2,0.8,2.2,0.4,0.4,5,5397.522050574016,Liverpool (default stadium),False,0,0.0,0,0,1,1,D
1678,2020-12-27,Wolverhampton Wanderers,Tottenham Hotspur,Premier League,Premier League,1541.161949548819,1585.8180314300241,6.0,7.0,0.4,1.0,1.8,0.2,0.8,1.0,0.5,0.25,4,9070.237755303215,Wolverhampton Wanderers (default stadium),False,0,0.0,0,0,1,1,D
1679,2020-12-28,Crystal Palace,Leicester City,Premier League,Premier League,1462.085987147948,1549.957699920616,2.0,2.0,0.2,1.4,2.6,0.6,1.8,1.0,0.6,0.8,5,152.43481774000773,Crystal Palace (default stadium),False,0,0.0,0,0,1,1,D
1680,2020-12-28,Chelsea,Aston Villa,Premier League,Premier League,1579.4421652127135,1480.0020205056046,2.0,2.0,0.4,1.6,1.4,0.6,1.6,0.4,1.0,2.0,4,162.80441844458147,Chelsea (default stadium),False,0,0.0,0,0,1,1,D
1681,2020-12-29,Brighton,Arsenal,Premier League,Premier League,1454.0329162488306,1517.1508135086103,2.0,3.0,0.0,0.8,1.6,0.2,1.0,1.4,0.6,0.6,5,77.11653294203013,Brighton (default stadium),False,0,0.0,0,0,0,1,A
1682,2020-12-29,Burnley,Sheffield United,Premier League,Premier League,1492.2489299807612,1407.9770397432912,2.0,3.0,0.4,0.8,0.6,0.0,0.8,2.0,0.0,-1.5,2,6411.238214865433,Burnley (default stadium),False,0,0.0,0,0,1,0,H
1683,2020-12-29,Southampton,West Ham United,Premier League,Premier League,1541.0838987008226,1497.709943736408,3.0,2.0,0.4,1.2,0.6,0.2,1.2,2.0,0.0,-2.0,5,118.78899564721851,Southampton (default stadium),False,0,0.0,0,0,0,0,D
1684,2020-12-29,West Bromwich Albion,Leeds,Premier League,Premier League,1402.9100176295278,1501.2528167984105,2.0,2.0,0.0,0.8,2.4,0.4,2.0,2.6,0.5,0.0,0,137.62417739392188,West Bromwich Albion (default stadium),False,0,0.0,0,0,0,5,A
1685,2020-12-29,Manchester United,Wolverhampton Wanderers,Premier League,Premier League,1619.8977885494894,1540.4337840298979,3.0,2.0,0.6,2.8,1.4,0.2,0.8,1.8,0.0,-0.25,4,9321.398073694803,Manchester United (default stadium),False,0,0.0,0,0,1,0,H
1686,2020-12-30,Newcastle United,Liverpool,Premier League,Premier League,1476.57867323875,1705.002812000165,4.0,3.0,0.4,1.4,1.8,0.6,3.0,0.6,0.0,-2.2,5,5307.58997068219,Newcastle United (default stadium),False,0,0.0,0,0,0,0,D
1687,2021-01-01,Everton,West Ham United,Premier League,Premier League,1552.436263281218,1500.8620146493354,6.0,3.0,0.8,1.4,0.4,0.2,1.0,1.4,0.4,0.0,5,11687.188342303432,Everton (default stadium),False,0,0.0,0,0,0,1,A
1688,2021-01-01,Manchester United,Aston Villa,Premier League,Premier League,1625.8429711329186,1484.5258150376194,3.0,4.0,0.6,2.4,1.2,0.6,1.6,0.2,0.75,1.25,4,110.34451123028889,Manchester United (default stadium),False,0,0.0,0,0,2,1,H
1689,2021-01-02,Tottenham Hotspur,Leeds,Premier League,Premier League,1586.5461969489452,1510.4388502647255,6.0,4.0,0.2,1.0,1.2,0.6,2.8,2.0,0.5,0.0,0,262.1340479599546,Tottenham Hotspur (default stadium),False,0,0.0,0,0,3,0,H
1690,2021-01-02,Crystal Palace,Sheffield United,Premier League,Premier League,1462.5999231853593,1402.146834590882,5.0,4.0,0.0,0.6,2.6,0.0,0.6,1.8,0.0,-1.0,2,241.11581385297217,Crystal Palace (default stadium),False,0,0.0,0,0,2,0,H
1691,2021-01-02,Brighton,Wolverhampton Wanderers,Premier League,Premier League,1443.834859312169,1534.4886014464687,4.0,4.0,0.0,0.6,1.4,0.2,0.8,1.2,0.25,0.25,4,8996.140833084839,Brighton (default stadium),False,0,0.0,0,0,3,3,D
1692,2021-01-02,West Bromwich Albion,Arsenal,Premier League,Premier League,1393.723984163213,1527.3488704452718,4.0,4.0,0.0,0.6,2.4,0.4,1.2,1.0,0.2,-0.6,5,168.46827367374928,West Bromwich Albion (default stadium),False,0,0.0,0,0,0,4,A
1693,2021-01-03,Newcastle United,Leicester City,Premier League,Premier League,1480.8467055155381,1549.4437638832046,4.0,6.0,0.2,1.0,1.8,0.4,1.6,1.0,0.4,-1.6,5,263.6083592563879,Newcastle United (default stadium),False,0,0.0,0,0,1,2,A
1694,2021-01-03,Chelsea,Manchester City,Premier League,Premier League,1574.9183706806987,1663.7462993022266,6.0,8.0,0.2,1.2,1.4,0.6,1.2,0.2,0.4,-1.0,5,260.84692450845216,Chelsea (default stadium),False,0,0.0,0,0,1,3,A
1695,2021-01-04,Southampton,Liverpool,Premier League,Premier League,1537.9318277878951,1700.734779723377,6.0,5.0,0.2,0.8,0.4,0.4,2.2,0.6,0.0,-2.4,5,5410.461987095733,Southampton (default stadium),False,0,0.0,0,0,1,0,H
1696,2021-01-12,Sheffield United,Newcastle United,Premier League,Premier League,1395.7345406550533,1470.8063258288946,10.0,9.0,0.0,0.6,1.6,0.0,0.8,2.0,0.0,-2.5,2,174.8266025761931,Sheffield United (default stadium),False,0,0.0,0,0,1,0,H
1697,2021-01-12,Burnley,Manchester United,Premier League,Premier League,1498.0791351331704,1630.4142445054479,14.0,11.0,0.6,0.8,0.4,0.8,2.8,1.4,0.2,-0.6,5,6363.654979892703,Burnley (default stadium),False,0,0.0,0,0,0,1,A
1698,2021-01-12,Wolverhampton Wanderers,Everton,Premier League,Premier League,1533.8948382220017,1539.0732278413404,10.0,11.0,0.2,1.4,1.6,0.8,1.2,0.4,0.5,1.0,4,9274.580162181222,Wolverhampton Wanderers (default stadium),False,0,0.0,0,0,1,2,A
1699,2021-01-13,Manchester City,Brighton,Premier League,Premier League,1673.2049178058753,1444.428622536636,10.0,11.0,0.6,1.4,0.4,0.0,1.2,1.4,1.0,3.2,5,325.25795184878103,Manchester City (default stadium),False,0,0.0,0,0,1,0,H
1700,2021-01-13,Tottenham Hotspur,Fulham,Premier League,Premier League,1592.572422304002,1407.604334854441,11.0,18.0,0.2,1.2,1.2,0.0,0.4,0.8,1.0,1.5,2,16.0284942511911,Tottenham Hotspur (default stadium),False,0,0.0,0,0,1,1,D
1701,2021-01-14,Arsenal,Crystal Palace,Premier League,Premier League,1535.5377989864928,1469.012217121188,12.0,12.0,0.6,2.0,0.8,0.2,0.8,2.4,0.2,0.4,5,15.34028105594792,Arsenal (default stadium),False,0,0.0,0,0,0,0,D
1702,2021-01-16,Wolverhampton Wanderers,West Bromwich Albion,Premier League,Premier League,1522.0504729479464,1385.535055621992,4.0,14.0,0.0,1.2,1.8,0.0,0.4,2.8,0.5,0.0,0,9222.455981749623,Wolverhampton Wanderers (default stadium),False,0,0.0,0,0,2,3,A
1703,2021-01-16,Leeds,Brighton,Premier League,Premier League,1504.4126249096687,1441.3909277531918,14.0,3.0,0.6,2.6,2.2,0.0,1.2,1.6,0.5,0.0,0,339.6744939084154,Leeds (default stadium),False,0,0.0,0,0,0,1,A
1704,2021-01-16,West Ham United,Burnley,Premier League,Premier League,1514.225050089213,1489.8542774567127,15.0,4.0,0.2,0.8,1.2,0.4,0.6,0.6,0.2,-1.4,5,6562.099962977977,West Ham United (default stadium),False,0,0.0,0,0,1,0,H
1705,2021-01-16,Fulham,Chelsea,Premier League,Premier League,1413.8585292797213,1565.45975217705,3.0,13.0,0.0,0.6,0.6,0.2,1.4,1.8,0.0,-1.5,2,0.13381917032718865,Fulham (default stadium),False,0,0.0,0,0,0,1,A
1706,2021-01-16,Leicester City,Southampton,Premier League,Premier League,1559.4841435698481,1550.5411489909009,13.0,12.0,0.4,1.4,1.2,0.2,0.4,0.4,0.4,1.6,5,191.4130852325117,Leicester City (default stadium),False,0,0.0,0,0,2,0,H
1707,2021-01-17,Sheffield United,Tottenham Hotspur,Premier League,Premier League,1405.8805079986025,1586.3182278787217,5.0,4.0,0.2,0.4,1.0,0.2,1.2,1.2,0.5,1.0,2,222.40706229422355,Sheffield United (default stadium),False,0,0.0,0,0,1,3,A
1708,2021-01-17,Liverpool,Manchester United,Premier League,Premier League,1688.1254585203712,1638.6391021819054,13.0,5.0,0.4,2.0,0.6,0.8,2.4,1.0,0.4,0.6,5,5387.234837982907,Liverpool (default stadium),True,0,0.0,0,0,0,0,D
1709,2021-01-17,Manchester City,Crystal Palace,Premier League,Premier League,1676.2426125893196,1472.7512422254595,4.0,3.0,0.8,1.6,0.4,0.2,0.6,2.2,0.4,0.6,5,271.155957712397,Manchester City (default stadium),False,0,0.0,0,0,4,0,H
1710,2021-01-18,Arsenal,Newcastle United,Premier League,Premier League,1531.7987738822214,1460.6603584853453,4.0,6.0,0.6,1.8,0.6,0.0,0.4,1.2,0.8,1.4,5,392.7352980316752,Arsenal (default stadium),False,0,0.0,0,0,3,0,H
1711,2021-01-19,West Ham United,West Bromwich Albion,Premier League,Premier League,1521.573725517861,1400.865577079614,3.0,3.0,0.4,0.8,1.0,0.2,0.8,3.0,0.4,0.4,5,174.57015283848514,West Ham United (default stadium),False,0,0.0,0,0,2,1,H
1712,2021-01-19,Leicester City,Chelsea,Premier League,Premier League,1567.2502923701718,1573.1533343738517,3.0,3.0,0.6,1.8,0.8,0.4,1.4,1.4,0.2,0.2,5,142.36087796503557,Leicester City (default stadium),False,0,0.0,0,0,2,0,H
1713,2021-01-20,Manchester City,Aston Villa,Premier League,Premier League,1679.6745758038949,1479.9545416650901,3.0,19.0,1.0,2.2,0.2,0.4,1.6,0.6,0.75,3.0,4,110.34451123028889,Manchester City (default stadium),False,0,0.0,0,0,2,0,H
1714,2021-01-20,Fulham,Manchester United,Premier League,Premier League,1406.1649470829195,1641.948732640352,4.0,3.0,0.0,0.4,0.6,0.6,1.2,0.6,0.0,-3.0,2,260.720495981881,Fulham (default stadium),False,0,0.0,0,0,1,2,A
1715,2021-01-21,Liverpool,Burnley,Premier League,Premier League,1684.8158280619245,1482.5056020280647,4.0,5.0,0.2,1.6,0.4,0.4,0.6,0.8,0.8,1.6,5,11263.441847487935,Liverpool (default stadium),False,0,0.0,0,0,0,1,A
1716,2021-01-23,Aston Villa,Newcastle United,Premier League,Premier League,1476.4604164726734,1454.513019440505,3.0,5.0,0.4,1.6,1.0,0.0,0.2,1.6,0.25,0.5,4,275.3185930085947,Aston Villa (default stadium),False,0,0.0,0,0,2,0,H
1717,2021-01-26,Crystal Palace,West Ham United,Premier League,Premier League,1469.3192790108842,1526.5767559025458,9.0,7.0,0.2,0.6,1.6,0.6,1.2,0.6,0.4,0.2,5,13.663891147783643,Crystal Palace (default stadium),False,0,0.0,0,0,2,3,A
1718,2021-01-26,Newcastle United,Leeds,Premier League,Premier League,1447.0993776826438,1490.7606759806008,3.0,10.0,0.0,0.2,1.6,0.4,1.6,2.0,0.0,-3.0,1,133.43902338537998,Newcastle United (default stadium),False,0,0.0,0,0,1,2,A
1719,2021-01-26,Southampton,Arsenal,Premier League,Premier League,1542.7750001905772,1537.9461129270617,10.0,8.0,0.2,0.2,0.6,0.8,2.2,0.2,0.2,-0.6,5,114.81248103375616,Southampton (default stadium),False,0,0.0,0,0,1,3,A
1720,2021-01-26,West Bromwich Albion,Manchester City,Premier League,Premier League,1395.8625466949293,1683.1687009963116,7.0,6.0,0.2,1.0,2.8,1.0,2.4,0.2,0.0,-2.0,5,103.87357381667516,West Bromwich Albion (default stadium),False,0,0.0,0,0,0,5,A
1721,2021-01-27,Burnley,Aston Villa,Premier League,Premier League,1499.0542651622268,1483.8740582305347,6.0,4.0,0.4,0.4,0.6,0.4,1.4,1.0,0.0,-0.3333333333333333,3,6410.2146983505845,Burnley (default stadium),False,0,0.0,0,0,3,2,H
1722,2021-01-27,Chelsea,Wolverhampton Wanderers,Premier League,Premier League,1564.9775442464193,1506.7199514903243,8.0,11.0,0.2,0.8,1.8,0.0,1.4,2.0,0.4,0.6,5,9061.62140506431,Chelsea (default stadium),False,0,0.0,0,0,0,0,D
1723,2021-01-27,Brighton,Fulham,Premier League,Premier League,1455.0428766822597,1400.6046426237742,11.0,7.0,0.2,1.2,1.4,0.0,0.6,1.0,0.0,-0.6666666666666666,3,69.48390935697866,Brighton (default stadium),False,0,0.0,0,0,0,0,D
1724,2021-01-27,Everton,Leicester City,Premier League,Premier League,1550.9175931153957,1575.4260824976043,15.0,8.0,0.8,1.4,0.6,0.6,1.8,0.8,0.6,0.4,5,11692.657159990456,Everton (default stadium),False,0,0.0,0,0,1,1,D
1725,2021-01-27,Manchester United,Sheffield United,Premier League,Premier League,1647.5090370994974,1398.9562624894966,7.0,10.0,0.8,1.2,0.4,0.2,0.4,1.4,0.6666666666666666,1.3333333333333333,3,47.66972606116785,Manchester United (default stadium),False,0,0.0,0,0,1,2,A
1726,2021-01-28,Tottenham Hotspur,Liverpool,Premier League,Premier League,1593.2424733878277,1668.2671649277625,11.0,7.0,0.4,1.6,1.0,0.0,0.2,0.6,0.0,-1.0,5,5300.810896107908,Tottenham Hotspur (default stadium),False,0,0.0,0,0,1,3,A
1727,2021-01-30,Everton,Newcastle United,Premier League,Premier League,1549.6156737328681,1436.3427378199658,3.0,4.0,0.6,1.2,0.8,0.0,0.4,2.0,0.2,-0.2,5,11820.07394279188,Everton (default stadium),False,0,0.0,0,0,0,2,A
1728,2021-01-30,Crystal Palace,Wolverhampton Wanderers,Premier League,Premier League,1458.952684071053,1510.2524755072695,4.0,3.0,0.2,1.0,1.6,0.0,1.2,1.8,0.2,-0.6,5,9051.721081889698,Crystal Palace (default stadium),False,0,0.0,0,0,1,0,H
1729,2021-01-30,Manchester City,Sheffield United,Premier League,Premier League,1687.6195375245127,1416.200389072358,4.0,3.0,1.0,3.0,0.2,0.4,0.8,1.4,1.0,1.3333333333333333,3,47.66972606116785,Manchester City (default stadium),False,0,0.0,0,0,1,0,H
1730,2021-01-30,West Bromwich Albion,Fulham,Premier League,Premier League,1391.4117101667282,1404.0405833499774,4.0,3.0,0.2,0.8,3.6,0.0,0.4,0.8,0.0,-2.0,1,169.90700694547965,West Bromwich Albion (default stadium),False,0,0.0,0,0,2,2,D
1731,2021-01-30,Arsenal,Manchester United,Premier League,Premier League,1550.0671664441495,1630.264910516636,4.0,3.0,0.8,2.2,0.2,0.6,1.2,0.8,0.6,1.0,5,256.9000111017041,Arsenal (default stadium),False,0,0.0,0,0,0,0,D
1732,2021-01-30,Southampton,Aston Villa,Premier League,Premier League,1530.6539466734894,1476.277773109111,4.0,3.0,0.2,0.4,1.0,0.2,1.2,1.6,0.8,1.4,5,181.49627866409335,Southampton (default stadium),False,0,0.0,0,0,0,1,A
1733,2021-01-31,Chelsea,Burnley,Premier League,Premier League,1561.445020229474,1506.6505502836505,4.0,4.0,0.2,0.6,1.2,0.6,1.0,0.8,0.8,2.4,5,6552.140911877313,Chelsea (default stadium),False,0,0.0,0,0,2,0,H
1734,2021-01-31,Leicester City,Leeds,Premier League,Premier League,1576.7280018801318,1501.5173158432788,4.0,5.0,0.6,1.6,0.6,0.6,1.6,1.0,1.0,3.0,1,131.84972848212365,Leicester City (default stadium),False,0,0.0,0,0,1,3,A
1735,2021-01-31,West Ham United,Liverpool,Premier League,Premier League,1536.943350842377,1678.1225527618274,5.0,3.0,0.8,1.4,0.6,0.2,0.6,0.6,0.0,-1.6,5,5299.298724106387,West Ham United (default stadium),False,0,0.0,0,0,1,3,A
1736,2021-01-31,Brighton,Tottenham Hotspur,Premier League,Premier League,1451.6069359560565,1583.3870855537627,4.0,3.0,0.2,0.8,1.0,0.4,1.8,1.2,0.2,-0.2,5,82.58337268155316,Brighton (default stadium),False,0,0.0,0,0,1,0,H
1737,2021-02-02,Sheffield United,West Bromwich Albion,Premier League,Premier League,1413.7426404618252,1389.7752829469875,3.0,3.0,0.4,0.8,1.4,0.2,1.2,3.0,0.0,-1.0,1,98.8490022272489,Sheffield United (default stadium),False,0,0.0,0,0,2,1,H
1738,2021-02-02,Wolverhampton Wanderers,Arsenal,Premier League,Premier League,1500.7901916264398,1550.360596853258,3.0,3.0,0.0,1.2,1.8,0.6,2.0,0.2,0.4,0.2,5,9066.534594608813,Wolverhampton Wanderers (default stadium),False,0,0.0,0,0,2,1,H
1739,2021-02-02,Manchester United,Southampton,Premier League,Premier League,1629.9714801075277,1517.2195814100926,3.0,3.0,0.4,0.8,0.6,0.2,0.4,1.2,0.4,0.4,5,291.8406815664775,Manchester United (default stadium),False,0,0.0,0,0,9,0,H
1740,2021-02-02,Newcastle United,Crystal Palace,Premier League,Premier League,1451.177430075029,1468.4149679518828,3.0,3.0,0.2,0.6,1.6,0.4,1.0,1.4,0.4,0.2,5,408.04977898274933,Newcastle United (default stadium),False,0,0.0,0,0,1,2,A
1741,2021-02-03,Burnley,Manchester City,Premier League,Premier League,1500.0955306432406,1690.0772861350454,3.0,4.0,0.4,0.8,1.2,1.0,2.6,0.0,0.0,-3.8,5,6363.654979892703,Burnley (default stadium),False,0,0.0,0,0,0,2,A
1742,2021-02-03,Fulham,Leicester City,Premier League,Premier League,1405.677010569718,1562.7759821591337,4.0,3.0,0.0,0.8,1.2,0.6,1.6,1.0,0.3333333333333333,-0.3333333333333333,3,142.2318025220516,Fulham (default stadium),False,0,0.0,0,0,0,2,A
1743,2021-02-03,Leeds,Everton,Premier League,Premier League,1515.469335564277,1534.780981477805,3.0,4.0,0.6,2.0,1.2,0.4,0.8,1.0,1.0,1.0,1,11743.222850617241,Leeds (default stadium),False,0,0.0,0,0,1,2,A
1744,2021-02-03,Aston Villa,West Ham United,Premier League,Premier League,1489.7121383725078,1528.963863553634,4.0,3.0,0.4,1.2,1.4,0.8,1.6,1.2,0.0,-0.6,5,167.45755533416937,Aston Villa (default stadium),False,0,0.0,0,0,1,3,A
1745,2021-02-03,Liverpool,Brighton,Premier League,Premier League,1686.1020400505704,1463.366604209745,3.0,3.0,0.4,1.2,0.8,0.4,1.0,0.8,0.8,1.0,5,5323.625304961785,Liverpool (default stadium),False,0,0.0,0,0,0,1,A
1746,2021-02-04,Tottenham Hotspur,Chelsea,Premier League,Premier League,1571.6274173000743,1568.000039869884,4.0,4.0,0.4,1.6,1.2,0.4,0.8,1.0,0.2,-0.6,5,16.124829392275434,Tottenham Hotspur (default stadium),True,0,0.0,0,0,0,1,A
1747,2021-02-06,Aston Villa,Arsenal,Premier League,Premier League,1478.8294352306798,1540.94793109769,3.0,4.0,0.4,1.2,1.6,0.4,1.4,0.6,0.4,-0.6,5,161.3294461687896,Aston Villa (default stadium),False,0,0.0,0,0,1,0,H
1748,2021-02-06,Burnley,Brighton,Premier League,Premier League,1493.4178519855986,1480.2382321405214,3.0,3.0,0.4,0.8,1.4,0.6,0.6,0.2,0.4,0.4,5,6578.701185693557,Burnley (default stadium),False,0,0.0,0,0,1,1,D
1749,2021-02-06,Newcastle United,Southampton,Premier League,Premier League,1439.6703719466702,1512.0427740353718,4.0,4.0,0.2,0.8,1.8,0.2,0.4,3.0,0.6,0.4,5,452.9404186033056,Newcastle United (default stadium),False,0,0.0,0,0,3,2,H
1750,2021-02-06,Fulham,West Ham United,Premier League,Premier League,1398.1326915210097,1539.846566695462,3.0,3.0,0.0,0.6,1.4,0.8,2.0,1.4,0.0,-1.6666666666666667,3,13.622670450459998,Fulham (default stadium),False,0,0.0,0,0,0,0,D
1751,2021-02-06,Manchester United,Everton,Premier League,Premier League,1635.1482874822484,1546.229646003299,4.0,3.0,0.4,2.4,0.6,0.4,1.0,1.2,0.4,-0.2,5,11690.468746176242,Manchester United (default stadium),False,0,0.0,0,0,3,3,D
1752,2021-02-07,Tottenham Hotspur,West Bromwich Albion,Premier League,Premier League,1559.5394143179278,1382.4158091917568,3.0,5.0,0.2,1.0,1.4,0.2,1.4,2.6,0.4,0.8,5,167.03808994677587,Tottenham Hotspur (default stadium),False,0,0.0,0,0,2,0,H
1753,2021-02-07,Wolverhampton Wanderers,Leicester City,Premier League,Premier League,1510.2028573820078,1570.320301207842,5.0,4.0,0.2,1.0,1.4,0.6,1.6,0.8,0.2,-0.4,5,9203.941453824911,Wolverhampton Wanderers (default stadium),False,0,0.0,0,0,0,0,D
1754,2021-02-07,Liverpool,Manchester City,Premier League,Premier League,1669.230412119794,1696.7549647926874,4.0,4.0,0.4,1.2,0.8,1.0,2.8,0.0,0.2,-0.6,5,5387.234837982907,Liverpool (default stadium),False,0,0.0,0,0,1,4,A
1755,2021-02-07,Sheffield United,Chelsea,Premier League,Premier League,1421.102114217056,1580.0880428520304,5.0,3.0,0.6,1.2,1.2,0.6,0.8,0.4,0.3333333333333333,0.0,3,231.46623209780716,Sheffield United (default stadium),False,0,0.0,0,0,1,2,A
1756,2021-02-08,Leeds,Crystal Palace,Premier League,Premier League,1504.020671038783,1479.9220260802415,5.0,6.0,0.4,1.2,1.6,0.4,1.0,1.6,0.0,-3.0,1,281.22737753799595,Leeds (default stadium),False,0,0.0,0,0,2,0,H
1757,2021-02-13,Leicester City,Liverpool,Premier League,Premier League,1570.6046673521776,1658.0139250132029,6.0,6.0,0.4,1.2,0.8,0.4,1.4,1.6,0.0,-1.8,5,5343.065862682322,Leicester City (default stadium),False,0,0.0,0,0,3,1,H
1758,2021-02-13,Crystal Palace,Burnley,Premier League,Premier League,1472.5660672613,1491.0684662569597,5.0,7.0,0.4,1.0,2.0,0.4,1.0,1.4,0.6,0.8,5,6562.201316773521,Crystal Palace (default stadium),False,0,0.0,0,0,0,3,A
1759,2021-02-13,Manchester City,Tottenham Hotspur,Premier League,Premier League,1707.9714518992785,1563.424632532926,6.0,6.0,1.0,2.8,0.2,0.4,1.2,1.2,0.4,-0.4,5,253.91120185713115,Manchester City (default stadium),False,0,0.0,0,0,3,0,H
1760,2021-02-13,Brighton,Aston Villa,Premier League,Premier League,1482.5876178691603,1488.6026262105504,7.0,7.0,0.6,0.8,0.2,0.6,1.4,1.2,0.3333333333333333,0.0,3,221.3083143577021,Brighton (default stadium),False,0,0.0,0,0,0,0,D
1761,2021-02-14,Southampton,Wolverhampton Wanderers,Premier League,Premier League,1501.9744918755591,1509.9184912376722,8.0,7.0,0.0,0.6,3.6,0.2,0.8,1.0,0.2,-0.2,5,9040.708255581369,Southampton (default stadium),False,0,0.0,0,0,1,2,A
1762,2021-02-14,West Bromwich Albion,Manchester United,Premier League,Premier League,1378.5305909767587,1630.8686220328673,7.0,8.0,0.0,0.8,2.6,0.4,3.0,1.2,0.2,-0.6,5,103.87357381667516,West Bromwich Albion (default stadium),False,0,0.0,0,0,1,1,D
1763,2021-02-14,Arsenal,Leeds,Premier League,Premier League,1531.1747401178193,1511.3766298577243,8.0,6.0,0.4,1.4,0.8,0.6,1.6,1.0,0.0,0.0,1,266.1477715120681,Arsenal (default stadium),False,0,0.0,0,0,4,2,H
1764,2021-02-14,Everton,Fulham,Premier League,Premier League,1550.50931145268,1400.1679605086422,8.0,8.0,0.4,1.6,1.6,0.0,0.6,1.2,0.6666666666666666,0.6666666666666666,3,11673.70209285392,Everton (default stadium),False,0,0.0,0,0,0,2,A
1765,2021-02-15,West Ham United,Sheffield United,Premier League,Premier League,1537.8112977078295,1413.6087625283303,9.0,8.0,0.6,1.8,1.4,0.4,1.2,1.6,0.3333333333333333,0.0,3,230.6286601084905,West Ham United (default stadium),False,0,0.0,0,0,3,0,H
1766,2021-02-15,Chelsea,Newcastle United,Premier League,Premier League,1587.581394540756,1449.738654106483,8.0,9.0,0.6,1.0,0.6,0.4,1.4,1.6,0.8,0.8,5,399.367741301676,Chelsea (default stadium),False,0,0.0,0,0,2,0,H
1767,2021-02-17,Burnley,Fulham,Premier League,Premier League,1502.5399262355268,1415.7772898156286,4.0,3.0,0.4,1.4,1.4,0.2,0.8,0.8,0.5,-0.5,2,6552.0788285457975,Burnley (default stadium),False,0,0.0,0,0,1,1,D
1768,2021-02-17,Everton,Manchester City,Premier League,Premier League,1534.8999821456937,1712.4774946272948,3.0,4.0,0.2,1.2,1.8,1.0,3.0,0.2,0.0,-1.8,5,11690.468746176242,Everton (default stadium),False,0,0.0,0,0,1,3,A
1769,2021-02-19,Wolverhampton Wanderers,Leeds,Premier League,Premier League,1521.6858522008406,1503.9051729556293,5.0,5.0,0.4,0.8,0.6,0.6,2.0,1.6,1.0,1.0,1,9331.978556268221,Wolverhampton Wanderers (default stadium),False,0,0.0,0,0,1,0,H
1770,2021-02-20,Southampton,Chelsea,Premier League,Premier League,1490.2071309123908,1592.2235806632755,6.0,5.0,0.0,0.8,3.6,0.8,1.4,0.2,0.2,-0.8,5,105.31037742874952,Southampton (default stadium),False,0,0.0,0,0,1,1,D
1771,2021-02-20,Burnley,West Bromwich Albion,Premier League,Premier League,1498.3110842494732,1383.3446374099537,3.0,6.0,0.2,1.0,1.2,0.0,0.8,2.4,0.2,-0.8,5,6404.481396239543,Burnley (default stadium),False,0,0.0,0,0,0,0,D
1772,2021-02-20,Liverpool,Everton,Premier League,Premier League,1647.5132652470957,1527.901013745971,7.0,3.0,0.4,1.6,2.0,0.2,1.2,2.2,0.4,0.8,5,16451.58764038487,Liverpool (default stadium),True,0,0.0,0,0,0,2,A
1773,2021-02-20,Fulham,Sheffield United,Premier League,Premier League,1420.0061318016822,1408.6808151322107,3.0,5.0,0.2,1.0,1.0,0.4,1.0,1.6,0.0,0.0,1,231.3345967658948,Fulham (default stadium),False,0,0.0,0,0,1,0,H
1774,2021-02-21,West Ham United,Tottenham Hotspur,Premier League,Premier League,1542.739245103949,1558.9185898049095,6.0,8.0,0.6,2.0,1.2,0.2,0.6,1.6,0.2,-0.6,5,8.221735834635023,West Ham United (default stadium),False,0,0.0,0,0,2,1,H
1775,2021-02-21,Aston Villa,Leicester City,Premier League,Premier League,1490.42372049129,1581.1053271182848,8.0,8.0,0.4,1.0,1.2,0.4,1.4,1.0,0.2,-1.4,5,51.70216611005376,Aston Villa (default stadium),False,0,0.0,0,0,1,2,A
1776,2021-02-21,Arsenal,Manchester City,Premier League,Premier League,1538.6461970199143,1719.4764630270174,7.0,4.0,0.4,1.6,1.2,1.0,2.6,0.4,0.0,-2.2,5,256.9000111017041,Arsenal (default stadium),False,0,0.0,0,0,0,1,A
1777,2021-02-21,Manchester United,Newcastle United,Premier League,Premier League,1626.0545755996723,1445.0964679839635,7.0,6.0,0.2,2.8,1.2,0.4,1.4,1.6,0.8,1.6,5,171.2592358971847,Manchester United (default stadium),False,0,0.0,0,0,3,1,H
1778,2021-02-22,Brighton,Crystal Palace,Premier League,Premier League,1480.7665235884208,1461.094607282733,9.0,9.0,0.4,0.6,0.2,0.4,1.0,1.8,0.4,0.4,5,62.01282292846458,Brighton (default stadium),False,0,0.0,0,0,1,2,A
1779,2021-02-23,Leeds,Southampton,Premier League,Premier League,1496.379282901023,1491.126038834059,4.0,3.0,0.4,1.6,1.6,0.0,0.8,3.2,0.5,0.0,0,319.5889144563855,Leeds (default stadium),False,0,0.0,0,0,3,0,H
1780,2021-02-27,Manchester City,West Ham United,Premier League,Premier League,1726.3904825656648,1551.2024352283715,6.0,6.0,1.0,2.6,0.4,0.6,1.8,1.0,0.8,2.4,5,262.0495522571908,Manchester City (default stadium),False,0,0.0,0,0,2,1,H
1781,2021-02-27,West Bromwich Albion,Brighton,Premier League,Premier League,1388.2165913740153,1468.2413807337632,7.0,5.0,0.0,0.8,1.4,0.4,0.8,0.6,0.3333333333333333,0.0,3,228.59434467262278,West Bromwich Albion (default stadium),False,0,0.0,0,0,1,0,H
1782,2021-02-27,Leeds,Aston Villa,Premier League,Premier League,1504.2465679306038,1481.018282889013,4.0,6.0,0.4,1.6,1.4,0.4,0.8,1.0,1.0,3.0,1,142.61128348620935,Leeds (default stadium),False,0,0.0,0,0,0,1,A
1783,2021-02-27,Newcastle United,Wolverhampton Wanderers,Premier League,Premier League,1441.2798832471694,1529.2117422554468,6.0,8.0,0.4,1.4,1.8,0.6,1.0,0.6,0.0,-0.2,5,9451.217353997563,Newcastle United (default stadium),False,0,0.0,0,0,1,1,D
1784,2021-02-28,Crystal Palace,Fulham,Premier League,Premier League,1473.6197501373906,1427.7072341556836,6.0,8.0,0.6,1.0,1.4,0.4,0.8,0.6,1.0,1.6666666666666667,3,11.049065852200664,Crystal Palace (default stadium),False,0,0.0,0,0,0,0,D
1785,2021-02-28,Leicester City,Arsenal,Premier League,Premier League,1590.5107647205616,1531.732177481267,7.0,7.0,0.6,1.6,1.0,0.2,1.0,1.2,0.6,0.8,5,137.93652464122155,Leicester City (default stadium),False,0,0.0,0,0,1,3,A
1786,2021-02-28,Tottenham Hotspur,Burnley,Premier League,Premier League,1550.455399680487,1493.4391302854117,7.0,8.0,0.2,0.6,1.4,0.2,1.0,0.8,0.6,1.2,5,6556.63679428139,Tottenham Hotspur (default stadium),False,0,0.0,0,0,4,0,H
1787,2021-02-28,Chelsea,Manchester United,Premier League,Premier League,1591.3046727416072,1629.8711603364663,8.0,7.0,0.8,1.6,0.4,0.4,3.2,1.0,0.0,-1.2,5,260.84692450845216,Chelsea (default stadium),False,0,0.0,0,0,0,0,D
1788,2021-02-28,Sheffield United,Liverpool,Premier League,Premier League,1400.9797127782092,1632.5399993068288,8.0,8.0,0.2,0.6,1.6,0.2,1.0,2.2,0.0,-1.3333333333333333,3,5343.9474638368165,Sheffield United (default stadium),False,0,0.0,0,0,0,2,A
1789,2021-03-01,Everton,Southampton,Premier League,Premier League,1542.874279686238,1483.2587538044784,9.0,6.0,0.4,1.6,1.8,0.0,0.8,3.6,0.4,-0.2,5,11568.424076531252,Everton (default stadium),False,0,0.0,0,0,1,0,H
1790,2021-03-02,Manchester City,Wolverhampton Wanderers,Premier League,Premier League,1730.3106992576504,1528.69607965808,3.0,3.0,1.0,2.6,0.6,0.6,1.2,0.6,0.4,0.4,5,9321.398073694803,Manchester City (default stadium),False,0,0.0,0,0,4,1,H
1791,2021-03-03,Burnley,Leicester City,Premier League,Premier League,1486.940345180779,1576.9651234734285,3.0,3.0,0.2,1.0,1.2,0.6,1.6,1.0,0.2,-0.6,5,6455.690567406472,Burnley (default stadium),False,0,0.0,0,0,1,1,D
1792,2021-03-03,Sheffield United,Aston Villa,Premier League,Premier League,1395.3212824693892,1493.6390090056739,3.0,4.0,0.2,0.6,1.8,0.4,0.8,1.0,0.3333333333333333,0.3333333333333333,3,103.16089059657074,Sheffield United (default stadium),False,0,0.0,0,0,1,0,H
1793,2021-03-03,Crystal Palace,Manchester United,Premier League,Premier League,1470.4020254152917,1630.7734290973035,3.0,3.0,0.4,0.8,1.4,0.4,3.2,1.0,0.4,-0.2,5,271.155957712397,Crystal Palace (default stadium),False,0,0.0,0,0,0,0,D
1794,2021-03-04,Fulham,Tottenham Hotspur,Premier League,Premier League,1430.9249588777825,1556.9541847851197,4.0,4.0,0.4,0.8,0.2,0.4,1.4,1.2,0.0,-1.0,3,16.0284942511911,Fulham (default stadium),False,0,0.0,0,0,0,1,A
1795,2021-03-04,West Bromwich Albion,Everton,Premier League,Premier League,1398.5050479602496,1549.3075957918127,5.0,3.0,0.2,0.6,1.0,0.4,1.4,1.6,0.0,-1.4,5,11644.311554609854,West Bromwich Albion (default stadium),False,0,0.0,0,0,0,1,A
1796,2021-03-04,Liverpool,Chelsea,Premier League,Premier League,1638.1984296156488,1590.40240398077,4.0,4.0,0.2,0.8,2.0,0.6,1.2,0.4,0.8,1.4,5,5312.655647759373,Liverpool (default stadium),False,0,0.0,0,0,0,1,A
1797,2021-03-06,Burnley,Arsenal,Premier League,Premier League,1487.5160672742668,1545.2778187284,3.0,6.0,0.2,1.0,1.2,0.4,1.6,1.4,0.2,-0.8,5,6555.361279391892,Burnley (default stadium),False,0,0.0,0,0,1,1,D
1798,2021-03-06,Sheffield United,Southampton,Premier League,Premier League,1406.134532131709,1476.8254376989037,3.0,5.0,0.2,0.4,1.6,0.0,0.8,2.0,0.0,-2.0,3,278.1138677880102,Sheffield United (default stadium),False,0,0.0,0,0,0,2,A
1799,2021-03-06,Aston Villa,Wolverhampton Wanderers,Premier League,Premier League,1482.825759343354,1525.2332927058817,3.0,4.0,0.4,0.6,0.6,0.4,1.0,1.2,0.3333333333333333,-0.3333333333333333,3,9215.28796067954,Aston Villa (default stadium),False,0,0.0,0,0,0,0,D
1800,2021-03-06,Brighton,Leicester City,Premier League,Premier League,1457.9529241475288,1576.3894013799409,7.0,3.0,0.2,0.6,0.8,0.4,1.4,1.2,0.0,-1.2,5,208.7110806263465,Brighton (default stadium),False,0,0.0,0,0,1,2,A
1801,2021-03-07,West Bromwich Albion,Newcastle United,Premier League,Premier League,1390.7896893859381,1441.7955458445363,3.0,8.0,0.2,0.4,0.8,0.2,1.2,2.0,0.4,0.0,5,269.9204995926814,West Bromwich Albion (default stadium),False,0,0.0,0,0,0,0,D
1802,2021-03-07,Liverpool,Fulham,Premier League,Premier League,1624.9321911817713,1422.5237737826387,3.0,3.0,0.2,0.8,2.0,0.4,0.8,0.4,0.6666666666666666,1.0,3,5312.6474190647505,Liverpool (default stadium),False,0,0.0,0,0,0,1,A
1803,2021-03-07,Manchester City,Manchester United,Premier League,Premier League,1733.7734862098487,1628.2294467219597,5.0,4.0,1.0,2.6,0.6,0.2,1.4,1.0,0.4,0.2,5,0.0,Manchester City (default stadium),True,0,0.0,0,0,0,2,A
1804,2021-03-07,Tottenham Hotspur,Crystal Palace,Premier League,Premier League,1565.3553698802634,1472.9460077906356,3.0,4.0,0.6,1.6,1.0,0.2,0.4,1.2,0.6,1.4,5,20.57108758153193,Tottenham Hotspur (default stadium),False,0,0.0,0,0,4,1,H
1805,2021-03-08,Chelsea,Everton,Premier League,Premier League,1603.6686424146476,1557.0229543661242,4.0,4.0,0.6,1.2,0.4,0.6,1.0,1.0,0.2,-0.2,5,11673.649510171086,Chelsea (default stadium),False,0,0.0,0,0,2,0,H
1806,2021-03-08,West Ham United,Leeds,Premier League,Premier League,1547.282218536386,1491.625841813943,9.0,9.0,0.6,1.8,0.8,0.4,1.4,1.2,1.0,1.0,1,270.3424531113237,West Ham United (default stadium),False,0,0.0,0,0,2,0,H
1807,2021-03-10,Manchester City,Southampton,Premier League,Premier League,1719.1110766574761,1486.8055518643703,3.0,4.0,0.8,2.0,1.0,0.2,0.8,1.4,0.8,1.6,5,291.8406815664775,Manchester City (default stadium),False,0,0.0,0,0,5,2,H
1808,2021-03-12,Newcastle United,Aston Villa,Premier League,Premier League,1442.3416972451828,1482.0332497699337,5.0,6.0,0.2,1.0,1.6,0.2,0.4,0.6,0.0,-0.8,5,275.3185930085947,Newcastle United (default stadium),False,0,0.0,0,0,1,1,D
1809,2021-03-13,Leeds,Chelsea,Premier League,Premier League,1485.0926669838657,1610.4320130578208,5.0,5.0,0.2,1.0,1.6,0.6,1.2,0.2,0.0,-2.0,1,271.805200718174,Leeds (default stadium),False,0,0.0,0,0,0,0,D
1810,2021-03-13,Crystal Palace,West Bromwich Albion,Premier League,Premier League,1467.3073883401305,1390.2435379852916,6.0,6.0,0.2,0.6,1.6,0.2,0.4,0.4,0.6,1.4,5,180.90264463990698,Crystal Palace (default stadium),False,0,0.0,0,0,1,0,H
1811,2021-03-13,Everton,Burnley,Premier League,Premier League,1550.259583722951,1487.1639677782769,5.0,7.0,0.6,1.0,1.0,0.0,0.6,1.4,0.6,1.2,5,7457.166496435577,Everton (default stadium),False,0,0.0,0,0,1,2,A
1812,2021-03-13,Fulham,Manchester City,Premier League,Premier League,1439.0740507880485,1722.0968006716048,6.0,3.0,0.4,0.6,0.4,0.8,2.4,1.2,0.0,-2.3333333333333335,3,260.720495981881,Fulham (default stadium),False,0,0.0,0,0,0,3,A
1813,2021-03-14,Southampton,Brighton,Premier League,Premier League,1483.8198278502416,1449.3380759118088,4.0,8.0,0.2,1.0,2.0,0.0,0.6,1.2,0.6,0.8,5,91.83331837808883,Southampton (default stadium),False,0,0.0,0,0,1,2,A
1814,2021-03-14,Leicester City,Sheffield United,Premier League,Premier League,1585.004249615661,1396.1544179662424,8.0,8.0,0.6,1.8,1.4,0.2,0.2,1.6,1.0,1.3333333333333333,3,90.46382702133843,Leicester City (default stadium),False,0,0.0,0,0,5,0,H
1815,2021-03-14,Arsenal,Tottenham Hotspur,Premier League,Premier League,1545.62991822439,1570.9939893307685,8.0,7.0,0.4,1.6,1.2,0.6,2.0,1.2,0.2,-0.2,5,6.203038582804336,Arsenal (default stadium),True,0,0.0,0,0,2,1,H
1816,2021-03-14,Manchester United,West Ham United,Premier League,Premier League,1642.8918562743322,1553.8153933664632,7.0,6.0,0.4,1.2,0.4,0.6,1.6,0.6,0.4,-0.2,5,262.0495522571908,Manchester United (default stadium),False,0,0.0,0,0,1,0,H
1817,2021-03-15,Wolverhampton Wanderers,Liverpool,Premier League,Premier League,1526.025802279302,1608.3819141763615,9.0,8.0,0.4,1.0,1.2,0.2,0.6,1.4,0.0,-2.0,5,8518.872327710977,Wolverhampton Wanderers (default stadium),False,0,0.0,0,0,0,1,A
1818,2021-03-19,Fulham,Leeds,Premier League,Premier League,1434.537308422646,1486.6721270013975,6.0,6.0,0.4,0.4,0.8,0.2,0.6,0.8,0.0,-1.0,1,271.67267991373313,Fulham (default stadium),False,0,0.0,0,0,1,2,A
1819,2021-03-20,Brighton,Newcastle United,Premier League,Premier League,1462.2578139320153,1441.4715561125165,6.0,8.0,0.2,0.8,1.2,0.0,0.6,1.4,0.4,0.8,5,468.342499245935,Brighton (default stadium),False,0,0.0,0,0,3,0,H
1820,2021-03-21,West Ham United,Arsenal,Premier League,Premier League,1548.0987685832836,1554.3522147754013,7.0,7.0,0.6,1.6,0.8,0.6,2.0,1.2,0.2,-1.0,5,6.7390655013334415,West Ham United (default stadium),False,0,0.0,0,0,3,3,D
1821,2021-03-21,Aston Villa,Tottenham Hotspur,Premier League,Premier League,1482.9033909026,1562.2716927797571,9.0,7.0,0.2,0.6,0.8,0.6,2.2,1.0,0.0,-1.75,4,159.95911475155745,Aston Villa (default stadium),False,0,0.0,0,0,0,2,A
1822,2021-04-03,Chelsea,West Bromwich Albion,Premier League,Premier League,1608.852553040289,1384.240470333975,21.0,21.0,0.4,0.8,0.2,0.2,0.2,0.4,0.8,1.8,5,170.0193819377569,Chelsea (default stadium),False,0,0.0,0,0,2,5,A
1823,2021-04-03,Leeds,Sheffield United,Premier League,Premier League,1497.1858755477542,1392.476161754417,15.0,20.0,0.4,1.0,0.8,0.2,0.2,2.0,1.0,1.0,1,41.65803439217467,Leeds (default stadium),False,0,0.0,0,0,2,1,H
1824,2021-04-03,Leicester City,Manchester City,Premier League,Premier League,1588.6825058274862,1726.6335430370073,20.0,21.0,0.6,2.2,1.2,0.8,2.8,1.2,0.4,0.0,5,119.18446031803153,Leicester City (default stadium),False,0,0.0,0,0,0,2,A
1825,2021-04-03,Arsenal,Liverpool,Premier League,Premier League,1556.1666730314128,1618.026426546699,13.0,19.0,0.4,1.8,1.4,0.4,0.6,0.8,0.2,-1.4,5,5305.0330774456925,Arsenal (default stadium),False,0,0.0,0,0,0,3,A
1826,2021-04-04,Southampton,Burnley,Premier League,Premier League,1470.900089830035,1500.8177603716972,21.0,22.0,0.2,1.0,2.2,0.2,0.8,1.4,0.2,-0.6,5,6489.228471942674,Southampton (default stadium),False,0,0.0,0,0,3,2,H
1827,2021-04-04,Newcastle United,Tottenham Hotspur,Premier League,Premier League,1434.0267027848154,1572.002116706575,15.0,14.0,0.0,0.6,1.6,0.8,2.4,0.6,0.2,-0.6,5,388.1243553495561,Newcastle United (default stadium),False,0,0.0,0,0,2,2,D
1828,2021-04-04,Aston Villa,Fulham,Premier League,Premier League,1473.1729669757822,1424.0235598762893,14.0,16.0,0.2,0.4,0.8,0.2,0.4,1.2,1.0,3.0,1,162.69251316462925,Aston Villa (default stadium),False,0,0.0,0,0,3,1,H
1829,2021-04-04,Manchester United,Brighton,Premier League,Premier League,1648.6084810575119,1469.7026672597165,21.0,15.0,0.6,1.2,0.2,0.4,1.4,1.2,0.8,1.2,5,325.25795184878103,Manchester United (default stadium),False,0,0.0,0,0,2,1,H
1830,2021-04-05,Everton,Crystal Palace,Premier League,Premier League,1536.6057911295306,1473.310455991447,23.0,23.0,0.6,1.0,0.8,0.4,0.8,1.0,0.6,1.0,5,11676.66690896838,Everton (default stadium),False,0,0.0,0,0,1,1,D
1831,2021-04-05,Wolverhampton Wanderers,West Ham United,Premier League,Premier League,1516.3812899089646,1546.2843103272721,21.0,15.0,0.2,0.6,1.2,0.4,1.6,1.4,0.8,0.8,5,9062.016054164233,Wolverhampton Wanderers (default stadium),False,0,0.0,0,0,2,3,A
1832,2021-04-09,Fulham,Wolverhampton Wanderers,Premier League,Premier League,1417.3245516908962,1505.2323026986157,5.0,4.0,0.2,0.6,1.8,0.0,0.8,1.8,0.0,-0.6666666666666666,3,9061.751294434785,Fulham (default stadium),False,0,0.0,0,0,0,1,A
1833,2021-04-10,Manchester City,Leeds,Premier League,Premier League,1734.702316235982,1502.5422807083203,7.0,7.0,0.8,2.8,1.0,0.4,0.8,1.0,0.0,0.0,1,52.825149610091614,Manchester City (default stadium),False,0,0.0,0,0,1,2,A
1834,2021-04-10,Liverpool,Aston Villa,Premier League,Premier League,1628.260678812239,1479.8719751611752,7.0,6.0,0.6,1.2,0.4,0.2,0.8,1.0,0.8,1.0,5,5394.758205947946,Liverpool (default stadium),False,0,0.0,0,0,2,1,H
1835,2021-04-10,Crystal Palace,Chelsea,Premier League,Premier League,1476.9692284985297,1591.9525217001944,5.0,7.0,0.2,0.6,1.0,0.4,1.0,1.0,0.0,-2.0,5,10.944971454605678,Crystal Palace (default stadium),False,0,0.0,0,0,1,4,A
1836,2021-04-11,Burnley,Newcastle United,Premier League,Premier League,1491.966331482279,1435.9586050270543,7.0,7.0,0.2,1.2,2.0,0.0,0.8,1.4,0.2,-0.8,5,6365.680353490109,Burnley (default stadium),False,0,0.0,0,0,1,2,A
1837,2021-04-11,West Ham United,Leicester City,Premier League,Premier League,1557.433297537621,1580.6137326285116,6.0,8.0,0.4,1.8,1.6,0.4,1.8,1.4,0.2,-0.2,5,142.949836877498,West Ham United (default stadium),False,0,0.0,0,0,3,2,H
1838,2021-04-11,Tottenham Hotspur,Manchester United,Premier League,Premier League,1570.070214464336,1652.4616837785472,7.0,7.0,0.6,2.0,1.0,0.6,1.0,0.2,0.4,1.2,5,253.91120185713115,Tottenham Hotspur (default stadium),False,0,0.0,0,0,1,3,A
1839,2021-04-11,Sheffield United,Arsenal,Premier League,Premier League,1387.119756593851,1545.9324207658728,8.0,8.0,0.2,0.4,2.2,0.4,1.8,1.8,0.3333333333333333,0.0,3,226.17988118230357,Sheffield United (default stadium),False,0,0.0,0,0,0,3,A
1840,2021-04-12,West Bromwich Albion,Southampton,Premier League,Premier League,1401.1405016740696,1479.7515187194533,9.0,8.0,0.4,1.2,0.8,0.4,1.6,2.0,0.2,-0.8,5,188.05243986432515,West Bromwich Albion (default stadium),False,0,0.0,0,0,3,0,H
1841,2021-04-12,Brighton,Everton,Premier League,Premier League,1465.849464538681,1532.947018622448,8.0,7.0,0.4,1.4,1.2,0.4,0.8,1.0,0.4,-0.6,5,11640.55138593053,Brighton (default stadium),False,0,0.0,0,0,0,0,D
1842,2021-04-16,Everton,Tottenham Hotspur,Premier League,Premier League,1533.030555787914,1560.4267184725466,4.0,5.0,0.2,0.6,1.0,0.4,2.0,1.6,0.2,-0.8,5,11688.48360204595,Everton (default stadium),False,0,0.0,0,0,2,2,D
1843,2021-04-17,Newcastle United,West Ham United,Premier League,Premier League,1449.4343243060619,1566.093820456089,6.0,6.0,0.2,1.0,1.4,0.6,2.2,1.6,0.4,-0.4,5,396.1921830254467,Newcastle United (default stadium),False,0,0.0,0,0,3,2,H
1844,2021-04-17,Wolverhampton Wanderers,Sheffield United,Premier League,Premier League,1514.717332142665,1379.6217307135469,8.0,6.0,0.2,0.8,1.6,0.2,0.4,2.4,0.3333333333333333,0.3333333333333333,3,9292.643824463747,Wolverhampton Wanderers (default stadium),False,0,0.0,0,0,1,0,H
1845,2021-04-18,Arsenal,Fulham,Premier League,Premier League,1553.430446646177,1407.8395222468469,7.0,9.0,0.4,1.8,1.6,0.2,0.6,1.8,1.0,3.3333333333333335,3,9.859134784019956,Arsenal (default stadium),False,0,0.0,0,0,1,1,D
1846,2021-04-18,Manchester United,Burnley,Premier League,Premier League,1662.1051797703367,1478.4906122032714,7.0,7.0,0.8,1.6,0.4,0.2,1.4,1.6,0.6,0.6,5,6363.654979892703,Manchester United (default stadium),False,0,0.0,0,0,3,1,H
1847,2021-04-19,Leeds,Liverpool,Premier League,Premier League,1519.5544288131596,1632.6899889893991,9.0,9.0,0.6,1.2,1.0,0.6,1.2,0.6,0.0,-1.0,1,5338.9965121563355,Leeds (default stadium),False,0,0.0,0,0,1,1,D
1848,2021-04-20,Chelsea,Brighton,Premier League,Premier League,1600.6649847812998,1465.7659273732152,10.0,8.0,0.6,1.8,1.2,0.4,1.4,1.0,0.8,1.6,5,69.35066034154319,Chelsea (default stadium),False,0,0.0,0,0,0,0,D
1849,2021-04-21,Tottenham Hotspur,Southampton,Premier League,Premier League,1561.6468460907695,1469.5037244614655,5.0,9.0,0.2,1.6,1.8,0.4,1.6,2.4,0.6,0.8,5,120.5232777621848,Tottenham Hotspur (default stadium),False,0,0.0,0,0,2,1,H
1850,2021-04-21,Aston Villa,Manchester City,Premier League,Premier League,1475.442664984015,1717.6901681311426,11.0,11.0,0.2,1.0,1.2,0.6,2.2,1.2,0.0,-2.8,5,110.34451123028889,Aston Villa (default stadium),False,0,0.0,0,0,1,2,A
1851,2021-04-22,Leicester City,West Bromwich Albion,Premier League,Premier League,1571.9532097100437,1411.3882959320574,11.0,10.0,0.4,2.0,1.4,0.4,1.6,0.8,0.6,1.2,5,55.00254871843119,Leicester City (default stadium),False,0,0.0,0,0,3,0,H
1852,2021-04-23,Arsenal,Everton,Premier League,Premier League,1547.9155429544076,1531.810428169691,5.0,7.0,0.4,1.8,1.6,0.0,0.8,1.4,0.4,0.2,5,11682.978134396302,Arsenal (default stadium),False,0,0.0,0,0,0,1,A
1853,2021-04-24,Liverpool,Newcastle United,Premier League,Premier League,1631.4547878190617,1460.7692766208702,5.0,7.0,0.6,1.4,0.6,0.4,1.6,1.8,0.8,1.8,5,5307.58997068219,Liverpool (default stadium),False,0,0.0,0,0,1,1,D
1854,2021-04-24,West Ham United,Chelsea,Premier League,Premier League,1554.7588681412806,1595.367849315853,7.0,4.0,0.4,2.2,2.2,0.4,1.6,1.2,0.4,-0.6,5,13.657971575674615,West Ham United (default stadium),False,0,0.0,0,0,0,1,A
1855,2021-04-24,Sheffield United,Brighton,Premier League,Premier League,1374.9229346193495,1471.063062838662,7.0,4.0,0.0,0.2,2.6,0.4,1.2,0.6,0.3333333333333333,0.3333333333333333,3,298.82970905946405,Sheffield United (default stadium),False,0,0.0,0,0,1,0,H
1856,2021-04-25,Wolverhampton Wanderers,Burnley,Premier League,Premier League,1519.4161282368625,1474.7210295627779,8.0,7.0,0.4,0.8,0.8,0.2,1.4,2.0,0.2,-0.4,5,13238.018552642983,Wolverhampton Wanderers (default stadium),False,0,0.0,0,0,0,4,A
1857,2021-04-25,Leeds,Manchester United,Premier League,Premier League,1520.789629983497,1665.8747624108303,6.0,7.0,0.6,1.4,0.8,1.0,2.2,0.6,0.0,-4.0,1,52.825149610091614,Leeds (default stadium),False,0,0.0,0,0,0,0,D
1858,2021-04-25,Aston Villa,West Bromwich Albion,Premier League,Premier League,1470.0304903837214,1407.1959650493097,4.0,3.0,0.2,1.2,1.6,0.4,1.6,1.2,0.3333333333333333,0.6666666666666666,3,7.293601557251959,Aston Villa (default stadium),False,0,0.0,0,0,2,2,D
1859,2021-04-26,Leicester City,Crystal Palace,Premier League,Premier League,1576.1455405927913,1468.2567654174243,4.0,16.0,0.6,2.4,1.2,0.2,0.8,1.8,0.4,0.2,5,152.43481774000773,Leicester City (default stadium),False,0,0.0,0,0,2,1,H
1860,2021-04-30,Southampton,Leicester City,Premier League,Premier League,1463.8588975525445,1581.4304809347866,9.0,4.0,0.2,1.4,2.8,0.6,2.4,1.2,0.4,-2.0,5,191.4130852325117,Southampton (default stadium),False,0,0.0,0,0,1,1,D
1861,2021-05-01,Crystal Palace,Manchester City,Premier League,Premier League,1462.971825075429,1723.1023427314362,5.0,10.0,0.2,1.0,2.2,0.8,2.6,1.0,0.2,-1.4,5,271.155957712397,Crystal Palace (default stadium),False,0,0.0,0,0,0,2,A
1862,2021-05-01,Brighton,Leeds,Premier League,Premier League,1460.3121059044774,1522.9177259200053,7.0,6.0,0.2,0.8,0.6,0.6,1.4,0.8,1.0,1.0,1,339.6744939084154,Brighton (default stadium),False,0,0.0,0,0,2,0,H
1863,2021-05-01,Chelsea,Fulham,Premier League,Premier League,1606.211778697421,1413.3544259386163,7.0,13.0,0.4,1.4,1.2,0.0,0.6,2.0,1.0,1.3333333333333333,3,0.13381917032718865,Chelsea (default stadium),False,0,0.0,0,0,2,0,H
1864,2021-05-01,Everton,Aston Villa,Premier League,Premier League,1544.239209817468,1466.3832111295496,8.0,6.0,0.2,1.0,1.0,0.2,1.4,1.8,0.5,1.0,4,11644.551802132402,Everton (default stadium),False,0,0.0,0,0,1,2,A
1865,2021-05-02,Newcastle United,Arsenal,Premier League,Premier League,1466.7667250166678,1535.4867613066306,8.0,9.0,0.4,1.6,1.8,0.2,1.4,1.6,0.0,-2.2,5,392.7352980316752,Newcastle United (default stadium),False,0,0.0,0,0,0,2,A
1866,2021-05-02,Tottenham Hotspur,Sheffield United,Premier League,Premier League,1567.2916729996905,1385.673891553534,11.0,8.0,0.4,1.8,1.6,0.2,0.4,2.2,0.3333333333333333,0.0,3,222.40706229422355,Tottenham Hotspur (default stadium),False,0,0.0,0,0,4,0,H
1867,2021-05-03,West Bromwich Albion,Wolverhampton Wanderers,Premier League,Premier League,1410.8432443034815,1506.2298509658385,8.0,8.0,0.4,2.0,1.6,0.4,0.8,1.6,1.0,1.0,1,9222.455981749623,West Bromwich Albion (default stadium),False,0,0.0,0,0,1,1,D
1868,2021-05-03,Burnley,West Ham United,Premier League,Premier League,1487.9073068338018,1543.9149387597124,8.0,9.0,0.4,2.0,1.8,0.4,2.2,2.2,0.6,0.6,5,6562.099962977977,Burnley (default stadium),False,0,0.0,0,0,1,2,A
1869,2021-05-07,Leicester City,Newcastle United,Premier League,Premier League,1580.0697535672298,1456.7298848663547,7.0,5.0,0.4,1.6,1.4,0.4,1.6,1.6,0.8,2.0,5,263.6083592563879,Leicester City (default stadium),False,0,0.0,0,0,2,4,A
1870,2021-05-08,Leeds,Tottenham Hotspur,Premier League,Premier League,1513.1305211561482,1571.096544148529,7.0,6.0,0.4,1.0,1.0,0.4,2.2,1.6,0.0,-3.0,1,262.1340479599546,Leeds (default stadium),False,0,0.0,0,0,3,1,H
1871,2021-05-08,Sheffield United,Crystal Palace,Premier League,Premier League,1381.8690204046957,1457.9563101309818,6.0,7.0,0.2,0.4,2.0,0.2,0.8,1.8,0.6666666666666666,0.0,3,241.11581385297217,Sheffield United (default stadium),False,0,0.0,0,0,0,2,A
1872,2021-05-08,Manchester City,Chelsea,Premier League,Premier League,1728.1178576758834,1609.8212907811278,7.0,7.0,0.8,2.0,0.6,0.6,1.8,1.2,0.6,1.2,5,260.84692450845216,Manchester City (default stadium),False,0,0.0,0,0,1,2,A
1873,2021-05-08,Liverpool,Southampton,Premier League,Premier League,1625.457339423264,1465.2196249201013,14.0,8.0,0.6,1.6,0.6,0.2,1.2,2.0,0.8,1.8,5,5410.461987095733,Liverpool (default stadium),False,0,0.0,0,0,2,0,H
1874,2021-05-09,Wolverhampton Wanderers,Brighton,Premier League,Premier League,1505.50046329755,1470.0993106683345,6.0,8.0,0.4,1.0,1.6,0.2,0.6,0.6,0.0,-0.2,5,8996.140833084839,Wolverhampton Wanderers (default stadium),False,0,0.0,0,0,2,1,H
1875,2021-05-09,Aston Villa,Manchester United,Premier League,Premier League,1480.3992834799988,1663.746666474322,8.0,14.0,0.4,1.8,1.6,0.8,1.8,0.6,0.0,-1.2,5,110.34451123028889,Aston Villa (default stadium),False,0,0.0,0,0,1,3,A
1876,2021-05-09,West Ham United,Everton,Premier League,Premier League,1554.3174538920343,1530.223137467019,6.0,8.0,0.6,2.0,1.8,0.2,1.0,1.0,0.4,-0.2,5,11687.188342303432,West Ham United (default stadium),False,0,0.0,0,0,0,1,A
1877,2021-05-09,Arsenal,West Bromwich Albion,Premier League,Premier League,1545.5236014569437,1411.57263197177,7.0,6.0,0.4,1.2,1.0,0.4,2.2,1.6,0.6,1.0,5,168.46827367374928,Arsenal (default stadium),False,0,0.0,0,0,3,1,H
1878,2021-05-10,Fulham,Burnley,Premier League,Premier League,1409.7449138549096,1477.50479170148,9.0,7.0,0.0,0.6,1.8,0.2,1.8,2.0,0.3333333333333333,0.3333333333333333,3,6552.0788285457975,Fulham (default stadium),False,0,0.0,0,0,0,2,A
1879,2021-05-11,Manchester United,Leicester City,Premier League,Premier League,1670.5952843934065,1565.016166140396,2.0,4.0,0.8,2.2,0.8,0.4,2.0,1.8,0.8,1.0,5,119.18446031803153,Manchester United (default stadium),False,0,0.0,0,0,1,2,A
1880,2021-05-11,Southampton,Crystal Palace,Premier League,Premier League,1461.0210495197687,1467.7811217743565,3.0,3.0,0.2,1.0,2.0,0.2,1.0,1.8,0.4,0.6,5,108.42688407911376,Southampton (default stadium),False,0,0.0,0,0,3,1,H
1881,2021-05-12,Chelsea,Arsenal,Premier League,Premier League,1624.7660007761738,1550.2461255627052,4.0,3.0,0.8,1.8,0.4,0.6,1.8,0.6,0.4,-0.4,5,9.950774202617763,Chelsea (default stadium),False,0,0.0,0,0,0,1,A
1882,2021-05-13,Aston Villa,Everton,Premier League,Premier League,1473.5506655609142,1542.8670627721806,4.0,4.0,0.2,1.4,2.0,0.4,1.0,0.8,0.4,-0.6,5,11644.551802132402,Aston Villa (default stadium),False,0,0.0,0,0,0,0,D
1883,2021-05-13,Manchester United,Liverpool,Premier League,Premier League,1655.9320847081317,1629.6559148235967,2.0,5.0,0.6,2.0,1.0,0.6,1.8,0.6,0.0,-0.8,5,5387.234837982907,Manchester United (default stadium),True,0,0.0,0,0,2,4,A
1884,2021-05-14,Newcastle United,Manchester City,Premier League,Premier League,1471.7834722931884,1713.1731476808375,7.0,6.0,0.6,2.0,1.6,0.6,1.6,1.0,0.2,-1.4,5,171.2592358971847,Newcastle United (default stadium),False,0,0.0,0,0,3,4,A
1885,2021-05-15,Burnley,Leeds,Premier League,Premier League,1487.5692667065055,1522.7842938995914,5.0,7.0,0.4,1.8,1.4,0.4,1.2,1.0,0.0,-1.0,1,6396.186690633047,Burnley (default stadium),False,0,0.0,0,0,0,4,A
1886,2021-05-15,Southampton,Fulham,Premier League,Premier League,1469.2206967831644,1399.680438849884,4.0,5.0,0.2,1.0,1.8,0.0,0.4,1.8,0.3333333333333333,0.3333333333333333,3,105.36793929201917,Southampton (default stadium),False,0,0.0,0,0,3,1,H
1887,2021-05-15,Brighton,West Ham United,Premier League,Premier League,1463.043236530803,1541.6735285868726,6.0,6.0,0.2,0.6,0.6,0.4,1.4,1.6,0.2,0.2,5,75.30394037947526,Brighton (default stadium),False,0,0.0,0,0,1,1,D
1888,2021-05-16,Crystal Palace,Aston Villa,Premier League,Premier League,1459.5814745109608,1473.5309899164185,5.0,3.0,0.2,1.0,2.2,0.2,1.2,1.6,0.4,-0.8,5,173.6948405935728,Crystal Palace (default stadium),False,0,0.0,0,0,3,2,H
1889,2021-05-16,Tottenham Hotspur,Wolverhampton Wanderers,Premier League,Premier League,1561.4427714050858,1512.5565374350815,8.0,7.0,0.4,2.0,1.8,0.6,1.0,1.2,0.4,-0.2,5,9070.237755303215,Tottenham Hotspur (default stadium),False,0,0.0,0,0,2,0,H
1890,2021-05-16,West Bromwich Albion,Liverpool,Premier League,Premier League,1406.8501078660086,1642.3581514857933,7.0,3.0,0.2,1.4,1.8,0.6,2.0,1.0,0.0,-0.4,5,5397.522050574016,West Bromwich Albion (default stadium),False,0,0.0,0,0,1,2,A
1891,2021-05-16,Everton,Sheffield United,Premier League,Premier League,1542.8867384166763,1372.044208761321,3.0,8.0,0.4,1.0,0.8,0.2,0.2,2.0,0.6666666666666666,0.0,3,11723.749937979286,Everton (default stadium),False,0,0.0,0,0,0,1,A
1892,2021-05-18,Manchester United,Fulham,Premier League,Premier League,1643.2298480459351,1393.4938594525784,5.0,3.0,0.4,1.8,1.6,0.0,0.4,1.8,1.0,2.3333333333333335,3,260.720495981881,Manchester United (default stadium),False,0,0.0,0,0,1,1,D
1893,2021-05-18,Southampton,Leeds,Premier League,Premier League,1475.40727618047,1533.7821539889203,3.0,3.0,0.4,1.6,1.4,0.4,1.6,0.8,0.0,-3.0,1,319.5889144563855,Southampton (default stadium),False,0,0.0,0,0,0,2,A
1894,2021-05-18,Brighton,Manchester City,Premier League,Premier League,1463.2915852267856,1718.6048377726506,3.0,4.0,0.2,0.8,0.8,0.6,2.0,1.6,0.0,-3.0,5,325.25795184878103,Brighton (default stadium),False,0,0.0,0,0,3,2,H
1895,2021-05-18,Chelsea,Leicester City,Premier League,Premier League,1610.8307719215913,1579.6793658256709,6.0,7.0,0.6,1.0,0.4,0.6,2.0,1.4,0.0,-0.6,5,142.36087796503557,Chelsea (default stadium),False,0,0.0,0,0,2,1,H
1896,2021-05-19,Everton,Wolverhampton Wanderers,Premier League,Premier League,1526.886397034839,1505.8507782155637,3.0,3.0,0.4,0.6,0.6,0.4,0.8,1.6,0.4,-0.6,5,9274.580162181222,Everton (default stadium),False,0,0.0,0,0,1,0,H
1897,2021-05-19,Newcastle United,Sheffield United,Premier League,Premier League,1466.3517822013753,1388.0445501431582,5.0,3.0,0.4,2.2,2.2,0.4,0.4,1.4,0.6666666666666666,1.3333333333333333,3,174.8266025761931,Newcastle United (default stadium),False,0,0.0,0,0,1,0,H
1898,2021-05-19,Tottenham Hotspur,Aston Villa,Premier League,Premier League,1568.1485306246036,1465.1304010488604,3.0,3.0,0.6,2.2,1.2,0.2,1.4,1.8,1.0,1.8,5,159.95911475155745,Tottenham Hotspur (default stadium),False,0,0.0,0,0,1,2,A
1899,2021-05-19,Crystal Palace,Arsenal,Premier League,Premier League,1467.982063378519,1564.1813544172876,3.0,7.0,0.4,1.4,1.8,0.6,1.4,0.6,0.2,0.2,5,15.34028105594792,Crystal Palace (default stadium),False,0,0.0,0,0,1,3,A
1900,2021-05-19,Burnley,Liverpool,Premier League,Premier League,1476.5714066171765,1647.9248303270772,4.0,3.0,0.4,1.6,1.8,0.6,2.0,1.0,0.2,-1.2,5,11263.441847487935,Burnley (default stadium),False,0,0.0,0,0,0,3,A
1901,2021-05-19,West Bromwich Albion,West Ham United,Premier League,Premier League,1401.2834290247247,1541.42517989089,3.0,4.0,0.0,1.0,2.2,0.2,1.0,1.4,0.2,0.0,5,174.57015283848514,West Bromwich Albion (default stadium),False,0,0.0,0,0,1,3,A
1902,2021-05-23,Arsenal,Brighton,Premier League,Premier League,1573.428704264894,1478.1711480682857,4.0,5.0,0.8,1.8,0.6,0.4,1.4,1.2,0.2,-0.2,5,77.11653294203013,Arsenal (default stadium),False,0,0.0,0,0,2,0,H
1903,2021-05-23,Aston Villa,Chelsea,Premier League,Premier League,1479.7357204650734,1617.998960830395,4.0,5.0,0.4,1.4,1.6,0.8,1.4,0.6,0.0,-1.6,5,162.80441844458147,Aston Villa (default stadium),False,0,0.0,0,0,2,1,H
1904,2021-05-23,Fulham,Newcastle United,Premier League,Premier League,1400.7541302785476,1472.3248227344864,5.0,4.0,0.0,0.6,1.8,0.4,1.8,1.8,0.0,-1.3333333333333333,3,399.2339499540635,Fulham (default stadium),False,0,0.0,0,0,0,2,A
1905,2021-05-23,Leeds,West Bromwich Albion,Premier League,Premier League,1544.1166270908784,1393.2752833249428,5.0,4.0,0.6,1.8,0.6,0.0,1.2,2.2,1.0,5.0,1,137.62417739392188,Leeds (default stadium),False,0,0.0,0,0,3,1,H
1906,2021-05-23,Leicester City,Tottenham Hotspur,Premier League,Premier League,1572.5111769168673,1553.5432112083906,5.0,4.0,0.4,1.6,1.8,0.6,2.0,1.2,0.4,-0.8,5,134.78780460437943,Leicester City (default stadium),False,0,0.0,0,0,2,4,A
1907,2021-05-23,Liverpool,Crystal Palace,Premier League,Premier League,1655.0876718590991,1458.7347135309126,4.0,4.0,0.8,2.4,0.8,0.4,1.4,2.0,1.0,3.0,5,5306.285725112793,Liverpool (default stadium),False,0,0.0,0,0,2,0,H
1908,2021-05-23,Manchester City,Everton,Premier League,Premier League,1703.7252749311506,1534.3245429895544,5.0,4.0,0.6,2.2,1.8,0.4,0.6,0.6,1.0,1.8,5,11690.468746176242,Manchester City (default stadium),False,0,0.0,0,0,5,0,H
1909,2021-05-23,Sheffield United,Burnley,Premier League,Premier League,1382.071509610047,1469.4085650851546,4.0,4.0,0.4,0.4,1.4,0.4,1.4,1.8,0.3333333333333333,0.6666666666666666,3,6411.238214865433,Sheffield United (default stadium),False,0,0.0,0,0,1,0,H
1910,2021-05-23,West Ham United,Southampton,Premier League,Premier League,1549.4333255906718,1465.072803078512,4.0,5.0,0.4,1.2,1.0,0.4,1.4,1.4,0.8,1.4,5,118.78899564721851,West Ham United (default stadium),False,0,0.0,0,0,3,0,H
1911,2021-05-23,Wolverhampton Wanderers,Manchester United,Premier League,Premier League,1498.4126322608483,1635.969577219966,4.0,5.0,0.2,0.6,1.8,0.2,1.4,1.6,0.2,0.0,5,9321.398073694803,Wolverhampton Wanderers (default stadium),False,0,0.0,0,0,1,2,A
1152,2021-08-13,Brentford,Arsenal,Premier League,Premier League,1500.0,1559.2508831732068,,82.0,0.5,0.0,0.0,1.0,2.2,0.4,0.5,0.0,0,14.388544946146704,Brentford (default stadium),False,0,0.0,0,0,2,0,H
1153,2021-08-14,Manchester United,Leeds,Premier League,Premier League,1608.0369544838336,1536.3730821353188,83.0,83.0,0.4,1.8,1.8,0.8,2.4,0.8,0.5,2.0,2,52.825149610091614,Manchester United (default stadium),False,0,0.0,0,0,5,1,H
1154,2021-08-14,Burnley,Brighton,Premier League,Premier League,1469.1824837080972,1479.4490060766777,83.0,83.0,0.2,0.6,2.0,0.4,1.4,1.4,0.2,0.2,5,6578.701185693557,Burnley (default stadium),False,0,0.0,0,0,1,2,A
1155,2021-08-14,Chelsea,Crystal Palace,Premier League,Premier League,1579.5443135595458,1466.3882570287287,83.0,83.0,0.6,1.4,1.0,0.4,1.4,2.0,1.0,2.2,5,10.944971454605678,Chelsea (default stadium),False,0,0.0,0,0,3,0,H
1156,2021-08-14,Everton,Southampton,Premier League,Premier League,1522.7236957768314,1469.4335288920106,83.0,83.0,0.4,0.4,1.2,0.4,1.2,1.8,0.4,-0.2,5,11568.424076531252,Everton (default stadium),False,0,0.0,0,0,3,1,H
1157,2021-08-14,Leicester City,Wolverhampton Wanderers,Premier League,Premier League,1545.0037598557146,1492.7497026267772,83.0,83.0,0.2,1.6,2.4,0.2,0.8,1.4,0.2,0.0,5,9203.941453824911,Leicester City (default stadium),False,0,0.0,0,0,1,0,H
1158,2021-08-14,Watford,Aston Villa,Premier League,Premier League,1454.6512166080083,1493.7566974120555,384.0,83.0,0.4,1.4,2.4,0.4,1.4,1.6,0.75,1.0,4,139.3187961666235,Watford (default stadium),False,0,0.0,0,0,3,2,H
1159,2021-08-14,Norwich,Liverpool,Premier League,Premier League,1392.9457783042358,1618.97853201378,384.0,83.0,0.0,0.2,2.8,1.0,2.6,0.6,0.0,-1.25,4,5182.350543665449,Norwich (default stadium),False,0,0.0,0,0,0,3,A
1160,2021-08-15,Newcastle United,West Ham United,Premier League,Premier League,1486.7097111596509,1541.446067609877,84.0,84.0,0.6,2.0,1.6,0.6,1.8,0.8,0.6,0.4,5,396.1921830254467,Newcastle United (default stadium),False,0,0.0,0,0,2,4,A
1161,2021-08-15,Tottenham Hotspur,Manchester City,Premier League,Premier League,1549.5370312382288,1655.8136676636973,84.0,84.0,0.6,2.4,1.4,0.6,2.8,1.6,0.4,0.0,5,253.91120185713115,Tottenham Hotspur (default stadium),False,0,0.0,0,0,1,0,H
1162,2021-08-21,Liverpool,Burnley,Premier League,Premier League,1624.7669562231301,1457.4799579359794,7.0,7.0,1.0,2.8,0.6,0.2,0.6,2.0,0.6,1.4,5,11263.441847487935,Liverpool (default stadium),False,0,0.0,0,0,2,0,H
1163,2021-08-21,Aston Villa,Newcastle United,Premier League,Premier League,1484.6435768529902,1476.2706706033027,7.0,6.0,0.4,1.6,1.6,0.6,2.4,2.0,0.4,0.8,5,275.3185930085947,Aston Villa (default stadium),False,0,0.0,0,0,2,0,H
1164,2021-08-21,Crystal Palace,Brentford,Premier League,Premier League,1461.2203711290797,1509.6907142230828,7.0,8.0,0.2,1.0,2.6,1.0,2.0,0.0,0.5,0.0,0,17.206103782973617,Crystal Palace (default stadium),False,0,0.0,0,0,0,0,D
1165,2021-08-21,Leeds,Everton,Premier League,Premier League,1530.2386146125866,1529.3169310243075,7.0,7.0,0.8,2.6,1.4,0.4,0.8,1.4,0.5,0.0,2,11743.222850617241,Leeds (default stadium),False,0,0.0,0,0,2,2,D
1166,2021-08-21,Manchester City,Norwich,Premier League,Premier League,1644.7733200074426,1387.1573540948857,6.0,7.0,0.4,2.4,1.8,0.0,0.0,3.0,0.5,1.25,4,253.34295700774945,Manchester City (default stadium),False,0,0.0,0,0,5,0,H
1167,2021-08-21,Brighton,Watford,Premier League,Premier League,1491.1515318487955,1463.7643371670736,7.0,7.0,0.4,1.4,1.6,0.4,1.6,2.6,0.4,0.4,5,90.38973636945235,Brighton (default stadium),False,0,0.0,0,0,2,0,H
1168,2021-08-22,Southampton,Manchester United,Premier League,Premier League,1462.8402936445345,1614.1714220065658,8.0,8.0,0.4,1.4,2.0,0.4,2.2,1.8,0.0,-2.2,5,291.8406815664775,Southampton (default stadium),False,0,0.0,0,0,1,1,D
1169,2021-08-22,Wolverhampton Wanderers,Tottenham Hotspur,Premier League,Premier League,1486.1300801286961,1560.5773788944834,8.0,7.0,0.2,0.6,1.4,0.6,1.8,1.4,0.4,0.0,5,9070.237755303215,Wolverhampton Wanderers (default stadium),False,0,0.0,0,0,0,1,A
1170,2021-08-22,Arsenal,Chelsea,Premier League,Premier League,1549.560168950124,1584.7121994591948,9.0,8.0,0.8,1.8,0.8,0.6,1.6,1.0,0.6,0.8,5,9.950774202617763,Arsenal (default stadium),False,0,0.0,0,0,0,2,A
1171,2021-08-23,West Ham United,Leicester City,Premier League,Premier League,1551.885108166225,1551.6233823537957,8.0,9.0,0.6,2.2,1.0,0.4,1.6,2.2,0.4,0.0,5,142.949836877498,West Ham United (default stadium),False,0,0.0,0,0,4,1,H
1172,2021-08-28,Manchester City,Arsenal,Premier League,Premier League,1647.4075523170452,1538.5605137573598,7.0,6.0,0.6,3.2,1.4,0.6,1.2,1.0,1.0,2.0,5,256.9000111017041,Manchester City (default stadium),False,0,0.0,0,0,5,0,H
1173,2021-08-28,Aston Villa,Brentford,Premier League,Premier League,1492.4253210195898,1510.309595605961,7.0,7.0,0.6,2.0,1.6,0.5,1.0,0.0,0.5,0.0,0,157.35324894635983,Aston Villa (default stadium),False,0,0.0,0,0,1,1,D
1174,2021-08-28,Brighton,Everton,Premier League,Premier League,1498.4196780662053,1531.3303332903351,7.0,7.0,0.6,1.6,1.2,0.4,1.2,1.8,0.4,-0.2,5,11640.55138593053,Brighton (default stadium),False,0,0.0,0,0,0,2,A
1175,2021-08-28,Newcastle United,Southampton,Premier League,Premier League,1468.4889264367032,1465.1393497235697,7.0,6.0,0.4,1.6,2.0,0.2,1.0,2.0,0.8,0.6,5,452.9404186033056,Newcastle United (default stadium),False,0,0.0,0,0,2,2,D
1176,2021-08-28,Norwich,Leicester City,Premier League,Premier League,1384.5231217852831,1543.6185525789242,7.0,5.0,0.0,0.0,3.2,0.4,1.4,2.2,0.25,-0.25,4,165.48979003675552,Norwich (default stadium),False,0,0.0,0,0,1,2,A
1177,2021-08-28,West Ham United,Crystal Palace,Premier League,Premier League,1559.8899379410966,1460.6014897462014,5.0,7.0,0.8,3.0,1.0,0.2,0.8,2.0,0.2,-0.2,5,13.663891147783643,West Ham United (default stadium),False,0,0.0,0,0,2,2,D
1178,2021-08-28,Liverpool,Chelsea,Premier League,Premier League,1628.8325082777399,1595.7118546519591,7.0,6.0,1.0,2.4,0.2,0.6,1.6,0.8,0.8,1.2,5,5312.655647759373,Liverpool (default stadium),False,0,0.0,0,0,1,1,D
1179,2021-08-29,Burnley,Leeds,Premier League,Premier League,1453.4144058813697,1528.225212346559,8.0,8.0,0.0,0.2,2.4,0.6,2.4,1.6,0.0,-2.5,2,6396.186690633047,Burnley (default stadium),False,0,0.0,0,0,1,1,D
1180,2021-08-29,Tottenham Hotspur,Watford,Premier League,Premier League,1570.4493823370858,1456.4961909496637,7.0,8.0,0.8,1.8,0.8,0.2,1.2,2.8,0.4,0.4,5,23.679576890869605,Tottenham Hotspur (default stadium),False,0,0.0,0,0,1,0,H
1181,2021-08-29,Wolverhampton Wanderers,Manchester United,Premier League,Premier League,1476.2580766860938,1611.8723659275306,7.0,7.0,0.0,0.2,1.4,0.4,2.2,1.6,0.2,-0.2,5,9321.398073694803,Wolverhampton Wanderers (default stadium),False,0,0.0,0,0,0,1,A
1182,2021-09-11,Crystal Palace,Tottenham Hotspur,Premier League,Premier League,1465.121810941481,1575.599701483501,14.0,13.0,0.0,0.6,2.0,0.8,1.6,0.8,0.0,-1.8,5,20.57108758153193,Crystal Palace (default stadium),False,0,0.0,0,0,3,0,H
1183,2021-09-11,Arsenal,Norwich,Premier League,Premier League,1533.2969947830384,1377.032723556688,14.0,14.0,0.4,1.0,2.0,0.0,0.2,3.4,0.5,1.25,4,153.16871679599038,Arsenal (default stadium),False,0,0.0,0,0,1,0,H
1184,2021-09-11,Brentford,Brighton,Premier League,Premier League,1511.798456850509,1487.3561976279584,14.0,14.0,0.3333333333333333,1.0,0.3333333333333333,0.6,1.4,1.4,0.5,0.0,0,71.40866453526951,Brentford (default stadium),False,0,0.0,0,0,0,1,A
1185,2021-09-11,Leicester City,Manchester City,Premier League,Premier League,1551.1089508075192,1652.6710712913666,14.0,14.0,0.4,1.4,2.2,0.6,3.4,0.8,0.2,-0.6,5,119.18446031803153,Leicester City (default stadium),False,0,0.0,0,0,0,1,A
1186,2021-09-11,Manchester United,Newcastle United,Premier League,Premier League,1620.0059709285922,1466.4085718821045,13.0,14.0,0.6,2.0,0.8,0.4,1.4,1.6,0.8,1.8,5,171.2592358971847,Manchester United (default stadium),False,0,0.0,0,0,4,1,H
1187,2021-09-11,Southampton,West Ham United,Premier League,Premier League,1467.2197042781684,1555.369616745817,14.0,14.0,0.0,0.8,2.2,0.8,3.2,1.2,0.0,-1.8,5,118.78899564721851,Southampton (default stadium),False,0,0.0,0,0,0,0,D
1188,2021-09-11,Watford,Wolverhampton Wanderers,Premier League,Premier League,1451.3458718032487,1468.1244716850322,13.0,13.0,0.2,1.0,2.4,0.0,0.2,1.2,0.5,0.0,4,9084.763375498067,Watford (default stadium),False,0,0.0,0,0,0,2,A
1189,2021-09-11,Chelsea,Aston Villa,Premier League,Premier League,1598.5957159259508,1490.9364597750418,14.0,14.0,0.6,1.8,0.8,0.6,1.8,1.2,0.6,1.0,5,162.80441844458147,Chelsea (default stadium),False,0,0.0,0,0,3,0,H
1190,2021-09-12,Leeds,Liverpool,Premier League,Premier League,1528.086755054542,1625.9486470037482,14.0,15.0,0.4,1.8,1.8,0.8,2.2,0.2,0.0,-0.5,2,5338.9965121563355,Leeds (default stadium),False,0,0.0,0,0,0,3,A
1191,2021-09-13,Everton,Burnley,Premier League,Premier League,1542.393813728582,1453.5528631733866,16.0,15.0,0.6,1.6,1.6,0.0,0.4,1.8,0.4,0.2,5,7457.166496435577,Everton (default stadium),False,0,0.0,0,0,3,1,H
1192,2021-09-17,Newcastle United,Leeds,Premier League,Premier League,1462.081792518372,1518.8869701317415,6.0,5.0,0.2,1.4,2.4,0.2,1.4,2.4,0.0,-2.0,2,133.43902338537998,Newcastle United (default stadium),False,0,0.0,0,0,1,1,D
1193,2021-09-18,Wolverhampton Wanderers,Brentford,Premier League,Premier League,1479.6444365210907,1499.145219469966,7.0,7.0,0.2,0.6,1.0,0.25,0.75,0.5,0.5,0.0,0,9065.45839959068,Wolverhampton Wanderers (default stadium),False,0,0.0,0,0,0,2,A
1194,2021-09-18,Burnley,Arsenal,Premier League,Premier League,1447.8307018816479,1537.5719472394317,5.0,7.0,0.0,0.6,1.8,0.4,0.6,1.8,0.2,-0.4,5,6555.361279391892,Burnley (default stadium),False,0,0.0,0,0,0,1,A
1195,2021-09-18,Liverpool,Crystal Palace,Premier League,Premier League,1635.1484319265487,1476.281615546577,6.0,7.0,0.8,2.2,0.2,0.2,1.0,1.4,1.0,3.0,5,5306.285725112793,Liverpool (default stadium),False,0,0.0,0,0,3,0,H
1196,2021-09-18,Manchester City,Southampton,Premier League,Premier League,1661.7651311498807,1467.741626066606,7.0,7.0,0.8,3.2,0.2,0.0,0.8,1.8,0.8,1.2,5,291.8406815664775,Manchester City (default stadium),False,0,0.0,0,0,0,0,D
1197,2021-09-18,Norwich,Watford,Premier League,Premier League,1372.7577711002948,1439.8259069671901,7.0,7.0,0.0,0.2,3.2,0.2,1.0,2.0,0.25,-0.75,4,159.11339443342936,Norwich (default stadium),False,0,0.0,0,0,1,3,A
1198,2021-09-18,Aston Villa,Everton,Premier League,Premier League,1485.6463803961028,1548.1159750203208,7.0,5.0,0.4,1.4,1.6,0.6,2.0,1.8,0.4,0.2,5,11644.551802132402,Aston Villa (default stadium),False,0,0.0,0,0,3,0,H
1199,2021-09-19,Brighton,Leicester City,Premier League,Premier League,1500.0094350085014,1542.0148909490051,8.0,8.0,0.6,1.0,1.0,0.4,1.2,2.0,0.0,-1.4,5,208.7110806263465,Brighton (default stadium),False,0,0.0,0,0,2,1,H
1200,2021-09-19,West Ham United,Manchester United,Premier League,Premier League,1554.8476949573794,1624.3327502923248,8.0,8.0,0.6,2.6,1.0,0.8,2.6,0.8,0.2,-0.4,5,262.0495522571908,West Ham United (default stadium),False,0,0.0,0,0,1,2,A
1201,2021-09-19,Tottenham Hotspur,Chelsea,Premier League,Premier League,1564.4398968784049,1603.8857953048898,8.0,8.0,0.8,1.4,1.0,0.6,2.0,0.6,0.0,-1.2,5,16.124829392275434,Tottenham Hotspur (default stadium),True,0,0.0,0,0,0,3,A
1202,2021-09-25,Chelsea,Manchester City,Premier League,Premier League,1614.7629529640876,1655.354828456045,6.0,7.0,0.8,2.4,0.2,0.6,2.2,0.2,0.4,-1.4,5,260.84692450845216,Chelsea (default stadium),False,0,0.0,0,0,0,1,A
1203,2021-09-25,Manchester United,Aston Villa,Premier League,Premier League,1634.3475715803406,1495.4296718401235,6.0,7.0,0.8,2.6,0.8,0.4,1.6,1.4,0.8,1.4,5,110.34451123028889,Manchester United (default stadium),False,0,0.0,0,0,0,1,A
1204,2021-09-25,Everton,Norwich,Premier League,Premier League,1538.3326835763,1362.6733872701727,7.0,7.0,0.6,2.0,1.4,0.0,0.4,2.8,0.5,0.5,4,11829.611064499979,Everton (default stadium),False,0,0.0,0,0,2,0,H
1205,2021-09-25,Leeds,West Ham United,Premier League,Premier League,1519.2665651680811,1544.8328736693636,8.0,6.0,0.0,1.0,2.4,0.4,2.2,1.4,0.0,-1.5,2,270.3424531113237,Leeds (default stadium),False,0,0.0,0,0,1,2,A
1206,2021-09-25,Leicester City,Burnley,Premier League,Premier League,1532.8188994962045,1438.3982899101486,6.0,7.0,0.4,1.0,1.6,0.0,0.6,1.8,0.6,0.6,5,6455.690567406472,Leicester City (default stadium),False,0,0.0,0,0,2,2,D
1207,2021-09-25,Watford,Newcastle United,Premier League,Premier League,1449.9102907973122,1461.7021974820323,7.0,8.0,0.4,1.2,1.6,0.0,1.2,2.6,0.4,0.2,5,378.04905633016585,Watford (default stadium),False,0,0.0,0,0,1,1,D
1208,2021-09-25,Brentford,Liverpool,Premier League,Premier League,1510.5885540193667,1639.3732448062115,7.0,7.0,0.4,1.0,0.4,0.8,2.4,0.2,0.5,0.0,0,5318.949465164578,Brentford (default stadium),False,0,0.0,0,0,3,3,D
1209,2021-09-26,Southampton,Wolverhampton Wanderers,Premier League,Premier League,1474.1519287604417,1468.20110197169,8.0,8.0,0.0,0.8,1.2,0.2,0.4,1.0,0.2,0.0,5,9040.708255581369,Southampton (default stadium),False,0,0.0,0,0,0,1,A
1210,2021-09-26,Arsenal,Tottenham Hotspur,Premier League,Premier League,1547.004359210931,1553.562739219207,8.0,7.0,0.4,0.4,1.8,0.6,0.6,1.2,0.2,-0.4,5,6.203038582804336,Arsenal (default stadium),True,0,0.0,0,0,3,1,H
1211,2021-09-27,Crystal Palace,Brighton,Premier League,Premier League,1472.0568026669143,1509.205426461302,9.0,8.0,0.2,1.0,1.6,0.8,1.4,0.8,0.4,0.2,5,62.01282292846458,Crystal Palace (default stadium),False,0,0.0,0,0,1,1,D
1212,2021-10-02,Manchester United,Everton,Premier League,Premier League,1618.967732008,1542.2443573131611,7.0,7.0,0.6,1.6,0.8,0.6,1.8,1.2,0.2,-0.4,5,11690.468746176242,Manchester United (default stadium),False,0,0.0,0,0,1,1,D
1213,2021-10-02,Burnley,Norwich,Premier League,Premier League,1442.8064289261554,1358.7617135333116,7.0,7.0,0.0,0.8,1.8,0.0,0.4,2.6,1.0,2.0,2,6615.004037815403,Burnley (default stadium),False,0,0.0,0,0,0,0,D
1214,2021-10-02,Chelsea,Southampton,Premier League,Premier League,1603.9185347499647,1462.0000572185186,7.0,6.0,0.6,1.8,0.4,0.0,0.6,0.8,0.2,0.2,5,105.31037742874952,Chelsea (default stadium),False,0,0.0,0,0,3,1,H
1215,2021-10-02,Leeds,Watford,Premier League,Premier League,1507.9945879774,1448.250428129352,7.0,7.0,0.0,1.0,1.8,0.2,0.8,1.4,0.5,0.0,0,249.42225668690958,Leeds (default stadium),False,0,0.0,0,0,1,0,H
1216,2021-10-02,Wolverhampton Wanderers,Newcastle United,Premier League,Premier League,1480.352973513613,1463.3620601499924,6.0,7.0,0.4,0.6,0.8,0.0,1.0,2.0,0.0,0.0,5,9451.217353997563,Wolverhampton Wanderers (default stadium),False,0,0.0,0,0,2,1,H
1217,2021-10-02,Brighton,Arsenal,Premier League,Premier League,1510.1481572747969,1555.1983900536688,5.0,6.0,0.6,1.2,0.8,0.6,1.0,1.6,0.4,-0.2,5,77.11653294203013,Brighton (default stadium),False,0,0.0,0,0,0,0,D
1218,2021-10-03,Crystal Palace,Leicester City,Premier League,Premier League,1471.1140718534195,1528.4107604801977,6.0,8.0,0.2,1.2,1.2,0.2,1.2,2.0,0.2,-0.6,5,152.43481774000773,Crystal Palace (default stadium),False,0,0.0,0,0,2,2,D
1219,2021-10-03,Tottenham Hotspur,Aston Villa,Premier League,Premier League,1545.3687083764692,1510.8095114124642,7.0,8.0,0.4,0.6,1.8,0.6,1.4,0.8,0.8,1.2,5,159.95911475155745,Tottenham Hotspur (default stadium),False,0,0.0,0,0,2,1,H
1220,2021-10-03,West Ham United,Brentford,Premier League,Premier League,1556.1048508600447,1512.264550798916,8.0,8.0,0.4,1.8,1.2,0.2,1.2,1.0,0.5,0.0,0,19.65105251639675,West Ham United (default stadium),False,0,0.0,0,0,1,2,A
1221,2021-10-03,Liverpool,Manchester City,Premier League,Premier League,1637.6972480266622,1666.199246670168,8.0,8.0,0.6,2.4,0.8,0.8,2.4,0.0,0.2,-1.2,5,5387.234837982907,Liverpool (default stadium),False,0,0.0,0,0,2,2,D
1222,2021-10-16,Watford,Liverpool,Premier League,Premier League,1441.8203429913124,1636.5084871664114,14.0,13.0,0.2,0.8,1.2,0.4,2.4,1.2,0.2,-2.4,5,5321.850013915433,Watford (default stadium),False,0,0.0,0,0,0,5,A
1223,2021-10-16,Aston Villa,Wolverhampton Wanderers,Premier League,Premier League,1503.731288323596,1487.9002153967404,13.0,14.0,0.4,1.2,1.2,0.6,1.0,0.8,0.25,-0.25,4,9215.28796067954,Aston Villa (default stadium),False,0,0.0,0,0,2,3,A
1224,2021-10-16,Leicester City,Manchester United,Premier League,Premier League,1528.7762283276636,1614.9790370160601,13.0,14.0,0.2,1.4,1.6,0.6,1.6,0.8,0.2,-0.6,5,119.18446031803153,Leicester City (default stadium),False,0,0.0,0,0,4,2,H
1225,2021-10-16,Manchester City,Burnley,Premier League,Premier League,1667.3880075304187,1438.6420372867865,13.0,14.0,0.6,1.8,0.4,0.0,0.8,1.4,1.0,3.2,5,6363.654979892703,Manchester City (default stadium),False,0,0.0,0,0,2,0,H
1226,2021-10-16,Norwich,Brighton,Premier League,Premier League,1362.9261051726805,1509.4312771062794,14.0,14.0,0.0,0.4,1.6,0.4,0.8,0.8,0.0,-1.5,2,217.98059105141004,Norwich (default stadium),False,0,0.0,0,0,0,0,D
1227,2021-10-16,Southampton,Leeds,Premier League,Premier League,1457.440979114667,1514.4246731154396,14.0,14.0,0.0,0.6,1.2,0.2,0.8,1.4,0.0,-2.5,2,319.5889144563855,Southampton (default stadium),False,0,0.0,0,0,1,0,H
1228,2021-10-16,Brentford,Chelsea,Premier League,Premier League,1525.4287054845258,1608.4776128538163,13.0,14.0,0.4,1.6,1.2,0.6,2.0,0.6,0.5,0.0,0,6.86640159913343,Brentford (default stadium),False,0,0.0,0,0,0,1,A
1229,2021-10-17,Everton,West Ham United,Premier League,Premier League,1546.233052305101,1542.9406961744348,15.0,14.0,0.6,1.6,1.0,0.2,1.2,1.4,0.6,0.8,5,11687.188342303432,Everton (default stadium),False,0,0.0,0,0,0,1,A
1230,2021-10-17,Newcastle United,Tottenham Hotspur,Premier League,Premier League,1455.8148182668651,1552.4469314653375,15.0,14.0,0.0,1.2,2.0,0.4,0.8,2.0,0.2,-0.4,5,388.1243553495561,Newcastle United (default stadium),False,0,0.0,0,0,2,3,A
1231,2021-10-18,Arsenal,Crystal Palace,Premier League,Premier League,1555.9152702221863,1470.7486040059537,16.0,15.0,0.6,1.0,1.2,0.2,1.6,1.6,0.2,0.2,5,15.34028105594792,Arsenal (default stadium),False,0,0.0,0,0,2,2,D
1232,2021-10-22,Arsenal,Aston Villa,Premier League,Premier League,1551.7242223703154,1491.3099303696238,4.0,6.0,0.6,1.4,0.6,0.4,1.4,1.6,0.4,0.0,5,161.3294461687896,Arsenal (default stadium),False,0,0.0,0,0,3,1,H
1233,2021-10-23,Chelsea,Norwich,Premier League,Premier League,1618.1022116043334,1365.0931879949321,7.0,7.0,0.8,2.0,0.4,0.0,0.2,1.2,1.0,1.0,4,163.10075119791753,Chelsea (default stadium),False,0,0.0,0,0,7,0,H
1234,2021-10-23,Crystal Palace,Newcastle United,Premier League,Premier League,1474.9396518578246,1446.5798543044586,5.0,6.0,0.2,1.6,1.6,0.0,1.2,2.2,0.6,0.0,5,408.04977898274933,Crystal Palace (default stadium),False,0,0.0,0,0,1,1,D
1235,2021-10-23,Everton,Watford,Premier League,Premier League,1534.1542734676898,1435.2626259581534,6.0,7.0,0.4,1.2,1.2,0.2,0.8,2.0,0.4,0.0,5,11672.34169380457,Everton (default stadium),False,0,0.0,0,0,2,5,A
1236,2021-10-23,Leeds,Wolverhampton Wanderers,Premier League,Premier League,1504.7991373411355,1500.3215733507125,7.0,7.0,0.2,0.6,1.4,0.8,1.6,1.0,0.0,-1.0,2,9331.978556268221,Leeds (default stadium),False,0,0.0,0,0,1,1,D
1237,2021-10-23,Southampton,Burnley,Premier League,Premier League,1467.0665148889711,1435.6038927418406,7.0,7.0,0.2,0.4,0.8,0.0,0.6,1.6,0.4,-0.4,5,6489.228471942674,Southampton (default stadium),False,0,0.0,0,0,2,2,D
1238,2021-10-23,Brighton,Manchester City,Premier League,Premier League,1507.2641942840278,1670.4261520753646,7.0,7.0,0.4,0.8,0.4,0.6,1.2,0.4,0.2,-2.4,5,325.25795184878103,Brighton (default stadium),False,0,0.0,0,0,1,4,A
1239,2021-10-24,Brentford,Leicester City,Premier League,Premier League,1515.8041067340087,1539.2422448577329,8.0,8.0,0.4,1.4,1.2,0.2,1.8,1.8,0.5,0.0,0,138.5020510473538,Brentford (default stadium),False,0,0.0,0,0,1,2,A
1240,2021-10-24,West Ham United,Tottenham Hotspur,Premier League,Premier League,1555.019475011846,1561.681895427744,7.0,7.0,0.4,1.0,1.0,0.4,1.2,2.4,0.4,-0.2,5,8.221735834635023,West Ham United (default stadium),False,0,0.0,0,0,1,0,H
1241,2021-10-24,Manchester United,Liverpool,Premier League,Premier League,1604.5130204859909,1643.0662041995704,8.0,8.0,0.4,1.8,1.6,0.6,3.2,1.0,0.0,-0.8,5,5387.234837982907,Manchester United (default stadium),True,0,0.0,0,0,0,5,A
1242,2021-10-30,Leicester City,Arsenal,Premier League,Premier League,1550.5744370082227,1558.1374892690028,6.0,8.0,0.4,2.2,1.8,0.6,1.8,0.8,0.6,0.8,5,137.93652464122155,Leicester City (default stadium),False,0,0.0,0,0,0,2,A
1243,2021-10-30,Burnley,Brentford,Premier League,Premier League,1438.4439409422434,1504.4719145835188,7.0,6.0,0.0,0.8,1.4,0.4,1.6,1.4,0.5,0.0,0,6545.334738318465,Burnley (default stadium),False,0,0.0,0,0,3,1,H
1244,2021-10-30,Liverpool,Brighton,Premier League,Premier League,1653.9688527582985,1499.8831423776257,6.0,7.0,0.6,3.6,1.0,0.2,0.8,1.2,0.6,0.6,5,5323.625304961785,Liverpool (default stadium),False,0,0.0,0,0,2,2,D
1245,2021-10-30,Manchester City,Crystal Palace,Premier League,Premier League,1677.8072039817666,1472.1819133586312,7.0,7.0,0.6,1.8,0.6,0.0,1.2,1.8,0.8,2.0,5,271.155957712397,Manchester City (default stadium),False,0,0.0,0,0,0,2,A
1246,2021-10-30,Newcastle United,Chelsea,Premier League,Premier League,1449.3375928036521,1620.797696353353,7.0,7.0,0.0,1.2,1.6,0.8,2.8,0.4,0.2,-1.0,5,399.367741301676,Newcastle United (default stadium),False,0,0.0,0,0,0,3,A
1247,2021-10-30,Watford,Southampton,Premier League,Premier League,1449.7738552771266,1464.2264666885683,7.0,7.0,0.4,1.8,2.0,0.2,0.8,1.2,0.0,-0.6,5,107.60666567502645,Watford (default stadium),False,0,0.0,0,0,0,1,A
1248,2021-10-30,Tottenham Hotspur,Manchester United,Premier League,Premier League,1553.4849675719013,1593.6103719272628,6.0,6.0,0.4,1.2,2.0,0.2,1.0,2.4,0.2,0.2,5,253.91120185713115,Tottenham Hotspur (default stadium),False,0,0.0,0,0,0,3,A
1249,2021-10-31,Norwich,Leeds,Premier League,Premier League,1362.3977032459125,1502.6877428681737,8.0,8.0,0.0,0.2,2.4,0.2,0.8,1.0,0.5,0.0,0,230.96121676866605,Norwich (default stadium),False,0,0.0,0,0,1,2,A
1250,2021-10-31,Aston Villa,West Ham United,Premier League,Premier League,1484.8966634709363,1563.2164028676887,9.0,7.0,0.4,1.6,1.6,0.6,1.2,1.0,0.0,-1.0,5,167.45755533416937,Aston Villa (default stadium),False,0,0.0,0,0,1,4,A
1251,2021-11-01,Wolverhampton Wanderers,Everton,Premier League,Premier League,1502.4329678236743,1519.6430441487166,9.0,9.0,0.6,1.4,1.2,0.2,1.0,2.0,0.4,0.4,5,9274.580162181222,Wolverhampton Wanderers (default stadium),False,0,0.0,0,0,2,1,H
1252,2021-11-05,Southampton,Aston Villa,Premier League,Premier League,1475.8117647172708,1475.1360790599063,6.0,5.0,0.4,1.0,1.2,0.2,1.2,2.4,0.8,1.2,5,181.49627866409335,Southampton (default stadium),False,0,0.0,0,0,1,0,H
1253,2021-11-06,Manchester United,Manchester City,Premier League,Premier League,1604.4681190069361,1661.2043844644195,7.0,7.0,0.2,1.2,2.2,0.6,1.8,1.0,0.6,0.6,5,0.0,Manchester United (default stadium),True,0,0.0,0,0,0,2,A
1254,2021-11-06,Brentford,Norwich,Premier League,Premier League,1494.5862337115905,1354.3936559550423,7.0,6.0,0.2,1.4,2.0,0.0,0.2,2.2,0.5,0.0,0,166.62552270858927,Brentford (default stadium),False,0,0.0,0,0,1,2,A
1255,2021-11-06,Chelsea,Burnley,Premier League,Premier League,1627.957714797111,1448.3296218141718,7.0,7.0,0.8,2.8,0.4,0.2,1.4,1.4,0.8,2.0,5,6552.140911877313,Chelsea (default stadium),False,0,0.0,0,0,1,1,D
1256,2021-11-06,Crystal Palace,Wolverhampton Wanderers,Premier League,Premier League,1488.7847328759783,1510.9251372494355,7.0,5.0,0.2,1.6,1.2,0.8,1.8,1.0,0.4,-0.2,5,9051.721081889698,Crystal Palace (default stadium),False,0,0.0,0,0,2,0,H
1257,2021-11-06,Brighton,Newcastle United,Premier League,Premier League,1505.5658865683295,1442.1775743598942,7.0,7.0,0.0,0.8,1.4,0.0,1.0,2.0,0.4,1.2,5,468.342499245935,Brighton (default stadium),False,0,0.0,0,0,1,1,D
1258,2021-11-07,Arsenal,Watford,Premier League,Premier League,1569.9154702244243,1438.188557248424,8.0,8.0,0.6,2.0,0.8,0.2,1.2,2.0,0.8,1.4,5,22.816875346141348,Arsenal (default stadium),False,0,0.0,0,0,1,0,H
1259,2021-11-07,Everton,Tottenham Hotspur,Premier League,Premier League,1511.1508747229555,1542.627220492228,6.0,8.0,0.2,1.2,1.8,0.4,1.2,2.0,0.2,0.0,5,11688.48360204595,Everton (default stadium),False,0,0.0,0,0,0,0,D
1260,2021-11-07,Leeds,Leicester City,Premier League,Premier League,1510.6917901590439,1538.7964560528012,7.0,8.0,0.4,1.0,1.0,0.4,2.0,1.8,0.5,-0.5,2,131.84972848212365,Leeds (default stadium),False,0,0.0,0,0,1,1,D
1261,2021-11-07,West Ham United,Liverpool,Premier League,Premier League,1572.9769872787188,1648.2861085675947,7.0,8.0,0.8,1.8,0.8,0.4,3.4,1.4,0.0,-1.2,5,5299.298724106387,West Ham United (default stadium),False,0,0.0,0,0,3,2,H
1262,2021-11-20,Leicester City,Chelsea,Premier League,Premier League,1539.9964899211113,1621.7979998590624,13.0,14.0,0.4,1.8,1.6,0.8,3.0,0.4,0.2,0.2,5,142.36087796503557,Leicester City (default stadium),False,0,0.0,0,0,0,3,A
1263,2021-11-20,Aston Villa,Brighton,Premier League,Premier League,1467.1426869929162,1501.9047964316196,15.0,14.0,0.0,1.0,2.6,0.0,0.8,1.4,0.25,0.0,4,221.3083143577021,Aston Villa (default stadium),False,0,0.0,0,0,2,0,H
1264,2021-11-20,Burnley,Crystal Palace,Premier League,Premier League,1454.4893367522204,1497.4158702587622,14.0,14.0,0.2,1.2,1.2,0.4,1.8,1.0,0.6,0.2,5,6562.201316773521,Burnley (default stadium),False,0,0.0,0,0,3,3,D
1265,2021-11-20,Newcastle United,Brentford,Premier League,Premier League,1445.838664496604,1479.180375968255,14.0,14.0,0.0,1.0,2.0,0.2,1.0,1.8,0.5,0.0,0,396.9342267120026,Newcastle United (default stadium),False,0,0.0,0,0,3,3,D
1266,2021-11-20,Norwich,Southampton,Premier League,Premier League,1369.7995136983777,1483.8051567842608,14.0,15.0,0.2,0.6,2.0,0.6,1.2,1.0,0.25,-1.5,4,266.3224573711899,Norwich (default stadium),False,0,0.0,0,0,2,1,H
1267,2021-11-20,Watford,Manchester United,Premier League,Premier League,1433.419692610451,1594.0865433922509,13.0,14.0,0.2,1.0,2.0,0.2,1.2,2.4,0.2,-0.8,5,237.3590819226217,Watford (default stadium),False,0,0.0,0,0,4,1,H
1268,2021-11-20,Wolverhampton Wanderers,West Ham United,Premier League,Premier League,1502.2939998666516,1583.1297841801513,14.0,13.0,0.6,1.6,1.4,0.8,2.0,1.0,0.6,0.4,5,9062.016054164233,Wolverhampton Wanderers (default stadium),False,0,0.0,0,0,1,0,H
1269,2021-11-20,Liverpool,Arsenal,Premier League,Premier League,1638.1333116661622,1574.6843348623975,13.0,13.0,0.4,3.2,1.4,0.6,1.6,0.6,0.8,2.0,5,5305.0330774456925,Liverpool (default stadium),False,0,0.0,0,0,4,0,H
1270,2021-11-21,Manchester City,Everton,Premier League,Premier League,1671.5859600791048,1510.046596587408,15.0,14.0,0.6,2.0,1.0,0.0,0.8,1.8,1.0,2.4,5,11690.468746176242,Manchester City (default stadium),False,0,0.0,0,0,3,0,H
1271,2021-11-21,Tottenham Hotspur,Leeds,Premier League,Premier League,1543.7314986277754,1509.4917562907337,14.0,14.0,0.4,1.0,1.4,0.4,1.0,0.8,0.5,0.5,2,262.1340479599546,Tottenham Hotspur (default stadium),False,0,0.0,0,0,2,1,H
1272,2021-11-27,Arsenal,Newcastle United,Premier League,Premier League,1568.346936934293,1444.7874521471806,7.0,7.0,0.6,1.6,1.4,0.0,1.4,2.2,1.0,2.4,5,392.7352980316752,Arsenal (default stadium),False,0,0.0,0,0,2,0,H
1273,2021-11-27,Crystal Palace,Aston Villa,Premier League,Premier League,1498.1935338822134,1476.1319223715523,7.0,7.0,0.4,2.0,1.2,0.2,1.2,2.2,0.4,-0.8,5,173.6948405935728,Crystal Palace (default stadium),False,0,0.0,0,0,1,2,A
1274,2021-11-27,Liverpool,Southampton,Premier League,Premier League,1644.4707095942667,1472.545302378795,7.0,7.0,0.6,3.6,1.0,0.6,1.2,0.8,0.8,1.6,5,5410.461987095733,Liverpool (default stadium),False,0,0.0,0,0,4,0,H
1275,2021-11-27,Norwich,Wolverhampton Wanderers,Premier League,Premier League,1381.0593681038436,1512.605777728905,7.0,7.0,0.4,1.0,2.2,0.6,1.4,1.2,0.0,-2.0,2,9133.80839640195,Norwich (default stadium),False,0,0.0,0,0,0,0,D
1276,2021-11-27,Brighton,Leeds,Premier League,Premier League,1492.9155610529835,1502.4051212276079,7.0,6.0,0.0,0.8,1.8,0.2,1.0,1.2,1.0,1.5,2,339.6744939084154,Brighton (default stadium),False,0,0.0,0,0,0,0,D
1277,2021-11-28,Brentford,Everton,Premier League,Premier League,1480.2315883176784,1505.8728223963233,8.0,7.0,0.0,1.2,2.2,0.0,0.6,2.2,0.5,0.0,0,11668.64261603479,Brentford (default stadium),False,0,0.0,0,0,1,0,H
1278,2021-11-28,Leicester City,Watford,Premier League,Premier League,1530.3360341043826,1445.9716265715663,8.0,8.0,0.4,1.4,1.8,0.4,1.8,2.0,0.6,1.0,5,119.18970796768599,Leicester City (default stadium),False,0,0.0,0,0,4,2,H
1279,2021-11-28,Manchester City,West Ham United,Premier League,Premier League,1675.7597342701895,1572.818006317898,7.0,8.0,0.8,2.2,0.6,0.8,1.8,0.8,0.8,1.8,5,262.0495522571908,Manchester City (default stadium),False,0,0.0,0,0,2,1,H
1280,2021-11-28,Chelsea,Manchester United,Premier League,Premier League,1631.4584556757911,1581.5346094311356,8.0,8.0,0.8,3.0,0.2,0.2,1.2,3.0,0.0,-1.2,5,260.84692450845216,Chelsea (default stadium),False,0,0.0,0,0,1,1,D
1281,2021-11-30,Newcastle United,Norwich,Premier League,Premier League,1439.84574481021,1382.8125163243242,3.0,3.0,0.0,1.0,2.0,0.4,1.0,2.2,0.25,0.25,4,322.8365950330847,Newcastle United (default stadium),False,0,0.0,0,0,1,1,D
1282,2021-11-30,Leeds,Crystal Palace,Premier League,Premier League,1504.1293532629468,1485.6041084435124,3.0,3.0,0.2,1.0,1.0,0.4,1.8,1.2,0.5,-0.5,2,281.22737753799595,Leeds (default stadium),False,0,0.0,0,0,1,0,H
1283,2021-12-01,Southampton,Leicester City,Premier League,Premier League,1468.5655525283637,1536.1640396360851,4.0,3.0,0.4,1.0,1.6,0.4,1.4,1.8,0.4,-1.8,5,191.4130852325117,Southampton (default stadium),False,0,0.0,0,0,2,2,D
1284,2021-12-01,Watford,Chelsea,Premier League,Premier League,1440.1436210398638,1628.1376172034618,3.0,3.0,0.4,2.2,1.8,0.6,3.0,0.4,0.2,-1.0,5,23.690230405937225,Watford (default stadium),False,0,0.0,0,0,1,2,A
1285,2021-12-01,West Ham United,Brighton,Premier League,Premier League,1567.4215929316324,1491.1913290176446,3.0,4.0,0.6,1.8,1.2,0.0,0.8,1.8,0.0,0.0,5,75.30394037947526,West Ham United (default stadium),False,0,0.0,0,0,1,1,D
1286,2021-12-01,Wolverhampton Wanderers,Burnley,Premier League,Premier League,1510.8526295084243,1453.7116731287692,4.0,11.0,0.4,0.8,0.8,0.2,1.8,1.8,0.0,-1.4,5,13238.018552642983,Wolverhampton Wanderers (default stadium),False,0,0.0,0,0,0,0,D
1287,2021-12-01,Aston Villa,Manchester City,Premier League,Premier League,1488.7213478102533,1681.1561476564548,4.0,3.0,0.4,1.2,1.8,0.8,2.2,0.8,0.0,-3.0,5,110.34451123028889,Aston Villa (default stadium),False,0,0.0,0,0,1,2,A
1288,2021-12-01,Everton,Liverpool,Premier League,Premier League,1497.1426778884518,1648.450459444698,3.0,4.0,0.0,0.6,2.2,0.6,3.4,1.0,0.2,-0.2,5,16451.58764038487,Everton (default stadium),True,0,0.0,0,0,1,4,A
1289,2021-12-02,Tottenham Hotspur,Brentford,Premier League,Premier League,1550.8181336909013,1488.96173282555,11.0,4.0,0.4,1.0,1.4,0.2,1.4,2.0,0.5,0.0,0,19.90739813763192,Tottenham Hotspur (default stadium),False,0,0.0,0,0,2,0,H
1290,2021-12-02,Manchester United,Arsenal,Premier League,Premier League,1584.855447903465,1573.2886442712636,4.0,5.0,0.2,1.0,2.4,0.8,1.6,1.0,0.0,-1.0,5,256.9000111017041,Manchester United (default stadium),False,0,0.0,0,0,3,2,H
1291,2021-12-04,West Ham United,Chelsea,Premier League,Premier League,1563.444839519925,1634.8662895532675,3.0,3.0,0.4,1.8,1.4,0.6,2.0,0.6,0.4,-0.8,5,13.657971575674615,West Ham United (default stadium),False,0,0.0,0,0,3,2,H
1292,2021-12-04,Newcastle United,Burnley,Premier League,Premier League,1436.3441016367387,1457.216036477505,4.0,3.0,0.0,1.0,2.0,0.2,1.8,1.4,0.6,0.8,5,6365.680353490109,Newcastle United (default stadium),False,0,0.0,0,0,1,0,H
1293,2021-12-04,Southampton,Brighton,Premier League,Premier League,1468.4964325318183,1495.1680824293521,3.0,3.0,0.4,1.0,1.6,0.0,0.8,1.2,0.6,0.6,5,91.83331837808883,Southampton (default stadium),False,0,0.0,0,0,1,1,D
1294,2021-12-04,Wolverhampton Wanderers,Liverpool,Premier League,Premier League,1507.3482661596886,1656.1520398322712,3.0,3.0,0.4,0.6,0.6,0.6,3.2,1.2,0.0,-1.8,5,8518.872327710977,Wolverhampton Wanderers (default stadium),False,0,0.0,0,0,0,1,A
1295,2021-12-04,Watford,Manchester City,Premier League,Premier League,1433.414948690058,1687.7711632262317,3.0,3.0,0.2,1.4,1.8,0.8,1.8,0.8,0.0,-3.4,5,237.3590819226217,Watford (default stadium),False,0,0.0,0,0,1,3,A
1296,2021-12-05,Leeds,Brentford,Premier League,Premier League,1511.6351354868348,1482.5845794234265,5.0,3.0,0.4,1.0,0.8,0.2,1.2,2.0,0.5,0.0,0,268.64618637638154,Leeds (default stadium),False,0,0.0,0,0,2,2,D
1297,2021-12-05,Manchester United,Crystal Palace,Premier League,Premier League,1592.549968088673,1478.0983262196244,3.0,5.0,0.4,1.6,1.8,0.4,1.6,1.2,0.4,0.2,5,271.155957712397,Manchester United (default stadium),False,0,0.0,0,0,1,0,H
1298,2021-12-05,Tottenham Hotspur,Norwich,Premier League,Premier League,1557.1952870930247,1386.3141594977953,3.0,5.0,0.4,0.8,1.0,0.4,1.2,1.0,0.75,1.75,4,147.07777918255633,Tottenham Hotspur (default stadium),False,0,0.0,0,0,3,0,H
1299,2021-12-05,Aston Villa,Leicester City,Premier League,Premier League,1482.1063322404764,1536.2331596326305,4.0,4.0,0.4,1.2,1.6,0.2,1.4,2.0,0.2,-1.4,5,51.70216611005376,Aston Villa (default stadium),False,0,0.0,0,0,2,1,H
1300,2021-12-06,Everton,Arsenal,Premier League,Premier League,1489.4410975008786,1565.5941240860554,5.0,4.0,0.0,0.4,2.0,0.6,1.4,1.4,0.6,0.4,5,11682.978134396302,Everton (default stadium),False,0,0.0,0,0,2,1,H
1301,2021-12-10,Brentford,Watford,Premier League,Premier League,1485.3606774383152,1428.2734962538036,5.0,6.0,0.2,1.4,1.8,0.2,1.6,2.2,0.5,0.0,0,19.315201615926156,Brentford (default stadium),False,0,0.0,0,0,2,1,H
1302,2021-12-11,Manchester City,Wolverhampton Wanderers,Premier League,Premier League,1692.9126156624861,1499.578309876889,7.0,7.0,1.0,2.4,0.6,0.2,0.2,0.6,0.6,1.0,5,9321.398073694803,Manchester City (default stadium),False,0,0.0,0,0,1,0,H
1303,2021-12-11,Arsenal,Southampton,Premier League,Premier League,1555.4170442575216,1467.2557674578095,5.0,7.0,0.4,1.2,1.8,0.2,1.0,1.8,0.6,1.2,5,114.81248103375616,Arsenal (default stadium),False,0,0.0,0,0,3,0,H
1304,2021-12-11,Chelsea,Leeds,Premier League,Premier League,1624.8253771608217,1508.859037471946,7.0,6.0,0.4,1.8,1.2,0.2,1.0,1.0,0.5,1.0,2,271.805200718174,Chelsea (default stadium),False,0,0.0,0,0,3,2,H
1305,2021-12-11,Liverpool,Aston Villa,Premier League,Premier League,1663.9219961150707,1491.6497832106813,7.0,6.0,0.8,3.0,0.8,0.6,1.4,1.0,0.8,1.0,5,5394.758205947946,Liverpool (default stadium),False,0,0.0,0,0,1,0,H
1306,2021-12-11,Norwich,Manchester United,Premier League,Premier League,1382.3152117870563,1597.6893225383421,6.0,6.0,0.4,1.0,1.2,0.4,1.2,1.8,0.25,-1.5,4,253.34295700774945,Norwich (default stadium),False,0,0.0,0,0,0,1,A
1307,2021-12-12,Burnley,West Ham United,Premier League,Premier League,1448.6207064190878,1573.4857519123707,8.0,8.0,0.2,1.4,1.2,0.4,1.6,1.6,0.6,0.8,5,6562.099962977977,Burnley (default stadium),False,0,0.0,0,0,0,0,D
1308,2021-12-12,Leicester City,Newcastle United,Premier League,Premier League,1526.6897086624256,1444.939431695156,7.0,8.0,0.2,1.6,2.0,0.2,1.2,1.4,0.6,1.2,5,263.6083592563879,Leicester City (default stadium),False,0,0.0,0,0,4,0,H
1309,2021-12-12,Crystal Palace,Everton,Premier League,Premier League,1472.9589717699553,1499.6181773294124,7.0,6.0,0.2,1.2,1.4,0.2,0.6,1.8,0.0,-0.6,5,11676.66690896838,Crystal Palace (default stadium),False,0,0.0,0,0,3,1,H
1310,2021-12-14,Norwich,Aston Villa,Premier League,Premier League,1376.2711998595032,1487.6763936358543,3.0,3.0,0.2,0.6,1.2,0.6,1.4,1.0,0.25,-1.25,4,216.25404831444274,Norwich (default stadium),False,0,0.0,0,0,0,2,A
1311,2021-12-14,Manchester City,Leeds,Premier League,Premier League,1696.5140132681008,1503.7529088551073,3.0,3.0,1.0,2.2,0.6,0.2,1.2,1.4,0.0,-0.5,2,52.825149610091614,Manchester City (default stadium),False,0,0.0,0,0,7,0,H
1312,2021-12-15,Brighton,Wolverhampton Wanderers,Premier League,Premier League,1496.408747503361,1495.9769122712744,11.0,4.0,0.0,0.6,1.0,0.2,0.2,0.4,0.0,-0.2,5,8996.140833084839,Brighton (default stadium),False,0,0.0,0,0,0,1,A
1313,2021-12-15,Crystal Palace,Southampton,Premier League,Premier League,1481.7179540339084,1461.5176101508519,3.0,4.0,0.2,1.4,1.6,0.0,0.8,2.4,0.2,-0.6,5,108.42688407911376,Crystal Palace (default stadium),False,0,0.0,0,0,2,2,D
1314,2021-12-15,Arsenal,West Ham United,Premier League,Premier League,1561.1552015644793,1571.9196056630112,4.0,3.0,0.4,1.6,1.8,0.2,1.0,1.2,0.6,0.6,5,6.7390655013334415,Arsenal (default stadium),False,0,0.0,0,0,2,0,H
1315,2021-12-16,Chelsea,Everton,Premier League,Premier League,1629.9315057776605,1490.8591950654593,5.0,4.0,0.6,2.2,1.4,0.2,0.8,2.4,0.4,0.2,5,11673.649510171086,Chelsea (default stadium),False,0,0.0,0,0,1,1,D
1316,2021-12-16,Liverpool,Newcastle United,Premier League,Premier League,1667.8953856898977,1439.0490869818332,5.0,4.0,1.0,2.8,0.2,0.2,1.0,2.0,0.6,1.0,5,5307.58997068219,Liverpool (default stadium),False,0,0.0,0,0,3,1,H
1317,2021-12-18,Leeds,Arsenal,Premier League,Premier League,1500.1417575551993,1569.4665939926738,4.0,3.0,0.2,1.0,2.4,0.6,2.0,1.0,0.0,-1.0,2,266.1477715120681,Leeds (default stadium),False,0,0.0,0,0,1,4,A
1318,2021-12-19,Newcastle United,Manchester City,Premier League,Premier League,1436.0124302361696,1700.1251645680088,3.0,5.0,0.2,0.6,2.0,1.0,3.0,0.6,0.2,-1.4,5,171.2592358971847,Newcastle United (default stadium),False,0,0.0,0,0,0,4,A
1319,2021-12-19,Wolverhampton Wanderers,Chelsea,Premier League,Premier League,1507.9767832785399,1624.5485089560943,4.0,3.0,0.2,0.2,0.4,0.4,1.8,1.6,0.2,-0.8,5,9061.62140506431,Wolverhampton Wanderers (default stadium),False,0,0.0,0,0,0,0,D
1320,2021-12-19,Tottenham Hotspur,Liverpool,Premier League,Premier League,1561.1942348037637,1670.9320424355612,14.0,3.0,0.6,1.4,0.8,1.0,2.6,0.4,0.0,-1.2,5,5300.810896107908,Tottenham Hotspur (default stadium),False,0,0.0,0,0,2,2,D
1321,2021-12-26,Manchester City,Leicester City,Premier League,Premier League,1705.0550319654635,1532.5800533757483,7.0,14.0,1.0,3.4,0.4,0.4,2.2,1.8,0.8,0.6,5,119.18446031803153,Manchester City (default stadium),False,0,0.0,0,0,6,3,H
1322,2021-12-26,Norwich,Arsenal,Premier League,Premier League,1367.457327167673,1579.4860267376423,12.0,8.0,0.0,0.2,1.4,0.6,2.4,1.2,0.0,-1.2,5,153.16871679599038,Norwich (default stadium),False,0,0.0,0,0,0,5,A
1323,2021-12-26,Tottenham Hotspur,Crystal Palace,Premier League,Premier League,1562.3330194828668,1479.1785770906786,7.0,11.0,0.6,1.8,0.6,0.2,1.2,1.4,0.4,0.8,5,20.57108758153193,Tottenham Hotspur (default stadium),False,0,0.0,0,0,3,0,H
1324,2021-12-26,West Ham United,Southampton,Premier League,Premier League,1563.6082132348167,1464.0569870940817,11.0,11.0,0.2,1.0,1.4,0.0,1.0,2.4,0.6,1.2,5,118.78899564721851,West Ham United (default stadium),False,0,0.0,0,0,2,3,A
1325,2021-12-26,Aston Villa,Chelsea,Premier League,Premier League,1496.4902663276846,1623.216037942166,12.0,7.0,0.6,1.4,1.0,0.4,1.6,1.4,0.2,-0.8,5,162.80441844458147,Aston Villa (default stadium),False,0,0.0,0,0,1,3,A
1326,2021-12-26,Brighton,Brentford,Premier League,Premier League,1484.4088764960954,1491.8576718623287,11.0,16.0,0.0,0.4,1.0,0.4,1.6,1.6,1.0,1.0,1,71.40866453526951,Brighton (default stadium),False,0,0.0,0,0,2,0,H
1327,2021-12-27,Newcastle United,Manchester United,Premier League,Premier League,1431.082562838715,1603.7333344658953,8.0,16.0,0.2,0.6,2.4,0.6,1.4,1.4,0.2,-2.0,5,171.2592358971847,Newcastle United (default stadium),False,0,0.0,0,0,1,1,D
1328,2021-12-28,Crystal Palace,Norwich,Premier League,Premier League,1473.3217658090512,1361.3317875580747,2.0,2.0,0.2,1.0,1.6,0.0,0.2,2.4,0.75,1.25,4,163.6465462971406,Crystal Palace (default stadium),False,0,0.0,0,0,3,0,H
1329,2021-12-28,Southampton,Tottenham Hotspur,Premier League,Premier League,1478.5833241449661,1568.1898307644942,2.0,2.0,0.2,1.6,2.0,0.8,2.4,0.6,0.4,-0.6,5,120.5232777621848,Southampton (default stadium),False,0,0.0,0,0,1,1,D
1330,2021-12-28,Watford,West Ham United,Premier League,Premier League,1421.77650182979,1549.0818761839323,18.0,2.0,0.2,1.8,2.4,0.2,1.2,1.6,0.2,-1.4,5,29.461782304363904,Watford (default stadium),False,0,0.0,0,0,1,4,A
1331,2021-12-28,Leicester City,Liverpool,Premier League,Premier League,1528.6103788984437,1669.7932577564582,2.0,9.0,0.4,2.8,2.4,0.8,2.2,0.8,0.2,-1.2,5,5343.065862682322,Leicester City (default stadium),False,0,0.0,0,0,1,0,H
1332,2021-12-29,Chelsea,Brighton,Premier League,Premier League,1631.5976936001282,1492.6277111082625,3.0,3.0,0.4,1.8,1.4,0.2,0.8,0.6,0.6,1.4,5,69.35066034154319,Chelsea (default stadium),False,0,0.0,0,0,1,1,D
1333,2021-12-29,Brentford,Manchester City,Premier League,Premier League,1483.6388372501617,1709.024706442768,3.0,3.0,0.4,1.0,1.4,1.0,4.2,0.8,0.5,0.0,0,256.56458170773715,Brentford (default stadium),False,0,0.0,0,0,0,1,A
1334,2021-12-30,Manchester United,Burnley,Premier League,Premier League,1600.861877544633,1450.1868526684473,3.0,18.0,0.6,1.4,0.8,0.0,0.8,1.0,0.6,0.6,5,6363.654979892703,Manchester United (default stadium),False,0,0.0,0,0,3,1,H
1335,2022-01-01,Arsenal,Manchester City,Premier League,Premier League,1585.6115663472406,1714.8284589957084,6.0,3.0,0.8,3.0,0.6,1.0,3.8,0.6,0.0,-2.6,5,256.9000111017041,Arsenal (default stadium),False,0,0.0,0,0,1,2,A
1336,2022-01-01,Watford,Tottenham Hotspur,Premier League,Premier League,1413.4110871638666,1567.6261084200019,4.0,4.0,0.0,1.2,3.0,0.6,2.2,0.6,0.2,-0.2,5,23.679576890869605,Watford (default stadium),False,0,0.0,0,0,0,1,A
1337,2022-01-01,Crystal Palace,West Ham United,Premier League,Premier League,1478.515419230265,1557.4472908498558,4.0,4.0,0.4,1.6,1.4,0.4,1.8,1.6,0.4,0.2,5,13.663891147783643,Crystal Palace (default stadium),False,0,0.0,0,0,2,3,A
1338,2022-01-02,Brentford,Aston Villa,Premier League,Premier League,1477.8350846972214,1488.1086106697223,4.0,7.0,0.2,0.8,1.6,0.4,1.2,1.4,0.0,0.0,1,157.35324894635983,Brentford (default stadium),False,0,0.0,0,0,2,1,H
1339,2022-01-02,Everton,Brighton,Premier League,Premier League,1496.2421918870255,1498.0086157881392,17.0,4.0,0.2,1.0,2.0,0.2,1.0,0.8,0.6,0.8,5,11640.55138593053,Everton (default stadium),False,0,0.0,0,0,2,3,A
1340,2022-01-02,Leeds,Burnley,Premier League,Premier League,1490.1223248102308,1445.8027605084424,15.0,3.0,0.2,1.2,3.2,0.0,0.8,1.4,0.6666666666666666,1.6666666666666667,3,6396.186690633047,Leeds (default stadium),False,0,0.0,0,0,3,1,H
1341,2022-01-02,Chelsea,Liverpool,Premier League,Premier League,1626.2167889202515,1657.7726435351315,4.0,5.0,0.4,1.6,1.0,0.6,1.4,0.8,0.2,-0.8,5,5312.655647759373,Chelsea (default stadium),False,0,0.0,0,0,2,2,D
1342,2022-01-03,Manchester United,Wolverhampton Wanderers,Premier League,Premier League,1605.245969704638,1509.3092542924683,4.0,15.0,0.8,1.8,0.8,0.2,0.2,0.4,0.6,0.6,5,9321.398073694803,Manchester United (default stadium),False,0,0.0,0,0,0,1,A
1343,2022-01-11,Southampton,Brentford,Premier League,Premier League,1479.1470464894585,1486.1327546627167,14.0,9.0,0.2,1.4,1.8,0.4,1.2,1.4,0.5,0.0,0,100.61634259929923,Southampton (default stadium),False,0,0.0,0,0,4,1,H
1344,2022-01-12,West Ham United,Norwich,Premier League,Premier League,1567.1902675391266,1356.1381341368608,11.0,15.0,0.4,1.8,1.6,0.0,0.0,2.8,0.5,1.5,4,150.78179413404644,West Ham United (default stadium),False,0,0.0,0,0,2,0,H
1345,2022-01-14,Brighton,Crystal Palace,Premier League,Premier League,1509.9476701823905,1468.7724425409942,12.0,13.0,0.4,1.4,1.0,0.4,2.0,1.8,0.0,-0.4,5,62.01282292846458,Brighton (default stadium),False,0,0.0,0,0,1,1,D
1346,2022-01-15,Manchester City,Chelsea,Premier League,Premier League,1723.1403744018357,1625.1147713842925,14.0,13.0,1.0,4.0,0.8,0.2,1.4,1.0,0.6,0.4,5,260.84692450845216,Manchester City (default stadium),False,0,0.0,0,0,1,0,H
1347,2022-01-15,Newcastle United,Watford,Premier League,Premier League,1433.9540197599772,1405.7886094440298,19.0,14.0,0.2,0.6,2.4,0.0,0.8,2.4,0.2,0.0,5,378.04905633016585,Newcastle United (default stadium),False,0,0.0,0,0,1,1,D
1348,2022-01-15,Norwich,Everton,Premier League,Premier League,1352.8281467974473,1484.303137492774,3.0,13.0,0.0,0.0,2.6,0.2,1.4,2.4,0.2,-0.8,5,11829.611064499979,Norwich (default stadium),False,0,0.0,0,0,2,1,H
1349,2022-01-15,Wolverhampton Wanderers,Southampton,Premier League,Premier League,1523.752483208034,1487.3529783119836,12.0,4.0,0.4,0.4,0.4,0.4,2.0,1.8,0.6,0.6,5,9040.708255581369,Wolverhampton Wanderers (default stadium),False,0,0.0,0,0,3,1,H
1350,2022-01-15,Aston Villa,Manchester United,Premier League,Premier League,1479.810940704227,1590.8027407890722,13.0,12.0,0.4,1.2,1.4,0.6,1.2,0.6,0.2,-1.0,5,110.34451123028889,Aston Villa (default stadium),False,0,0.0,0,0,2,2,D
1351,2022-01-16,Liverpool,Brentford,Premier League,Premier League,1658.8746610710905,1477.9268228401916,14.0,5.0,0.4,1.6,1.2,0.4,1.0,1.8,0.0,0.0,1,5318.949465164578,Liverpool (default stadium),False,0,0.0,0,0,3,0,H
1352,2022-01-16,West Ham United,Leeds,Premier League,Premier League,1570.50025487854,1496.9457622859188,4.0,14.0,0.6,2.2,1.6,0.2,1.6,3.4,1.0,1.3333333333333333,3,270.3424531113237,West Ham United (default stadium),False,0,0.0,0,0,2,3,A
1353,2022-01-18,Brighton,Chelsea,Premier League,Premier League,1506.8527092280515,1619.6061245225212,4.0,3.0,0.4,1.4,1.0,0.2,1.2,1.0,0.0,-0.8,5,69.35066034154319,Brighton (default stadium),False,0,0.0,0,0,1,1,D
1354,2022-01-19,Leicester City,Tottenham Hotspur,Premier League,Premier League,1540.6309931197704,1575.2485861398386,22.0,18.0,0.4,2.2,2.0,0.6,2.0,0.6,0.4,-0.8,5,134.78780460437943,Leicester City (default stadium),False,0,0.0,0,0,2,3,A
1355,2022-01-19,Brentford,Manchester United,Premier League,Premier League,1474.1100555360294,1589.6283461593705,3.0,4.0,0.2,0.6,2.2,0.4,1.4,1.0,0.5,0.0,0,256.56458170773715,Brentford (default stadium),False,0,0.0,0,0,1,3,A
1356,2022-01-21,Watford,Norwich,Premier League,Premier League,1408.5411777316435,1364.5793025236321,6.0,6.0,0.0,0.8,2.2,0.2,0.4,2.6,0.8,1.0,5,159.11339443342936,Watford (default stadium),False,0,0.0,0,0,0,3,A
1357,2022-01-22,Everton,Aston Villa,Premier League,Premier League,1472.5519817665893,1480.9853353339288,7.0,7.0,0.2,1.4,2.0,0.2,1.2,1.6,0.0,-1.2,5,11644.551802132402,Everton (default stadium),False,0,0.0,0,0,0,1,A
1358,2022-01-22,Brentford,Wolverhampton Wanderers,Premier League,Premier League,1465.4127326366176,1530.7823350783476,3.0,7.0,0.2,0.8,2.4,0.6,1.0,0.4,1.0,2.0,1,9065.45839959068,Brentford (default stadium),False,0,0.0,0,0,1,2,A
1359,2022-01-22,Leeds,Newcastle United,Premier League,Premier League,1510.8574824890584,1431.2014514723635,6.0,7.0,0.4,1.8,3.4,0.0,0.6,2.6,0.6666666666666666,1.3333333333333333,3,133.43902338537998,Leeds (default stadium),False,0,0.0,0,0,0,1,A
1360,2022-01-22,Manchester United,West Ham United,Premier League,Premier League,1598.3256690587823,1556.5885346754005,3.0,6.0,0.4,1.8,1.2,0.6,2.6,1.8,0.6,0.4,5,262.0495522571908,Manchester United (default stadium),False,0,0.0,0,0,1,0,H
1361,2022-01-22,Southampton,Manchester City,Premier League,Premier League,1480.32312644167,1728.649021263607,7.0,7.0,0.4,2.2,1.8,1.0,2.8,0.8,0.2,-0.8,5,291.8406815664775,Southampton (default stadium),False,0,0.0,0,0,1,1,D
1362,2022-01-23,Arsenal,Burnley,Premier League,Premier League,1577.2996509411132,1438.9793230327543,22.0,21.0,0.8,3.0,0.6,0.0,0.4,1.4,0.4,0.2,5,6555.361279391892,Arsenal (default stadium),False,0,0.0,0,0,0,0,D
1363,2022-01-23,Crystal Palace,Liverpool,Premier League,Premier League,1471.8674034953333,1662.6914283752526,9.0,7.0,0.2,1.6,1.8,0.4,2.0,1.2,0.0,-3.4,5,5306.285725112793,Crystal Palace (default stadium),False,0,0.0,0,0,1,3,A
1364,2022-01-23,Leicester City,Brighton,Premier League,Premier League,1529.616111650339,1508.0770777315468,4.0,5.0,0.4,2.2,2.2,0.4,1.6,1.0,0.6,1.0,5,208.7110806263465,Leicester City (default stadium),False,0,0.0,0,0,1,1,D
1365,2022-01-23,Chelsea,Tottenham Hotspur,Premier League,Premier League,1618.381756019026,1586.26346760927,5.0,4.0,0.2,1.4,1.2,0.6,2.0,1.0,0.8,1.4,5,16.124829392275434,Chelsea (default stadium),True,0,0.0,0,0,2,0,H
1366,2022-02-05,Burnley,Watford,Premier League,Premier League,1444.3469297933248,1395.3738745176863,13.0,15.0,0.0,0.4,1.4,0.0,0.6,2.2,0.6,0.6,5,6533.004942220552,Burnley (default stadium),False,0,0.0,0,0,0,0,D
1367,2022-02-08,Newcastle United,Everton,Premier League,Premier League,1445.2608861018734,1460.7982689918715,17.0,17.0,0.2,0.8,1.8,0.0,1.0,2.0,0.6,0.6,5,11820.07394279188,Newcastle United (default stadium),False,0,0.0,0,0,3,1,H
1368,2022-02-08,West Ham United,Watford,Premier League,Premier League,1549.6981121025217,1398.6703428496558,17.0,3.0,0.6,2.2,1.4,0.0,0.4,1.8,0.8,1.6,5,29.461782304363904,West Ham United (default stadium),False,0,0.0,0,0,1,0,H
1369,2022-02-08,Burnley,Manchester United,Premier League,Premier League,1441.0504614613553,1605.2160916316611,3.0,17.0,0.0,0.4,1.2,0.6,1.8,1.0,0.2,-1.0,5,6363.654979892703,Burnley (default stadium),False,0,0.0,0,0,1,1,D
1370,2022-02-09,Manchester City,Brentford,Premier League,Premier League,1723.924183147904,1455.2794669717653,18.0,18.0,0.8,2.2,1.0,0.2,1.0,2.6,1.0,1.0,1,256.56458170773715,Manchester City (default stadium),False,0,0.0,0,0,2,0,H
1371,2022-02-09,Norwich,Crystal Palace,Premier League,Premier League,1377.7466057375893,1465.2112740621092,19.0,17.0,0.4,1.0,2.2,0.2,1.4,2.0,0.0,-1.6,5,163.6465462971406,Norwich (default stadium),False,0,0.0,0,0,1,1,D
1372,2022-02-09,Tottenham Hotspur,Southampton,Premier League,Premier League,1579.120855928673,1485.047964557373,17.0,18.0,0.6,1.6,1.0,0.4,2.0,1.6,0.6,0.8,5,120.5232777621848,Tottenham Hotspur (default stadium),False,0,0.0,0,0,2,3,A
1373,2022-02-09,Aston Villa,Leeds,Premier League,Premier League,1492.7390481086466,1496.7980478595484,18.0,18.0,0.4,1.4,1.4,0.4,1.4,3.0,0.5,-1.0,2,142.61128348620935,Aston Villa (default stadium),False,0,0.0,0,0,3,3,D
1374,2022-02-10,Liverpool,Leicester City,Premier League,Premier League,1669.3475578084767,1527.0407241434507,18.0,18.0,0.4,2.0,1.2,0.4,2.2,2.0,0.6,1.0,5,5343.065862682322,Liverpool (default stadium),False,0,0.0,0,0,2,0,H
1375,2022-02-10,Wolverhampton Wanderers,Arsenal,Premier League,Premier League,1540.9156007432,1571.9320441805428,19.0,18.0,0.8,1.4,0.4,0.6,2.4,0.6,0.6,0.4,5,9066.534594608813,Wolverhampton Wanderers (default stadium),False,0,0.0,0,0,0,1,A
1376,2022-02-12,Manchester United,Southampton,Premier League,Premier League,1602.5702573375022,1499.44803663211,4.0,3.0,0.4,1.4,1.0,0.4,2.0,1.6,0.4,2.0,5,291.8406815664775,Manchester United (default stadium),False,0,0.0,0,0,1,1,D
1377,2022-02-12,Brentford,Crystal Palace,Premier League,Premier League,1452.7870816280374,1464.7090234592679,3.0,3.0,0.0,0.6,2.8,0.2,1.6,1.6,0.0,0.0,1,17.206103782973617,Brentford (default stadium),False,0,0.0,0,0,0,0,D
1378,2022-02-12,Everton,Leeds,Premier League,Premier League,1452.3531144813664,1498.6735171975845,4.0,3.0,0.0,1.0,2.0,0.4,2.0,2.2,0.3333333333333333,0.0,3,11743.222850617241,Everton (default stadium),False,0,0.0,0,0,3,0,H
1379,2022-02-12,Watford,Brighton,Premier League,Premier League,1394.293197493114,1510.652465238435,4.0,20.0,0.0,0.2,1.2,0.2,1.4,1.2,0.2,-0.6,5,90.38973636945235,Watford (default stadium),False,0,0.0,0,0,0,2,A
1380,2022-02-12,Norwich,Manchester City,Premier League,Premier League,1378.2488563404306,1726.4165684916318,3.0,3.0,0.4,1.2,1.4,0.8,1.4,0.4,0.2,-2.0,5,253.34295700774945,Norwich (default stadium),False,0,0.0,0,0,0,4,A
1381,2022-02-13,Burnley,Liverpool,Premier League,Premier League,1443.6962957555143,1673.8987719413594,5.0,3.0,0.0,0.6,1.4,0.6,2.0,0.8,0.2,-1.4,5,11263.441847487935,Burnley (default stadium),False,0,0.0,0,0,0,1,A
1382,2022-02-13,Newcastle United,Aston Villa,Premier League,Premier League,1453.7060406123785,1490.8635787706105,5.0,4.0,0.4,1.2,1.4,0.2,1.6,2.0,0.0,-1.2,5,275.3185930085947,Newcastle United (default stadium),False,0,0.0,0,0,1,0,H
1383,2022-02-13,Tottenham Hotspur,Wolverhampton Wanderers,Premier League,Premier League,1564.7207838539362,1529.798248889777,4.0,3.0,0.4,1.4,1.6,0.6,1.2,0.6,0.6,0.6,5,9070.237755303215,Tottenham Hotspur (default stadium),False,0,0.0,0,0,0,2,A
1384,2022-02-13,Leicester City,West Ham United,Premier League,Premier League,1522.489510010568,1554.0752574590636,3.0,5.0,0.2,1.4,2.4,0.6,1.6,1.2,0.4,-0.6,5,142.949836877498,Leicester City (default stadium),False,0,0.0,0,0,2,2,D
1385,2022-02-15,Manchester United,Brighton,Premier League,Premier League,1597.9625776806288,1519.3260011729672,3.0,3.0,0.4,1.6,1.0,0.4,1.6,1.0,1.0,1.6,5,325.25795184878103,Manchester United (default stadium),False,0,0.0,0,0,2,0,H
1386,2022-02-19,West Ham United,Newcastle United,Premier League,Premier League,1555.1764250509339,1462.7635640952178,6.0,6.0,0.4,1.4,1.2,0.6,1.4,0.6,0.2,-0.4,5,396.1921830254467,West Ham United (default stadium),False,0,0.0,0,0,1,1,D
1387,2022-02-19,Arsenal,Brentford,Premier League,Premier League,1583.0493960339659,1451.130858781283,9.0,7.0,0.6,2.2,0.6,0.0,0.4,2.0,0.0,-2.0,1,14.388544946146704,Arsenal (default stadium),False,0,0.0,0,0,2,1,H
1388,2022-02-19,Aston Villa,Watford,Premier League,Premier League,1481.8060552877712,1385.6196615585818,6.0,7.0,0.2,1.4,1.6,0.0,0.2,1.4,0.2,-1.0,5,139.3187961666235,Aston Villa (default stadium),False,0,0.0,0,0,0,1,A
1389,2022-02-19,Brighton,Burnley,Premier League,Premier League,1513.360899701492,1438.0060972353872,4.0,6.0,0.2,1.0,1.0,0.0,0.4,1.0,0.4,0.4,5,6578.701185693557,Brighton (default stadium),False,0,0.0,0,0,0,3,A
1390,2022-02-19,Crystal Palace,Chelsea,Premier League,Premier League,1466.3652463060223,1625.5243676996229,7.0,27.0,0.0,1.0,1.6,0.2,1.2,1.0,0.0,-2.6,5,10.944971454605678,Crystal Palace (default stadium),False,0,0.0,0,0,0,1,A
1391,2022-02-19,Liverpool,Norwich,Premier League,Premier League,1679.5889704614865,1374.8927503942411,6.0,7.0,0.8,2.2,0.6,0.4,1.2,1.6,0.8,1.6,5,5182.350543665449,Liverpool (default stadium),False,0,0.0,0,0,3,1,H
1392,2022-02-19,Southampton,Everton,Premier League,Premier League,1504.0557162889834,1461.6726142347216,7.0,7.0,0.4,2.0,1.6,0.2,1.4,1.8,0.2,-0.4,5,11568.424076531252,Southampton (default stadium),False,0,0.0,0,0,2,0,H
1393,2022-02-19,Manchester City,Tottenham Hotspur,Premier League,Premier League,1729.7726744378213,1551.7894449112744,7.0,6.0,0.8,2.0,0.4,0.4,1.2,1.8,0.2,-0.4,5,253.91120185713115,Manchester City (default stadium),False,0,0.0,0,0,2,3,A
1394,2022-02-20,Leeds,Manchester United,Premier League,Premier League,1489.3540174442294,1603.927679152104,8.0,5.0,0.4,1.8,2.0,0.6,1.6,0.6,0.0,-2.6666666666666665,3,52.825149610091614,Leeds (default stadium),False,0,0.0,0,0,2,4,A
1395,2022-02-20,Wolverhampton Wanderers,Leicester City,Premier League,Premier League,1542.7295878324387,1521.3883424186977,7.0,7.0,0.8,1.6,0.6,0.2,1.2,1.6,0.0,-0.4,5,9203.941453824911,Wolverhampton Wanderers (default stadium),False,0,0.0,0,0,2,1,H
1396,2022-02-23,Burnley,Tottenham Hotspur,Premier League,Premier League,1451.9616165323873,1567.9196940793265,4.0,4.0,0.2,0.8,0.4,0.4,1.6,2.2,0.2,-1.8,5,6556.63679428139,Burnley (default stadium),False,0,0.0,0,0,1,0,H
1397,2022-02-23,Watford,Crystal Palace,Premier League,Premier League,1400.0686562081908,1458.8765657067665,4.0,4.0,0.2,0.2,1.2,0.0,0.6,1.2,0.4,0.2,5,34.44633804123294,Watford (default stadium),False,0,0.0,0,0,1,4,A
1398,2022-02-23,Liverpool,Leeds,Premier League,Premier League,1681.66268836095,1480.629957917225,4.0,3.0,1.0,2.4,0.4,0.2,1.6,2.6,0.6666666666666666,1.3333333333333333,3,5338.9965121563355,Liverpool (default stadium),False,0,0.0,0,0,6,0,H
1399,2022-02-24,Arsenal,Wolverhampton Wanderers,Premier League,Premier League,1587.8142557120034,1550.159516332604,5.0,4.0,0.6,1.8,0.6,0.8,1.8,0.8,0.4,0.2,5,9066.534594608813,Arsenal (default stadium),False,0,0.0,0,0,2,1,H
1400,2022-02-25,Southampton,Norwich,Premier League,Premier League,1510.9293539323676,1372.8190324947777,6.0,6.0,0.4,1.6,1.4,0.4,1.4,1.8,0.6,1.0,5,266.3224573711899,Southampton (default stadium),False,0,0.0,0,0,2,0,H
1401,2022-02-26,Leeds,Tottenham Hotspur,Premier League,Premier League,1477.1575696790621,1556.604575755294,3.0,3.0,0.0,1.0,3.4,0.2,1.0,2.0,0.3333333333333333,-0.6666666666666666,3,262.1340479599546,Leeds (default stadium),False,0,0.0,0,0,0,4,A
1402,2022-02-26,Brentford,Newcastle United,Premier League,Premier League,1446.3659991032455,1467.1250261939851,7.0,7.0,0.0,0.6,1.8,0.6,1.4,0.6,0.0,0.0,1,396.9342267120026,Brentford (default stadium),False,0,0.0,0,0,0,2,A
1403,2022-02-26,Crystal Palace,Burnley,Premier League,Premier League,1469.1985885855918,1463.2767348564198,3.0,3.0,0.2,1.2,1.2,0.4,1.0,0.4,0.2,-0.6,5,6562.201316773521,Crystal Palace (default stadium),False,0,0.0,0,0,1,1,D
1404,2022-02-26,Manchester United,Watford,Premier League,Premier League,1612.6517386791083,1389.7466333293655,6.0,3.0,0.6,1.8,0.8,0.2,0.4,1.4,0.6,0.0,5,237.3590819226217,Manchester United (default stadium),False,0,0.0,0,0,0,0,D
1405,2022-02-26,Brighton,Aston Villa,Premier League,Premier League,1499.4053804044918,1467.3570606381622,7.0,7.0,0.2,0.8,1.4,0.2,1.2,1.4,0.2,-0.4,5,221.3083143577021,Brighton (default stadium),False,0,0.0,0,0,0,2,A
1406,2022-02-26,Everton,Manchester City,Premier League,Premier League,1454.7989765913374,1713.642425269769,7.0,7.0,0.2,1.0,1.6,0.6,2.0,0.8,0.0,-2.6,5,11690.468746176242,Everton (default stadium),False,0,0.0,0,0,0,1,A
1407,2022-02-27,West Ham United,Wolverhampton Wanderers,Premier League,Premier League,1550.8149629521665,1543.1625703799384,8.0,3.0,0.2,1.2,1.4,0.6,1.4,1.0,0.4,0.0,5,9062.016054164233,West Ham United (default stadium),False,0,0.0,0,0,1,0,H
1408,2022-03-01,Burnley,Leicester City,Premier League,Premier League,1465.4278110870919,1513.9584139185324,3.0,9.0,0.4,1.2,0.6,0.0,1.2,2.0,0.2,-0.4,5,6455.690567406472,Burnley (default stadium),False,0,0.0,0,0,0,2,A
1409,2022-03-05,Leicester City,Leeds,Premier League,Premier League,1524.5755675112716,1467.4294093811127,4.0,7.0,0.2,1.2,1.4,0.0,1.0,4.0,0.3333333333333333,0.3333333333333333,3,131.84972848212365,Leicester City (default stadium),False,0,0.0,0,0,1,0,H
1410,2022-03-05,Aston Villa,Southampton,Premier League,Premier League,1480.2125994166568,1515.5660515548243,7.0,8.0,0.4,1.2,1.0,0.6,1.8,0.8,0.2,-1.0,5,181.49627866409335,Aston Villa (default stadium),False,0,0.0,0,0,4,0,H
1411,2022-03-05,Burnley,Chelsea,Premier League,Premier League,1454.8106574943527,1633.0130482988786,4.0,14.0,0.4,1.0,0.8,0.4,1.2,0.8,0.0,-2.0,5,6552.140911877313,Burnley (default stadium),False,0,0.0,0,0,0,4,A
1412,2022-03-05,Newcastle United,Brighton,Premier League,Premier League,1478.5328816156532,1486.5498416259973,7.0,7.0,0.8,1.6,0.4,0.2,0.6,1.6,0.0,-1.2,5,468.342499245935,Newcastle United (default stadium),False,0,0.0,0,0,2,1,H
1413,2022-03-05,Norwich,Brentford,Premier League,Premier League,1368.182334872321,1434.9581436815774,8.0,7.0,0.2,1.0,2.0,0.0,0.4,1.6,1.0,1.0,1,166.62552270858927,Norwich (default stadium),False,0,0.0,0,0,1,3,A
1414,2022-03-05,Wolverhampton Wanderers,Crystal Palace,Premier League,Premier League,1535.3610995649874,1467.0475123549197,6.0,7.0,0.4,1.0,1.0,0.2,1.2,0.8,0.4,0.2,5,9051.721081889698,Wolverhampton Wanderers (default stadium),False,0,0.0,0,0,0,2,A
1415,2022-03-05,Liverpool,West Ham United,Premier League,Premier League,1685.1350765991128,1558.6164337671175,10.0,6.0,1.0,3.0,0.4,0.4,1.0,0.8,0.8,1.0,5,5299.298724106387,Liverpool (default stadium),False,0,0.0,0,0,1,0,H
1416,2022-03-06,Watford,Arsenal,Premier League,Premier League,1396.6208379321852,1594.811201664669,8.0,10.0,0.2,0.4,1.4,0.6,1.2,0.8,0.0,-1.0,5,22.816875346141348,Watford (default stadium),False,0,0.0,0,0,2,3,A
1417,2022-03-06,Manchester City,Manchester United,Premier League,Premier League,1718.6858325926542,1605.7775340762887,8.0,8.0,0.6,2.0,0.8,0.4,1.6,0.8,0.2,-0.6,5,0.0,Manchester City (default stadium),True,0,0.0,0,0,4,1,H
1418,2022-03-07,Tottenham Hotspur,Everton,Premier League,Premier League,1566.3327360532435,1449.7555692684523,9.0,9.0,0.4,1.8,1.6,0.2,0.8,1.4,0.2,0.0,5,11688.48360204595,Tottenham Hotspur (default stadium),False,0,0.0,0,0,5,0,H
1419,2022-03-10,Norwich,Chelsea,Premier League,Premier League,1358.0895378539715,1639.9956599042769,5.0,5.0,0.0,0.6,2.6,0.6,1.6,0.4,0.0,-2.2,5,163.10075119791753,Norwich (default stadium),False,0,0.0,0,0,1,3,A
1420,2022-03-10,Southampton,Newcastle United,Premier League,Premier League,1506.5599669689148,1486.7675551101058,5.0,5.0,0.6,1.6,1.4,0.8,1.8,0.6,0.2,-0.2,5,452.9404186033056,Southampton (default stadium),False,0,0.0,0,0,1,2,A
1421,2022-03-10,Wolverhampton Wanderers,Watford,Premier League,Premier League,1521.5778916138513,1390.1516682907381,5.0,4.0,0.4,1.0,1.2,0.2,0.8,1.8,0.6,0.4,5,9084.763375498067,Wolverhampton Wanderers (default stadium),False,0,0.0,0,0,4,0,H
1422,2022-03-10,Leeds,Aston Villa,Premier League,Premier League,1460.9339040613106,1489.2186840025663,5.0,5.0,0.0,0.4,3.6,0.4,1.8,1.0,0.3333333333333333,0.6666666666666666,3,142.61128348620935,Leeds (default stadium),False,0,0.0,0,0,0,3,A
1423,2022-03-12,Brighton,Liverpool,Premier League,Premier League,1478.3151681315446,1690.0136781553063,7.0,7.0,0.2,0.6,1.8,1.0,2.6,0.2,0.2,-0.4,5,5323.625304961785,Brighton (default stadium),False,0,0.0,0,0,0,2,A
1424,2022-03-12,Brentford,Burnley,Premier League,Premier League,1445.050940699927,1447.8280458889544,7.0,7.0,0.2,0.8,1.4,0.4,1.0,1.4,0.0,-2.0,1,6545.334738318465,Brentford (default stadium),False,0,0.0,0,0,2,0,H
1425,2022-03-12,Manchester United,Tottenham Hotspur,Premier League,Premier League,1600.6041802964573,1571.4255058102033,6.0,5.0,0.4,1.6,1.4,0.6,2.4,1.0,0.6,0.2,5,253.91120185713115,Manchester United (default stadium),False,0,0.0,0,0,3,2,H
1426,2022-03-13,Chelsea,Newcastle United,Premier League,Premier League,1644.5549883560705,1499.2959446804327,3.0,3.0,0.8,2.2,0.4,0.8,1.6,0.6,0.8,1.4,5,399.367741301676,Chelsea (default stadium),False,0,0.0,0,0,1,0,H
1427,2022-03-13,Everton,Wolverhampton Wanderers,Premier League,Premier League,1444.6627995114925,1526.3530453447704,6.0,3.0,0.2,0.8,2.2,0.4,1.4,1.2,0.6,-0.2,5,9274.580162181222,Everton (default stadium),False,0,0.0,0,0,0,1,A
1428,2022-03-13,Leeds,Norwich,Premier League,Premier League,1449.738979954196,1353.530209402178,3.0,3.0,0.0,0.4,3.6,0.0,0.6,3.0,1.0,1.0,1,230.96121676866605,Leeds (default stadium),False,0,0.0,0,0,2,1,H
1429,2022-03-13,Southampton,Watford,Premier League,Premier League,1494.0315773985878,1385.376514559819,3.0,3.0,0.4,1.2,1.4,0.2,0.8,2.2,0.6,0.8,5,107.60666567502645,Southampton (default stadium),False,0,0.0,0,0,1,2,A
1430,2022-03-13,West Ham United,Aston Villa,Premier League,Premier League,1553.7378322109241,1500.4136081096808,8.0,3.0,0.4,1.0,0.8,0.6,1.8,0.4,0.6,1.2,5,167.45755533416937,West Ham United (default stadium),False,0,0.0,0,0,2,1,H
1431,2022-03-13,Arsenal,Leicester City,Premier League,Premier League,1601.280371306116,1531.0710728310737,7.0,8.0,0.8,1.6,0.8,0.4,1.2,1.2,0.4,0.2,5,137.93652464122155,Arsenal (default stadium),False,0,0.0,0,0,2,0,H
1432,2022-03-14,Crystal Palace,Manchester City,Premier League,Premier League,1480.8307203060558,1723.8591863724855,9.0,8.0,0.4,1.4,0.6,0.8,2.6,0.8,0.2,-1.2,5,271.155957712397,Crystal Palace (default stadium),False,0,0.0,0,0,0,0,D
1433,2022-03-16,Brighton,Tottenham Hotspur,Premier League,Premier League,1472.1815485605296,1564.2050068324581,4.0,4.0,0.0,0.2,2.2,0.6,2.8,1.2,0.4,0.2,5,82.58337268155316,Brighton (default stadium),False,0,0.0,0,0,0,2,A
1434,2022-03-16,Arsenal,Liverpool,Premier League,Premier League,1607.4505065837805,1696.1472977263213,3.0,4.0,1.0,2.0,0.8,1.0,2.6,0.2,0.2,-2.0,5,5305.0330774456925,Arsenal (default stadium),False,0,0.0,0,0,0,2,A
1435,2022-03-17,Everton,Newcastle United,Premier League,Premier League,1434.9991449138297,1494.8041978262027,4.0,4.0,0.2,0.6,1.8,0.6,1.4,0.8,0.2,-0.8,5,11820.07394279188,Everton (default stadium),False,0,0.0,0,0,1,0,H
1436,2022-03-18,Wolverhampton Wanderers,Leeds,Premier League,Premier League,1536.0166999424332,1455.2894687443695,5.0,5.0,0.4,1.2,1.0,0.2,0.4,3.0,0.6666666666666666,0.6666666666666666,3,9331.978556268221,Wolverhampton Wanderers (default stadium),False,0,0.0,0,0,2,3,A
1437,2022-03-19,Aston Villa,Arsenal,Premier League,Premier League,1493.82123931101,1597.988124626009,6.0,3.0,0.6,2.0,0.6,0.8,1.8,1.2,0.6,0.4,5,161.3294461687896,Aston Villa (default stadium),False,0,0.0,0,0,0,1,A
1438,2022-03-20,Leicester City,Brentford,Premier League,Premier League,1524.9009375534092,1453.1398980183124,7.0,8.0,0.4,1.2,1.2,0.4,1.2,1.0,1.0,1.0,1,138.5020510473538,Leicester City (default stadium),False,0,0.0,0,0,2,1,H
1439,2022-03-20,Tottenham Hotspur,West Ham United,Premier League,Premier League,1573.571968395396,1560.330201009595,4.0,7.0,0.6,2.6,0.8,0.4,1.2,1.0,0.4,0.2,5,8.221735834635023,Tottenham Hotspur (default stadium),False,0,0.0,0,0,3,1,H
1440,2022-04-02,Liverpool,Watford,Premier League,Premier League,1705.6096796840927,1400.1087085643803,17.0,20.0,1.0,2.8,0.2,0.2,1.0,2.4,0.8,2.4,5,5321.850013915433,Liverpool (default stadium),False,0,0.0,0,0,2,0,H
1441,2022-04-02,Brighton,Norwich,Premier League,Premier League,1462.8145869975917,1347.9797206120045,17.0,20.0,0.0,0.2,2.2,0.0,0.8,2.6,0.6666666666666666,1.0,3,217.98059105141004,Brighton (default stadium),False,0,0.0,0,0,0,0,D
1442,2022-04-02,Burnley,Manchester City,Premier League,Premier League,1439.739088570569,1719.2536325497654,21.0,19.0,0.2,0.4,1.8,0.6,2.2,0.8,0.0,-3.4,5,6363.654979892703,Burnley (default stadium),False,0,0.0,0,0,0,2,A
1443,2022-04-02,Chelsea,Brentford,Premier League,Premier League,1649.0467352103005,1447.0078090428935,20.0,13.0,1.0,2.2,0.2,0.4,1.4,1.4,1.0,1.0,1,6.86640159913343,Chelsea (default stadium),False,0,0.0,0,0,1,4,A
1444,2022-04-02,Leeds,Southampton,Premier League,Premier League,1469.3746219773407,1479.2993833940266,15.0,20.0,0.4,1.0,2.2,0.4,1.2,1.6,0.6666666666666666,1.3333333333333333,3,319.5889144563855,Leeds (default stadium),False,0,0.0,0,0,1,1,D
1445,2022-04-02,Wolverhampton Wanderers,Aston Villa,Premier League,Premier League,1521.931546709462,1484.8014834430046,15.0,14.0,0.4,1.4,1.2,0.6,2.0,0.6,0.6,0.4,5,9215.28796067954,Wolverhampton Wanderers (default stadium),False,0,0.0,0,0,2,1,H
1446,2022-04-02,Manchester United,Leicester City,Premier League,Premier League,1607.8246792742025,1531.033026528828,21.0,13.0,0.6,2.0,1.6,0.6,1.2,1.0,0.4,0.0,5,119.18446031803153,Manchester United (default stadium),False,0,0.0,0,0,1,1,D
1447,2022-04-03,West Ham United,Everton,Premier League,Premier League,1552.6812766851233,1444.705794939121,14.0,17.0,0.4,1.0,1.2,0.2,0.2,1.8,0.4,-0.2,5,11687.188342303432,West Ham United (default stadium),False,0,0.0,0,0,2,1,H
1448,2022-04-03,Tottenham Hotspur,Newcastle United,Premier League,Premier League,1581.2208927198676,1485.0975478009113,14.0,17.0,0.8,3.2,0.8,0.6,1.2,0.8,0.4,0.4,5,388.1243553495561,Tottenham Hotspur (default stadium),False,0,0.0,0,0,5,1,H
1449,2022-04-04,Crystal Palace,Arsenal,Premier League,Premier League,1485.436274128776,1607.0078804940144,21.0,16.0,0.4,1.4,0.6,0.8,1.6,1.0,0.0,-0.4,5,15.34028105594792,Crystal Palace (default stadium),False,0,0.0,0,0,3,0,H
1450,2022-04-06,Burnley,Everton,Premier League,Premier League,1435.131119401466,1439.422795164468,4.0,3.0,0.0,0.2,2.2,0.2,0.4,1.8,0.4,-0.2,5,7457.166496435577,Burnley (default stadium),False,0,0.0,0,0,3,2,H
1451,2022-04-08,Newcastle United,Wolverhampton Wanderers,Premier League,Premier League,1479.5450868341434,1528.9422383839067,5.0,6.0,0.4,1.0,1.8,0.6,1.8,1.2,0.0,-0.2,5,9451.217353997563,Newcastle United (default stadium),False,0,0.0,0,0,1,0,H
1452,2022-04-09,Everton,Manchester United,Premier League,Premier League,1431.2918022955294,1603.834331868769,3.0,7.0,0.2,0.8,2.2,0.4,1.8,1.8,0.0,-0.4,5,11690.468746176242,Everton (default stadium),False,0,0.0,0,0,1,0,H
1453,2022-04-09,Arsenal,Brighton,Premier League,Premier League,1595.5343366549105,1457.945521831353,5.0,7.0,0.6,1.2,1.4,0.0,0.2,1.6,0.4,0.2,5,77.11653294203013,Arsenal (default stadium),False,0,0.0,0,0,1,2,A
1454,2022-04-09,Southampton,Chelsea,Premier League,Premier League,1481.011459109479,1632.5025342614015,7.0,7.0,0.2,1.0,1.8,0.8,2.0,1.0,0.2,-0.6,5,105.31037742874952,Southampton (default stadium),False,0,0.0,0,0,0,6,A
1455,2022-04-09,Watford,Leeds,Premier League,Premier League,1398.0435853462361,1467.6625462618883,7.0,7.0,0.2,0.8,2.0,0.4,1.2,1.6,0.0,-1.0,1,249.42225668690958,Watford (default stadium),False,0,0.0,0,0,0,3,A
1456,2022-04-09,Aston Villa,Tottenham Hotspur,Premier League,Premier League,1477.79079176856,1586.7733536866356,7.0,6.0,0.4,1.8,1.0,0.8,3.4,1.0,0.2,-1.0,5,159.95911475155745,Aston Villa (default stadium),False,0,0.0,0,0,0,4,A
1457,2022-04-10,Brentford,West Ham United,Premier League,Premier League,1463.5520099917926,1557.9642764597763,8.0,7.0,0.6,2.0,1.2,0.6,1.2,1.2,1.0,1.0,1,19.65105251639675,Brentford (default stadium),False,0,0.0,0,0,2,0,H
1458,2022-04-10,Leicester City,Crystal Palace,Premier League,Premier League,1535.0233739342616,1496.90981796788,8.0,6.0,0.6,1.2,0.8,0.6,2.0,0.4,0.6,1.2,5,152.43481774000773,Leicester City (default stadium),False,0,0.0,0,0,2,1,H
1459,2022-04-10,Norwich,Burnley,Premier League,Premier League,1352.8487857782432,1443.2621122704047,8.0,4.0,0.0,0.6,2.0,0.2,0.6,2.4,0.0,-1.3333333333333333,3,6615.004037815403,Norwich (default stadium),False,0,0.0,0,0,2,0,H
1460,2022-04-10,Manchester City,Liverpool,Premier League,Premier League,1723.8616017188683,1707.674802902237,8.0,8.0,0.6,1.8,0.8,1.0,2.6,0.0,0.4,1.0,5,5387.234837982907,Manchester City (default stadium),False,0,0.0,0,0,2,2,D
1461,2022-04-16,Tottenham Hotspur,Brighton,Premier League,Premier League,1595.6560301039783,1473.2981231115537,7.0,7.0,0.8,3.2,1.0,0.2,0.6,1.4,0.6,0.0,5,82.58337268155316,Tottenham Hotspur (default stadium),False,0,0.0,0,0,0,1,A
1462,2022-04-16,Manchester United,Norwich,Premier League,Premier League,1590.9657337822503,1363.4356533978685,7.0,6.0,0.2,1.0,1.6,0.2,1.0,1.6,0.8,1.4,5,253.34295700774945,Manchester United (default stadium),False,0,0.0,0,0,3,2,H
1463,2022-04-16,Southampton,Arsenal,Premier League,Premier League,1473.3148750327998,1580.18173537471,7.0,7.0,0.0,0.6,3.0,0.4,0.8,1.4,0.0,-1.4,5,114.81248103375616,Southampton (default stadium),False,0,0.0,0,0,1,0,H
1464,2022-04-16,Watford,Brentford,Premier League,Premier League,1388.03261816419,1474.253497455826,7.0,6.0,0.2,0.8,2.6,0.8,2.4,0.8,0.0,-1.0,1,19.315201615926156,Watford (default stadium),False,0,0.0,0,0,1,2,A
1465,2022-04-17,Newcastle United,Leicester City,Premier League,Premier League,1488.9527832959839,1542.0083097972822,9.0,7.0,0.4,0.8,1.6,0.6,1.2,1.0,0.2,-2.2,5,263.6083592563879,Newcastle United (default stadium),False,0,0.0,0,0,2,1,H
1466,2022-04-17,West Ham United,Burnley,Premier League,Premier League,1547.262788995743,1432.6752446507794,7.0,7.0,0.4,1.0,1.6,0.2,0.6,2.4,0.4,-0.4,5,6562.099962977977,West Ham United (default stadium),False,0,0.0,0,0,1,1,D
1467,2022-04-19,Liverpool,Manchester United,Premier League,Premier League,1710.1057967907814,1594.0219567004299,9.0,3.0,0.8,1.8,0.4,0.4,1.6,2.0,0.6,1.8,5,5387.234837982907,Liverpool (default stadium),True,0,0.0,0,0,4,0,H
1468,2022-04-20,Chelsea,Arsenal,Premier League,Premier League,1640.1991183380806,1569.1245865592457,11.0,4.0,0.8,3.0,1.0,0.2,0.4,1.6,0.4,0.0,5,9.950774202617763,Chelsea (default stadium),False,0,0.0,0,0,2,4,A
1469,2022-04-20,Everton,Leicester City,Premier League,Premier League,1444.160400382048,1532.4956246462423,11.0,3.0,0.4,1.0,1.2,0.4,1.2,1.4,0.4,0.2,5,11692.657159990456,Everton (default stadium),False,0,0.0,0,0,1,1,D
1470,2022-04-20,Newcastle United,Crystal Palace,Premier League,Premier League,1498.4654684470238,1489.9248821048593,3.0,10.0,0.4,0.8,1.6,0.4,1.4,0.6,0.4,0.2,5,408.04977898274933,Newcastle United (default stadium),False,0,0.0,0,0,1,0,H
1471,2022-04-20,Manchester City,Brighton,Premier League,Premier League,1721.4306078303239,1488.330635411884,10.0,4.0,0.6,1.8,0.6,0.4,0.6,1.0,0.8,2.4,5,325.25795184878103,Manchester City (default stadium),False,0,0.0,0,0,3,0,H
1472,2022-04-21,Burnley,Southampton,Premier League,Premier League,1437.5388770739335,1484.372023848264,4.0,5.0,0.2,0.8,1.8,0.2,0.8,2.2,0.4,0.4,5,6489.228471942674,Burnley (default stadium),False,0,0.0,0,0,2,0,H
1473,2022-04-23,Arsenal,Manchester United,Premier League,Premier League,1582.975681606059,1588.9183996190175,3.0,4.0,0.4,1.2,1.6,0.4,1.4,2.0,0.4,0.4,5,256.9000111017041,Arsenal (default stadium),False,0,0.0,0,0,3,1,H
1474,2022-04-23,Leicester City,Aston Villa,Premier League,Premier League,1531.9683838332558,1468.9081153512172,3.0,14.0,0.4,1.4,1.2,0.2,1.0,1.8,0.6,1.2,5,51.70216611005376,Leicester City (default stadium),False,0,0.0,0,0,0,0,D
1475,2022-04-23,Manchester City,Watford,Premier League,Premier League,1724.404734532208,1378.499153677233,3.0,7.0,0.6,2.2,0.6,0.2,0.6,2.4,1.0,3.4,5,237.3590819226217,Manchester City (default stadium),False,0,0.0,0,0,5,1,H
1476,2022-04-23,Norwich,Newcastle United,Premier League,Premier League,1360.3794304796888,1506.2426243660473,7.0,3.0,0.2,1.2,1.6,0.6,1.0,1.4,0.4,-0.2,5,322.8365950330847,Norwich (default stadium),False,0,0.0,0,0,0,3,A
1477,2022-04-23,Brentford,Tottenham Hotspur,Premier League,Premier League,1483.786961942783,1580.623517803648,7.0,7.0,0.8,2.2,0.8,0.8,2.8,0.6,0.0,-2.0,1,19.90739813763192,Brentford (default stadium),False,0,0.0,0,0,0,0,D
1478,2022-04-24,Brighton,Southampton,Premier League,Premier League,1485.3565087099998,1475.037833011119,4.0,3.0,0.4,0.6,1.2,0.2,0.6,2.2,0.2,-0.4,5,91.83331837808883,Brighton (default stadium),False,0,0.0,0,0,2,2,D
1479,2022-04-24,Burnley,Wolverhampton Wanderers,Premier League,Premier League,1446.8730679110786,1519.5345419220662,3.0,16.0,0.4,1.2,1.4,0.6,1.8,1.0,0.4,1.0,5,13238.018552642983,Burnley (default stadium),False,0,0.0,0,0,1,0,H
1480,2022-04-24,Chelsea,West Ham United,Premier League,Premier League,1626.3480232912673,1542.399156572589,4.0,7.0,0.6,2.6,1.8,0.4,1.2,1.6,0.4,0.2,5,13.657971575674615,Chelsea (default stadium),False,0,0.0,0,0,1,0,H
1481,2022-04-24,Liverpool,Everton,Premier League,Premier League,1715.2093538721938,1444.6876411950345,5.0,4.0,0.8,2.4,0.4,0.4,1.2,1.2,0.4,0.8,5,16451.58764038487,Liverpool (default stadium),True,0,0.0,0,0,2,0,H
1482,2022-04-25,Crystal Palace,Leeds,Premier League,Premier League,1482.1477261858358,1477.6735134439346,5.0,16.0,0.4,1.2,0.6,0.6,1.8,1.4,0.3333333333333333,0.0,3,281.22737753799595,Crystal Palace (default stadium),False,0,0.0,0,0,0,0,D
1483,2022-04-28,Manchester United,Chelsea,Premier League,Premier League,1580.7415055029708,1632.1859122342619,5.0,4.0,0.2,1.0,2.2,0.6,2.2,1.6,0.4,1.2,5,260.84692450845216,Manchester United (default stadium),False,0,0.0,0,0,1,1,D
1484,2022-04-30,Newcastle United,Liverpool,Premier League,Premier League,1514.0931584369664,1717.6782607770501,7.0,6.0,0.8,1.6,1.2,0.8,2.4,0.4,0.0,-1.2,5,5307.58997068219,Newcastle United (default stadium),False,0,0.0,0,0,0,1,A
1485,2022-04-30,Aston Villa,Norwich,Premier League,Premier League,1472.561026352615,1352.5288964087697,7.0,7.0,0.0,0.4,1.8,0.2,1.0,1.6,0.8,1.4,5,216.25404831444274,Aston Villa (default stadium),False,0,0.0,0,0,2,0,H
1486,2022-04-30,Southampton,Crystal Palace,Premier League,Premier League,1477.309270214205,1480.0364238697216,6.0,5.0,0.2,0.8,2.2,0.2,0.8,0.6,0.4,0.6,5,108.42688407911376,Southampton (default stadium),False,0,0.0,0,0,1,2,A
1487,2022-04-30,Watford,Burnley,Premier League,Premier League,1376.8267484305918,1456.9496697925204,7.0,6.0,0.2,0.8,2.6,0.6,1.4,1.0,0.2,-0.4,5,6533.004942220552,Watford (default stadium),False,0,0.0,0,0,1,2,A
1488,2022-04-30,Wolverhampton Wanderers,Brighton,Premier League,Premier League,1509.4579400406244,1483.0850715069137,6.0,6.0,0.4,1.0,1.2,0.4,1.0,1.2,0.4,0.4,5,8996.140833084839,Wolverhampton Wanderers (default stadium),False,0,0.0,0,0,0,3,A
1489,2022-04-30,Leeds,Manchester City,Premier League,Premier League,1479.7848157600488,1726.0771397788492,5.0,7.0,0.6,1.8,0.8,0.6,2.4,0.6,0.3333333333333333,-2.0,3,52.825149610091614,Leeds (default stadium),False,0,0.0,0,0,0,4,A
1490,2022-05-01,Everton,Chelsea,Premier League,Premier League,1442.2187342901782,1632.7194779329936,7.0,3.0,0.2,1.0,1.6,0.4,2.2,1.8,0.4,-0.6,5,11673.649510171086,Everton (default stadium),False,0,0.0,0,0,1,0,H
1491,2022-05-01,Tottenham Hotspur,Leicester City,Premier League,Premier League,1579.8526321370603,1528.315472831858,8.0,8.0,0.6,2.4,0.6,0.2,1.0,1.0,0.6,0.6,5,134.78780460437943,Tottenham Hotspur (default stadium),False,0,0.0,0,0,3,1,H
1492,2022-05-01,West Ham United,Arsenal,Premier League,Premier League,1536.5612676295943,1591.1525757221057,7.0,8.0,0.2,0.8,1.6,0.4,1.6,1.8,0.0,-1.2,5,6.7390655013334415,West Ham United (default stadium),False,0,0.0,0,0,1,2,A
1493,2022-05-02,Manchester United,Brentford,Premier League,Premier League,1580.207939804239,1484.5578476093706,4.0,9.0,0.2,1.0,2.2,0.6,1.8,0.8,1.0,2.0,1,256.56458170773715,Manchester United (default stadium),False,0,0.0,0,0,3,0,H
1494,2022-05-07,Brentford,Southampton,Premier League,Premier League,1478.9944530943214,1465.3968423567228,5.0,7.0,0.6,1.6,1.0,0.2,0.8,2.4,0.0,-3.0,1,100.61634259929923,Brentford (default stadium),False,0,0.0,0,0,3,0,H
1495,2022-05-07,Burnley,Aston Villa,Premier League,Premier League,1466.6583911134458,1477.578669853695,7.0,7.0,0.6,1.2,0.8,0.2,0.6,1.4,0.25,0.0,4,6410.2146983505845,Burnley (default stadium),False,0,0.0,0,0,1,3,A
1496,2022-05-07,Chelsea,Wolverhampton Wanderers,Premier League,Premier League,1619.3838743065357,1496.7531235940316,6.0,7.0,0.4,2.0,1.2,0.2,0.8,1.8,0.4,0.8,5,9061.62140506431,Chelsea (default stadium),False,0,0.0,0,0,2,2,D
1497,2022-05-07,Crystal Palace,Watford,Premier League,Premier League,1491.9488517272039,1367.1180271096664,7.0,7.0,0.4,1.2,0.8,0.0,0.6,2.8,0.4,0.4,5,34.44633804123294,Crystal Palace (default stadium),False,0,0.0,0,0,1,0,H
1498,2022-05-07,Brighton,Manchester United,Premier League,Premier League,1495.7898879535064,1585.7713343192881,7.0,5.0,0.6,1.6,1.2,0.4,1.6,2.0,0.0,-1.8,5,325.25795184878103,Brighton (default stadium),False,0,0.0,0,0,4,0,H
1499,2022-05-07,Liverpool,Tottenham Hotspur,Premier League,Premier League,1724.0122667713895,1586.4905435115945,7.0,6.0,0.8,2.2,0.4,0.6,2.4,0.6,0.8,1.0,5,5300.810896107908,Liverpool (default stadium),False,0,0.0,0,0,1,1,D
1500,2022-05-08,Arsenal,Leeds,Premier League,Premier League,1601.5957829819117,1474.4640639329286,7.0,8.0,0.6,2.0,1.4,0.4,1.4,1.4,0.6666666666666666,1.6666666666666667,3,266.1477715120681,Arsenal (default stadium),False,0,0.0,0,0,2,1,H
1501,2022-05-08,Leicester City,Everton,Premier League,Premier League,1521.6775614573237,1455.554337916636,7.0,7.0,0.2,1.0,1.4,0.4,1.0,1.2,0.2,-0.4,5,11692.657159990456,Leicester City (default stadium),False,0,0.0,0,0,1,2,A
1502,2022-05-08,Norwich,West Ham United,Premier League,Premier League,1347.5112529076898,1526.1180603697883,8.0,7.0,0.2,0.8,1.6,0.2,0.8,1.4,0.0,-1.6,5,150.78179413404644,Norwich (default stadium),False,0,0.0,0,0,0,4,A
1503,2022-05-08,Manchester City,Newcastle United,Premier League,Premier League,1731.3978916059696,1507.759152442627,8.0,8.0,0.8,3.2,0.6,0.8,1.4,0.4,0.8,2.4,5,171.2592358971847,Manchester City (default stadium),False,0,0.0,0,0,5,0,H
1504,2022-05-10,Aston Villa,Liverpool,Premier League,Premier League,1489.2629185886904,1718.6610434315064,3.0,3.0,0.4,1.2,1.4,0.6,2.0,0.6,0.2,0.0,5,5394.758205947946,Aston Villa (default stadium),False,0,0.0,0,0,1,2,A
1505,2022-05-11,Leeds,Chelsea,Premier League,Premier League,1469.5984681065797,1614.345500134073,3.0,4.0,0.2,1.0,1.4,0.2,1.2,1.6,0.0,-1.0,3,271.805200718174,Leeds (default stadium),False,0,0.0,0,0,0,3,A
1506,2022-05-11,Leicester City,Norwich,Premier League,Premier League,1507.9485024354224,1340.539217846316,3.0,3.0,0.0,0.8,1.6,0.2,0.8,2.4,0.6,0.4,5,165.48979003675552,Leicester City (default stadium),False,0,0.0,0,0,3,0,H
1507,2022-05-11,Watford,Everton,Premier League,Premier League,1362.203498872435,1469.2833969385374,4.0,3.0,0.0,0.6,2.6,0.6,1.0,0.8,0.4,0.4,5,11672.34169380457,Watford (default stadium),False,0,0.0,0,0,0,0,D
1508,2022-05-11,Wolverhampton Wanderers,Manchester City,Premier League,Premier League,1501.7914977664943,1734.512565632407,4.0,3.0,0.2,0.8,1.6,0.8,3.8,0.6,0.4,-0.6,5,9321.398073694803,Wolverhampton Wanderers (default stadium),False,0,0.0,0,0,1,5,A
1509,2022-05-12,Tottenham Hotspur,Arsenal,Premier League,Premier League,1591.8417668514776,1606.4613788082606,5.0,4.0,0.4,1.6,0.6,0.8,2.2,1.2,0.4,0.0,5,6.203038582804336,Tottenham Hotspur (default stadium),True,0,0.0,0,0,3,0,H
1510,2022-05-15,Tottenham Hotspur,Burnley,Premier League,Premier League,1600.261155042,1454.9741423784503,3.0,8.0,0.4,1.4,0.6,0.6,1.4,1.0,0.6,1.8,5,6556.63679428139,Tottenham Hotspur (default stadium),False,0,0.0,0,0,1,0,H
1511,2022-05-15,Aston Villa,Crystal Palace,Premier League,Premier League,1483.553850356025,1496.8633799644354,5.0,8.0,0.4,1.2,1.4,0.4,0.8,0.8,0.6,0.8,5,173.6948405935728,Aston Villa (default stadium),False,0,0.0,0,0,1,1,D
1512,2022-05-15,Leeds,Brighton,Premier League,Premier League,1461.7172715207591,1506.3643669788596,4.0,8.0,0.2,0.8,1.8,0.6,2.0,1.0,0.0,-1.0,3,339.6744939084154,Leeds (default stadium),False,0,0.0,0,0,1,1,D
1513,2022-05-15,Watford,Leicester City,Premier League,Premier League,1363.2667104868835,1512.0117748339103,4.0,4.0,0.0,0.6,2.0,0.2,1.2,1.2,0.2,-1.0,5,119.18970796768599,Watford (default stadium),False,0,0.0,0,0,1,5,A
1514,2022-05-15,West Ham United,Manchester City,Premier League,Premier League,1533.0900954311621,1740.1439228610786,7.0,4.0,0.2,1.2,1.2,1.0,4.4,0.4,0.0,-1.8,5,262.0495522571908,West Ham United (default stadium),False,0,0.0,0,0,2,2,D
1515,2022-05-15,Wolverhampton Wanderers,Norwich,Premier League,Premier League,1496.1601405378226,1336.475945447828,4.0,4.0,0.0,0.6,2.4,0.0,0.4,3.0,0.6666666666666666,1.3333333333333333,3,9133.80839640195,Wolverhampton Wanderers (default stadium),False,0,0.0,0,0,1,1,D
1516,2022-05-15,Everton,Brentford,Premier League,Premier League,1468.2201853240888,1486.6337038886593,4.0,8.0,0.4,0.8,0.8,0.6,1.4,0.8,0.0,-1.0,1,11668.64261603479,Everton (default stadium),False,0,0.0,0,0,2,3,A
1517,2022-05-16,Newcastle United,Arsenal,Premier League,Premier League,1504.6444784161897,1598.0419906177383,8.0,4.0,0.6,1.2,1.4,0.8,2.2,1.6,0.0,-2.4,5,392.7352980316752,Newcastle United (default stadium),False,0,0.0,0,0,2,0,H
1518,2022-05-17,Southampton,Liverpool,Premier League,Premier League,1457.757591562385,1724.3701116641719,10.0,7.0,0.2,0.8,1.8,0.8,2.0,0.4,0.2,-2.0,5,5410.461987095733,Southampton (default stadium),False,0,0.0,0,0,1,2,A
1519,2022-05-19,Everton,Crystal Palace,Premier League,Premier League,1456.7462226450068,1498.4807348500992,4.0,4.0,0.4,1.0,1.2,0.4,0.8,0.6,0.4,0.2,5,11676.66690896838,Everton (default stadium),False,0,0.0,0,0,3,2,H
1520,2022-05-19,Aston Villa,Burnley,Premier League,Premier League,1481.936495470361,1450.4829562639768,4.0,4.0,0.4,1.4,0.8,0.6,1.2,1.0,0.4,0.4,5,6410.2146983505845,Aston Villa (default stadium),False,0,0.0,0,0,1,1,D
1521,2022-05-19,Chelsea,Leicester City,Premier League,Premier League,1622.2266967198937,1519.783336932557,8.0,4.0,0.4,1.4,0.8,0.4,2.0,1.2,0.4,0.4,5,142.36087796503557,Chelsea (default stadium),False,0,0.0,0,0,1,1,D
1522,2022-05-22,Arsenal,Everton,Premier League,Premier League,1587.3695722793645,1465.9344666086627,6.0,3.0,0.6,1.4,1.6,0.6,1.6,1.2,0.2,-0.4,5,11682.978134396302,Arsenal (default stadium),False,0,0.0,0,0,5,1,H
1523,2022-05-22,Brentford,Leeds,Premier League,Premier League,1498.1076665677413,1460.9888487237015,7.0,7.0,0.6,1.6,1.2,0.0,0.4,2.0,0.0,0.0,1,268.64618637638154,Brentford (default stadium),False,0,0.0,0,0,1,2,A
1524,2022-05-22,Brighton,West Ham United,Premier League,Premier League,1507.0927897759173,1536.842191639902,7.0,7.0,0.4,2.0,1.2,0.2,1.6,1.2,0.0,0.0,5,75.30394037947526,Brighton (default stadium),False,0,0.0,0,0,3,1,H
1525,2022-05-22,Burnley,Newcastle United,Premier League,Premier League,1453.3227641210021,1515.3168967545635,3.0,6.0,0.4,1.0,1.2,0.6,1.2,1.2,0.2,-0.6,5,6365.680353490109,Burnley (default stadium),False,0,0.0,0,0,1,2,A
1526,2022-05-22,Chelsea,Watford,Premier League,Premier League,1617.634421791549,1355.4951483882369,3.0,7.0,0.2,1.4,1.0,0.0,0.6,2.6,1.0,1.8,5,23.690230405937225,Chelsea (default stadium),False,0,0.0,0,0,2,1,H
1527,2022-05-22,Crystal Palace,Manchester United,Premier League,Premier League,1489.2924908864434,1575.196855293935,3.0,15.0,0.4,1.2,1.0,0.2,1.0,2.4,0.4,0.0,5,271.155957712397,Crystal Palace (default stadium),False,0,0.0,0,0,1,0,H
1528,2022-05-22,Leicester City,Southampton,Premier League,Premier League,1524.3756118609017,1452.8809830339849,3.0,5.0,0.4,2.2,1.4,0.0,0.8,2.2,0.4,2.0,5,191.4130852325117,Leicester City (default stadium),False,0,0.0,0,0,4,1,H
1529,2022-05-22,Liverpool,Wolverhampton Wanderers,Premier League,Premier League,1729.246720192572,1490.3692952635913,5.0,7.0,0.8,1.6,0.6,0.0,0.8,2.4,1.0,1.6,5,8518.872327710977,Liverpool (default stadium),False,0,0.0,0,0,3,1,H
1530,2022-05-22,Manchester City,Aston Villa,Premier League,Premier League,1736.3918266523388,1479.0966876133357,7.0,3.0,0.8,4.2,0.8,0.4,1.6,1.0,1.0,2.4,5,110.34451123028889,Manchester City (default stadium),False,0,0.0,0,0,3,2,H
1531,2022-05-22,Norwich,Tottenham Hotspur,Premier League,Premier League,1342.2667907220593,1604.7523411564734,7.0,7.0,0.0,0.2,2.6,0.6,1.6,0.4,0.0,-2.0,5,147.07777918255633,Norwich (default stadium),False,0,0.0,0,0,0,5,A
772,2022-08-05,Crystal Palace,Arsenal,Premier League,Premier League,1499.8124518600766,1569.2676900837557,75.0,75.0,0.6,1.4,1.0,0.6,1.8,1.6,0.2,0.2,5,15.34028105594792,Crystal Palace (default stadium),False,0,0.0,0,0,0,2,A
773,2022-08-06,Fulham,Liverpool,Premier League,Premier League,1418.0995036001245,1674.1032174218428,440.0,76.0,0.0,0.4,2.0,0.8,1.8,0.8,0.25,-0.5,4,5312.6474190647505,Fulham (default stadium),False,0,0.0,0,0,2,2,D
774,2022-08-06,Bournemouth,Aston Villa,Premier League,Premier League,1447.275276506813,1482.3436711721665,741.0,76.0,0.4,1.6,1.2,0.2,1.6,1.6,0.75,0.5,4,197.28001354816703,Bournemouth (default stadium),False,0,0.0,0,0,2,0,H
775,2022-08-06,Leeds,Wolverhampton Wanderers,Premier League,Premier League,1480.4833967250756,1490.6087941702795,76.0,76.0,0.2,0.8,2.2,0.0,1.0,2.8,0.25,-0.25,4,9331.978556268221,Leeds (default stadium),False,0,0.0,0,0,2,1,H
776,2022-08-06,Newcastle United,Nottingham Forest,Premier League,Premier League,1519.1604625242976,1500.0,76.0,,0.6,1.4,1.4,0.5,0.0,0.0,0.5,0.0,0,228.00744375255695,Newcastle United (default stadium),False,0,0.0,0,0,2,0,H
777,2022-08-06,Tottenham Hotspur,Southampton,Premier League,Premier League,1582.28781445624,1460.056778539096,76.0,76.0,0.8,2.6,0.4,0.0,1.0,2.6,0.4,0.4,5,120.5232777621848,Tottenham Hotspur (default stadium),False,0,0.0,0,0,4,1,H
778,2022-08-06,Everton,Chelsea,Premier League,Premier League,1470.7103390822647,1590.1572498778132,76.0,76.0,0.4,1.6,2.2,0.4,1.6,1.0,0.4,-0.8,5,11673.649510171086,Everton (default stadium),False,0,0.0,0,0,0,1,A
779,2022-08-07,Leicester City,Brentford,Premier League,Premier League,1522.8856676320688,1488.8389897435065,77.0,77.0,0.6,2.8,1.0,0.4,1.4,1.4,1.0,1.0,2,138.5020510473538,Leicester City (default stadium),False,0,0.0,0,0,2,2,D
780,2022-08-07,Manchester United,Brighton,Premier League,Premier League,1548.554557775207,1511.9545797460783,77.0,77.0,0.2,1.0,1.8,0.6,2.6,0.8,0.8,0.6,5,325.25795184878103,Manchester United (default stadium),False,0,0.0,0,0,1,2,A
781,2022-08-07,West Ham United,Manchester City,Premier League,Premier League,1520.9966563157864,1679.2727145270892,77.0,77.0,0.2,1.6,1.6,0.8,3.8,1.0,0.0,-0.8,5,262.0495522571908,West Ham United (default stadium),False,0,0.0,0,0,0,2,A
782,2022-08-13,Aston Villa,Everton,Premier League,Premier League,1473.3457094848914,1462.1240039034808,7.0,7.0,0.0,1.0,1.8,0.2,1.2,2.2,0.6,1.0,5,11644.551802132402,Aston Villa (default stadium),False,0,0.0,0,0,2,1,H
783,2022-08-13,Arsenal,Leicester City,Premier League,Premier League,1579.283369575224,1519.9773887117917,8.0,6.0,0.6,1.8,1.4,0.6,3.0,1.0,0.6,1.0,5,137.93652464122155,Arsenal (default stadium),False,0,0.0,0,0,4,2,H
784,2022-08-13,Brighton,Newcastle United,Premier League,Premier League,1524.9299880304818,1526.6491069571932,6.0,7.0,0.8,2.6,0.6,0.6,1.2,1.4,0.4,1.0,5,468.342499245935,Brighton (default stadium),False,0,0.0,0,0,0,0,D
785,2022-08-13,Manchester City,Bournemouth,Premier League,Premier League,1686.785223931072,1456.2732381940882,6.0,7.0,0.8,3.4,1.0,0.6,2.0,1.2,1.0,2.0,5,306.55795629981236,Manchester City (default stadium),False,0,0.0,0,0,4,0,H
786,2022-08-13,Southampton,Leeds,Premier League,Premier League,1455.086563516968,1488.7769270621463,7.0,7.0,0.0,0.8,3.0,0.4,1.2,1.6,0.25,-1.0,4,319.5889144563855,Southampton (default stadium),False,0,0.0,0,0,2,2,D
787,2022-08-13,Wolverhampton Wanderers,Fulham,Premier League,Premier League,1482.3152638332087,1422.9941930209718,7.0,7.0,0.0,1.2,2.6,0.0,0.8,2.0,0.75,0.75,4,9061.751294434785,Wolverhampton Wanderers (default stadium),False,0,0.0,0,0,0,0,D
788,2022-08-13,Brentford,Manchester United,Premier League,Premier League,1491.7472686637836,1535.5791494908035,6.0,6.0,0.4,1.8,1.8,0.2,1.0,1.6,0.0,-2.5,2,256.56458170773715,Brentford (default stadium),False,0,0.0,0,0,4,0,H
789,2022-08-14,Nottingham Forest,West Ham United,Premier League,Premier League,1492.5113555671044,1513.4841469118035,8.0,7.0,0.0,0.0,2.0,0.2,1.6,1.8,0.5,0.0,0,173.96121605067967,Nottingham Forest (default stadium),False,0,0.0,0,0,1,0,H
790,2022-08-14,Chelsea,Tottenham Hotspur,Premier League,Premier League,1598.743585056597,1587.2580294783681,8.0,8.0,0.6,1.8,0.8,0.8,2.8,0.4,0.8,1.4,5,16.124829392275434,Chelsea (default stadium),True,0,0.0,0,0,2,2,D
791,2022-08-15,Liverpool,Crystal Palace,Premier League,Premier League,1669.2085280009956,1489.7967723686083,9.0,10.0,0.6,2.0,1.2,0.4,1.0,1.2,1.0,3.6,5,5306.285725112793,Liverpool (default stadium),False,0,0.0,0,0,1,1,D
792,2022-08-20,Tottenham Hotspur,Wolverhampton Wanderers,Premier League,Premier League,1589.5612949640356,1478.7559791347408,6.0,7.0,0.8,3.0,0.6,0.0,0.8,2.2,0.4,0.0,5,9070.237755303215,Tottenham Hotspur (default stadium),False,0,0.0,0,0,1,0,H
793,2022-08-20,Crystal Palace,Aston Villa,Premier League,Premier League,1495.9526216710353,1481.04963659386,5.0,7.0,0.2,1.0,1.4,0.2,1.2,1.6,0.2,-1.0,5,173.6948405935728,Crystal Palace (default stadium),False,0,0.0,0,0,3,1,H
794,2022-08-20,Everton,Nottingham Forest,Premier League,Premier League,1454.4200767945122,1501.109531348283,7.0,6.0,0.2,1.4,2.6,0.5,0.5,1.0,0.5,0.0,0,11713.508448712575,Everton (default stadium),False,0,0.0,0,0,1,1,D
795,2022-08-20,Fulham,Brentford,Premier League,Premier League,1426.5534777194398,1500.9955106333607,7.0,7.0,0.0,0.8,1.6,0.6,2.6,1.2,0.5,0.0,0,6.821682007977283,Fulham (default stadium),False,0,0.0,0,0,3,2,H
796,2022-08-20,Leicester City,Southampton,Premier League,Premier League,1513.5362941030799,1454.0452763328967,7.0,7.0,0.4,2.8,1.8,0.0,1.0,3.0,0.4,0.8,5,191.4130852325117,Leicester City (default stadium),False,0,0.0,0,0,1,2,A
797,2022-08-20,Bournemouth,Arsenal,Premier League,Premier League,1453.2611950696846,1585.7244641839359,7.0,7.0,0.4,1.2,1.8,0.6,2.2,1.6,0.2,-1.0,5,151.22456097479042,Bournemouth (default stadium),False,0,0.0,0,0,0,3,A
798,2022-08-21,Leeds,Chelsea,Premier League,Premier League,1489.8182142462176,1596.4403195709297,8.0,7.0,0.4,1.4,1.6,0.6,1.8,0.8,0.0,-1.5,4,271.805200718174,Leeds (default stadium),False,0,0.0,0,0,3,0,H
799,2022-08-21,West Ham United,Brighton,Premier League,Premier League,1504.8859711306247,1522.9896233174472,7.0,8.0,0.2,1.4,1.6,0.6,2.0,0.6,0.0,-0.4,5,75.30394037947526,West Ham United (default stadium),False,0,0.0,0,0,0,2,A
800,2022-08-21,Newcastle United,Manchester City,Premier League,Premier League,1528.5894716702278,1689.7972670554757,8.0,8.0,0.6,1.2,1.2,0.8,3.2,1.0,0.0,-3.4,5,171.2592358971847,Newcastle United (default stadium),False,0,0.0,0,0,3,3,D
801,2022-08-22,Manchester United,Liverpool,Premier League,Premier League,1526.3309075212264,1663.0526786985686,9.0,7.0,0.2,0.8,2.2,0.6,2.0,1.2,0.0,-2.6,5,5387.234837982907,Manchester United (default stadium),True,0,0.0,0,0,2,1,H
802,2022-08-27,Southampton,Manchester United,Premier League,Premier League,1467.6088320782567,1538.2280496416013,7.0,5.0,0.2,1.4,2.6,0.2,0.6,2.4,0.0,-2.0,5,291.8406815664775,Southampton (default stadium),False,0,0.0,0,0,0,1,A
803,2022-08-27,Brentford,Everton,Premier League,Premier League,1490.867665614562,1453.75015028476,7.0,7.0,0.4,2.4,1.8,0.2,1.2,2.2,1.0,1.0,2,11668.64261603479,Brentford (default stadium),False,0,0.0,0,0,1,1,D
804,2022-08-27,Brighton,Leeds,Premier League,Premier League,1534.4723097546691,1500.8683966564179,6.0,6.0,0.6,1.6,0.6,0.6,2.0,1.0,0.5,0.75,4,339.6744939084154,Brighton (default stadium),False,0,0.0,0,0,1,0,H
805,2022-08-27,Chelsea,Leicester City,Premier League,Premier League,1585.3901371607294,1499.97273835772,6.0,7.0,0.4,1.2,1.4,0.2,2.0,2.0,0.4,0.4,5,142.36087796503557,Chelsea (default stadium),False,0,0.0,0,0,2,1,H
806,2022-08-27,Liverpool,Bournemouth,Premier League,Premier League,1651.1555365781937,1445.0399096562344,5.0,7.0,0.4,1.8,1.4,0.4,1.0,2.0,1.0,2.8,5,5445.991656818437,Liverpool (default stadium),False,0,0.0,0,0,9,0,H
807,2022-08-27,Manchester City,Crystal Palace,Premier League,Premier League,1687.2307832018394,1503.556426300174,6.0,7.0,0.6,2.8,1.4,0.4,1.4,1.4,0.4,0.8,5,271.155957712397,Manchester City (default stadium),False,0,0.0,0,0,4,2,H
808,2022-08-27,Arsenal,Fulham,Premier League,Premier League,1593.945749597386,1436.6813227382386,7.0,7.0,0.8,2.8,1.0,0.2,1.2,1.4,0.75,2.5,4,9.859134784019956,Arsenal (default stadium),False,0,0.0,0,0,2,1,H
809,2022-08-28,Aston Villa,West Ham United,Premier League,Premier League,1473.4458319647213,1493.4032846934028,8.0,7.0,0.2,1.2,2.0,0.0,0.6,2.0,0.0,-1.4,5,167.45755533416937,Aston Villa (default stadium),False,0,0.0,0,0,0,1,A
810,2022-08-28,Wolverhampton Wanderers,Newcastle United,Premier League,Premier League,1473.5360622604594,1531.1559555238641,8.0,7.0,0.0,0.6,1.4,0.6,1.8,0.8,0.2,0.0,5,9451.217353997563,Wolverhampton Wanderers (default stadium),False,0,0.0,0,0,1,1,D
811,2022-08-28,Nottingham Forest,Tottenham Hotspur,Premier League,Premier League,1501.7794578580354,1594.781211838317,8.0,8.0,0.3333333333333333,0.6666666666666666,1.0,0.8,2.6,0.6,0.5,0.0,0,165.73951471097544,Nottingham Forest (default stadium),False,0,0.0,0,0,0,2,A
812,2022-08-30,Crystal Palace,Brentford,Premier League,Premier League,1499.7878964110437,1487.878686178198,3.0,3.0,0.4,1.4,1.6,0.2,2.0,1.6,0.0,0.0,2,17.206103782973617,Crystal Palace (default stadium),False,0,0.0,0,0,1,1,D
813,2022-08-30,Fulham,Brighton,Premier League,Premier League,1432.4256899735733,1541.5757010672467,3.0,3.0,0.2,1.2,1.6,0.8,1.6,0.4,0.25,0.5,4,69.48390935697866,Fulham (default stadium),False,0,0.0,0,0,2,1,H
814,2022-08-30,Southampton,Chelsea,Premier League,Premier League,1457.6266545735195,1591.1931420432218,3.0,3.0,0.2,1.2,2.4,0.6,1.4,1.4,0.2,-1.2,5,105.31037742874952,Southampton (default stadium),False,0,0.0,0,0,2,1,H
815,2022-08-30,Leeds,Everton,Premier League,Premier League,1493.7650053438404,1456.7391297211238,3.0,3.0,0.6,1.8,1.0,0.0,0.8,2.0,0.25,-0.75,4,11743.222850617241,Leeds (default stadium),False,0,0.0,0,0,1,1,D
816,2022-08-31,Arsenal,Aston Villa,Premier League,Premier League,1598.2013823620514,1462.015370044846,4.0,3.0,1.0,3.2,0.8,0.2,1.0,2.0,0.4,-0.4,5,161.3294461687896,Arsenal (default stadium),False,0,0.0,0,0,2,1,H
817,2022-08-31,Bournemouth,Wolverhampton Wanderers,Premier League,Premier League,1441.650681888483,1473.179884878249,4.0,3.0,0.4,1.0,3.4,0.0,0.6,1.4,0.0,-1.0,4,9037.88842912415,Bournemouth (default stadium),False,0,0.0,0,0,0,0,D
818,2022-08-31,Manchester City,Nottingham Forest,Premier League,Premier League,1690.9993130909697,1492.4405359987259,4.0,3.0,0.8,3.2,1.4,0.25,0.5,1.25,0.5,0.0,0,92.84061611811964,Manchester City (default stadium),False,0,0.0,0,0,6,0,H
819,2022-08-31,West Ham United,Tottenham Hotspur,Premier League,Premier League,1504.8337466132782,1604.1201336976264,3.0,3.0,0.2,0.4,1.6,0.8,2.8,0.6,0.4,-0.4,5,8.221735834635023,West Ham United (default stadium),False,0,0.0,0,0,1,1,D
820,2022-08-31,Liverpool,Newcastle United,Premier League,Premier League,1654.5447643459452,1531.5121329060746,4.0,3.0,0.4,3.2,1.2,0.4,1.6,1.0,0.6,1.0,5,5307.58997068219,Liverpool (default stadium),False,0,0.0,0,0,2,1,H
821,2022-09-01,Leicester City,Manchester United,Premier League,Premier League,1494.1697334752275,1548.2102271463384,5.0,5.0,0.2,2.0,2.2,0.4,0.8,1.6,0.4,0.2,5,119.18446031803153,Leicester City (default stadium),False,0,0.0,0,0,0,1,A
822,2022-09-03,Everton,Liverpool,Premier League,Premier League,1459.7257070087537,1659.4977644694134,4.0,3.0,0.0,0.8,1.2,0.4,3.0,1.2,0.2,-0.6,5,16451.58764038487,Everton (default stadium),True,0,0.0,0,0,0,0,D
823,2022-09-03,Brentford,Leeds,Premier League,Premier League,1490.1934952942963,1490.7784280562105,4.0,4.0,0.2,2.0,1.4,0.4,1.6,1.0,0.0,-0.5,2,268.64618637638154,Brentford (default stadium),False,0,0.0,0,0,5,2,H
824,2022-09-03,Chelsea,West Ham United,Premier League,Premier League,1579.3836963552158,1505.6746858240692,4.0,3.0,0.4,1.2,1.6,0.2,0.4,1.2,0.6,0.6,5,13.657971575674615,Chelsea (default stadium),False,0,0.0,0,0,2,1,H
825,2022-09-03,Newcastle United,Crystal Palace,Premier League,Premier League,1526.5591327826064,1497.4730872949453,3.0,4.0,0.2,1.4,1.2,0.2,1.4,1.8,0.4,0.2,5,408.04977898274933,Newcastle United (default stadium),False,0,0.0,0,0,0,0,D
826,2022-09-03,Nottingham Forest,Bournemouth,Premier League,Premier League,1488.9270922417365,1440.5479065794318,3.0,3.0,0.2,0.4,2.2,0.2,0.4,3.2,0.5,0.0,0,250.15842293905968,Nottingham Forest (default stadium),False,0,0.0,0,0,2,3,A
827,2022-09-03,Tottenham Hotspur,Fulham,Premier League,Premier League,1603.2791944868354,1443.547772706127,3.0,4.0,0.6,2.0,0.8,0.4,1.6,1.4,0.75,1.0,4,16.0284942511911,Tottenham Hotspur (default stadium),False,0,0.0,0,0,2,1,H
828,2022-09-03,Wolverhampton Wanderers,Southampton,Premier League,Premier League,1474.2826601873,1469.4361002615256,3.0,4.0,0.0,0.4,0.8,0.4,1.4,1.8,0.8,1.0,5,9040.708255581369,Wolverhampton Wanderers (default stadium),False,0,0.0,0,0,1,0,H
829,2022-09-03,Aston Villa,Manchester City,Premier League,Premier League,1457.3391010201221,1694.512756847959,3.0,3.0,0.2,0.8,1.8,0.8,3.8,1.0,0.0,-2.0,5,110.34451123028889,Aston Villa (default stadium),False,0,0.0,0,0,1,1,D
830,2022-09-04,Brighton,Leicester City,Premier League,Premier League,1530.453618334693,1483.7107047687946,5.0,3.0,0.6,1.2,0.6,0.0,1.2,2.2,0.2,-0.6,5,208.7110806263465,Brighton (default stadium),False,0,0.0,0,0,5,2,H
831,2022-09-04,Manchester United,Arsenal,Premier League,Premier League,1558.6692558527714,1602.8776513867751,3.0,4.0,0.6,1.0,1.4,1.0,2.6,0.8,0.2,-0.8,5,256.9000111017041,Manchester United (default stadium),False,0,0.0,0,0,3,1,H
832,2022-09-16,Aston Villa,Southampton,Premier League,Premier League,1461.8108580451235,1461.5576395495334,13.0,13.0,0.2,1.0,1.6,0.4,1.2,1.2,0.4,0.2,5,181.49627866409335,Aston Villa (default stadium),False,0,0.0,0,0,1,0,H
833,2022-09-16,Nottingham Forest,Fulham,Premier League,Premier League,1475.6458679866214,1439.3395213787192,13.0,13.0,0.2,0.8,2.4,0.4,1.4,1.4,0.5,0.0,0,174.6818273775839,Nottingham Forest (default stadium),False,0,0.0,0,0,2,3,A
834,2022-09-17,Wolverhampton Wanderers,Manchester City,Premier League,Premier League,1482.1611208992922,1690.0409998229577,14.0,14.0,0.2,0.4,0.4,0.6,3.6,1.2,0.2,-1.8,5,9321.398073694803,Wolverhampton Wanderers (default stadium),False,0,0.0,0,0,0,3,A
835,2022-09-17,Newcastle United,Bournemouth,Premier League,Premier League,1523.7820920483737,1453.829130834547,14.0,14.0,0.0,1.0,1.2,0.2,0.6,3.6,0.6,1.0,5,472.12392823775417,Newcastle United (default stadium),False,0,0.0,0,0,1,1,D
836,2022-09-17,Tottenham Hotspur,Leicester City,Premier League,Premier League,1607.4874458142433,1476.9498391226552,14.0,13.0,0.6,1.6,0.8,0.0,1.2,2.8,0.8,1.2,5,134.78780460437943,Tottenham Hotspur (default stadium),False,0,0.0,0,0,6,2,H
837,2022-09-18,Brentford,Arsenal,Premier League,Premier League,1498.2217351478755,1593.6186328231124,15.0,14.0,0.4,2.6,1.4,0.8,2.4,1.4,0.5,0.5,2,14.388544946146704,Brentford (default stadium),False,0,0.0,0,0,0,3,A
838,2022-09-18,Everton,West Ham United,Premier League,Premier League,1463.296322477174,1499.5901722366573,15.0,15.0,0.0,0.8,1.0,0.2,0.6,1.2,0.2,-0.4,5,11687.188342303432,Everton (default stadium),False,0,0.0,0,0,1,0,H
839,2022-10-01,Arsenal,Tottenham Hotspur,Premier League,Premier League,1602.8889505320983,1612.2812187107133,13.0,14.0,0.8,2.2,1.0,0.8,2.4,0.8,0.4,-0.6,5,6.203038582804336,Arsenal (default stadium),True,0,0.0,0,0,3,1,H
840,2022-10-01,Bournemouth,Brentford,Premier League,Premier League,1457.6526979910648,1488.9514174388896,14.0,13.0,0.2,0.8,3.0,0.2,1.8,2.0,0.5,0.0,0,136.94523910617087,Bournemouth (default stadium),False,0,0.0,0,0,0,0,D
841,2022-10-01,Crystal Palace,Chelsea,Premier League,Premier League,1500.250128029178,1585.4682099426277,28.0,28.0,0.2,1.4,1.4,0.4,1.4,1.8,0.0,-2.4,5,10.944971454605678,Crystal Palace (default stadium),False,0,0.0,0,0,1,2,A
842,2022-10-01,Fulham,Newcastle United,Premier League,Premier League,1452.3072245420412,1519.9585248918559,15.0,14.0,0.6,2.0,1.8,0.0,1.2,1.4,0.0,-1.5,4,399.2339499540635,Fulham (default stadium),False,0,0.0,0,0,1,4,A
843,2022-10-01,Liverpool,Brighton,Premier League,Premier League,1655.927149000993,1537.2144839808323,28.0,27.0,0.4,2.6,0.8,0.6,1.8,0.8,0.4,0.6,5,5323.625304961785,Liverpool (default stadium),False,0,0.0,0,0,3,3,D
844,2022-10-01,Southampton,Everton,Premier League,Premier League,1453.5525746604144,1472.3292136440598,15.0,13.0,0.4,0.8,1.0,0.2,0.8,0.6,0.4,0.2,5,11568.424076531252,Southampton (default stadium),False,0,0.0,0,0,1,2,A
845,2022-10-01,West Ham United,Wolverhampton Wanderers,Premier League,Premier League,1490.5572810697715,1475.9336273420854,13.0,14.0,0.2,0.6,1.2,0.2,0.4,1.0,0.6,0.6,5,9062.016054164233,West Ham United (default stadium),False,0,0.0,0,0,2,0,H
846,2022-10-02,Manchester City,Manchester United,Premier League,Premier League,1696.2684933801645,1567.928274416434,15.0,28.0,0.6,3.4,1.2,0.8,1.4,1.2,0.4,0.2,5,0.0,Manchester City (default stadium),True,0,0.0,0,0,6,3,H
847,2022-10-02,Leeds,Aston Villa,Premier League,Premier League,1482.7501882026313,1469.8159229342425,29.0,16.0,0.2,1.6,1.8,0.2,0.8,1.4,0.25,-0.25,4,142.61128348620935,Leeds (default stadium),False,0,0.0,0,0,0,0,D
848,2022-10-03,Leicester City,Nottingham Forest,Premier League,Premier League,1472.1560662261852,1462.6781648232993,16.0,17.0,0.0,1.2,3.2,0.0,1.0,3.0,0.5,0.0,0,35.85916651696625,Leicester City (default stadium),False,0,0.0,0,0,4,0,H
849,2022-10-08,Bournemouth,Leicester City,Premier League,Premier League,1456.5433699878813,1479.9075924783217,7.0,5.0,0.2,0.8,2.4,0.2,1.8,2.8,0.4,0.2,5,215.0463353224413,Bournemouth (default stadium),False,0,0.0,0,0,2,1,H
850,2022-10-08,Chelsea,Wolverhampton Wanderers,Premier League,Premier League,1595.0304782353644,1468.3222430773933,7.0,7.0,0.6,1.4,1.6,0.2,0.4,1.2,0.2,0.2,5,9061.62140506431,Chelsea (default stadium),False,0,0.0,0,0,3,0,H
851,2022-10-08,Manchester City,Southampton,Premier League,Premier League,1701.1085211915674,1442.0888379341645,6.0,7.0,0.8,4.0,1.2,0.2,0.6,1.2,0.4,0.6,5,291.8406815664775,Manchester City (default stadium),False,0,0.0,0,0,4,0,H
852,2022-10-08,Newcastle United,Brentford,Premier League,Premier League,1530.0261248721397,1490.060745442073,7.0,7.0,0.2,1.4,1.0,0.2,1.4,1.4,0.5,1.0,2,396.9342267120026,Newcastle United (default stadium),False,0,0.0,0,0,5,1,H
853,2022-10-08,Brighton,Tottenham Hotspur,Premier League,Premier League,1542.1682366672906,1604.0081676516302,7.0,7.0,0.6,2.4,1.4,0.6,2.4,1.4,0.4,-0.4,5,82.58337268155316,Brighton (default stadium),False,0,0.0,0,0,0,1,A
854,2022-10-09,Crystal Palace,Leeds,Premier League,Premier League,1490.6878597364414,1480.4074756643736,8.0,7.0,0.2,1.4,1.6,0.2,1.2,1.4,0.25,0.0,4,281.22737753799595,Crystal Palace (default stadium),False,0,0.0,0,0,2,1,H
855,2022-10-09,West Ham United,Fulham,Premier League,Premier League,1498.1686653344636,1442.2396245617574,8.0,8.0,0.4,1.0,0.8,0.4,1.6,2.2,0.75,1.25,4,13.622670450459998,West Ham United (default stadium),False,0,0.0,0,0,3,1,H
856,2022-10-09,Arsenal,Liverpool,Premier League,Premier League,1611.1620015911815,1650.9733963145347,8.0,8.0,0.8,2.2,1.2,0.4,3.0,1.2,0.2,-2.0,5,5305.0330774456925,Arsenal (default stadium),False,0,0.0,0,0,3,2,H
857,2022-10-09,Everton,Manchester United,Premier League,Premier League,1483.7929503703097,1563.0882466050311,8.0,7.0,0.4,1.0,0.6,0.8,2.0,1.6,0.2,-0.2,5,11690.468746176242,Everton (default stadium),False,0,0.0,0,0,1,2,A
858,2022-10-10,Nottingham Forest,Aston Villa,Premier League,Premier League,1454.9266385711628,1472.1586354725002,7.0,8.0,0.0,0.8,3.6,0.2,0.6,0.8,0.5,0.0,0,69.71644875247998,Nottingham Forest (default stadium),False,0,0.0,0,0,1,1,D
859,2022-10-14,Brentford,Brighton,Premier League,Premier League,1483.1241858683777,1531.933414177288,6.0,6.0,0.2,1.4,2.2,0.4,2.0,1.6,0.0,-1.5,2,71.40866453526951,Brentford (default stadium),False,0,0.0,0,0,2,0,H
860,2022-10-15,Leicester City,Crystal Palace,Premier League,Premier League,1471.2418742756481,1498.4174678179725,7.0,6.0,0.2,1.8,2.8,0.2,1.2,1.6,0.6,1.0,5,152.43481774000773,Leicester City (default stadium),False,0,0.0,0,0,0,0,D
861,2022-10-15,Fulham,Bournemouth,Premier League,Premier League,1435.7133525247223,1465.209088190555,6.0,7.0,0.4,1.6,2.4,0.4,1.2,0.8,0.5,-1.0,2,141.8811990067746,Fulham (default stadium),False,0,0.0,0,0,2,2,D
862,2022-10-15,Wolverhampton Wanderers,Nottingham Forest,Premier League,Premier League,1463.447666025215,1453.4194245832794,7.0,5.0,0.2,0.2,1.6,0.0,1.0,3.4,0.5,0.0,0,9235.974422393321,Wolverhampton Wanderers (default stadium),False,0,0.0,0,0,1,0,H
863,2022-10-15,Tottenham Hotspur,Everton,Premier League,Premier League,1614.2429901416328,1474.0604266873493,7.0,6.0,0.6,2.2,1.4,0.4,1.0,0.8,0.4,1.0,5,11688.48360204595,Tottenham Hotspur (default stadium),False,0,0.0,0,0,2,0,H
864,2022-10-16,Aston Villa,Chelsea,Premier League,Premier League,1473.6658494603837,1599.9050552875426,6.0,8.0,0.2,0.8,0.8,0.8,2.0,1.0,0.2,-1.0,5,162.80441844458147,Aston Villa (default stadium),False,0,0.0,0,0,0,2,A
865,2022-10-16,Leeds,Arsenal,Premier League,Premier League,1472.6778675828425,1620.295283780384,7.0,7.0,0.0,0.8,1.8,0.8,2.4,1.4,0.0,-1.5,4,266.1477715120681,Leeds (default stadium),False,0,0.0,0,0,0,1,A
866,2022-10-16,Manchester United,Newcastle United,Premier League,Premier League,1572.8207702879915,1536.962684445835,7.0,8.0,0.8,2.0,1.6,0.4,2.2,1.0,0.8,2.2,5,171.2592358971847,Manchester United (default stadium),False,0,0.0,0,0,0,0,D
867,2022-10-16,Southampton,West Ham United,Premier League,Premier League,1439.473032875856,1504.6949373714988,8.0,7.0,0.2,0.6,1.8,0.4,1.4,1.0,0.2,-0.8,5,118.78899564721851,Southampton (default stadium),False,0,0.0,0,0,1,1,D
868,2022-10-16,Liverpool,Manchester City,Premier League,Premier League,1641.8401141253323,1703.724326249876,7.0,8.0,0.4,3.2,1.4,0.8,4.0,0.8,0.0,-1.4,5,5387.234837982907,Liverpool (default stadium),False,0,0.0,0,0,1,0,H
869,2022-10-18,Brighton,Nottingham Forest,Premier League,Premier League,1522.5425784349427,1445.6829322082638,4.0,3.0,0.2,1.8,2.0,0.0,1.0,2.4,0.5,0.0,0,242.45573977980575,Brighton (default stadium),False,0,0.0,0,0,0,0,D
870,2022-10-18,Crystal Palace,Wolverhampton Wanderers,Premier League,Premier League,1499.6438489305017,1471.1841584002307,3.0,3.0,0.2,0.8,0.8,0.4,0.4,1.6,0.6,0.2,5,9051.721081889698,Crystal Palace (default stadium),False,0,0.0,0,0,2,1,H
871,2022-10-19,Bournemouth,Southampton,Premier League,Premier League,1466.3696416768223,1439.3355169017093,4.0,3.0,0.4,1.6,1.2,0.0,0.4,1.8,0.2,-0.2,5,36.717522209000165,Bournemouth (default stadium),False,0,0.0,0,0,0,1,A
872,2022-10-19,Brentford,Chelsea,Premier League,Premier League,1492.515021610723,1608.3003517343066,5.0,3.0,0.4,1.6,2.0,0.8,2.0,0.8,0.5,1.0,2,6.86640159913343,Brentford (default stadium),False,0,0.0,0,0,0,0,D
873,2022-10-19,Liverpool,West Ham United,Premier League,Premier League,1651.6065654500146,1504.8324533456455,3.0,3.0,0.4,1.6,1.4,0.4,1.4,1.0,0.8,0.8,5,5299.298724106387,Liverpool (default stadium),False,0,0.0,0,0,1,0,H
874,2022-10-19,Newcastle United,Everton,Premier League,Premier League,1539.9186174383785,1469.4660804244284,3.0,4.0,0.4,2.0,0.6,0.4,0.8,1.0,0.6,0.8,5,11820.07394279188,Newcastle United (default stadium),False,0,0.0,0,0,1,0,H
875,2022-10-19,Manchester United,Tottenham Hotspur,Premier League,Premier League,1569.864837295448,1618.8373364045538,3.0,4.0,0.6,1.8,1.6,0.8,2.4,1.2,0.6,0.2,5,253.91120185713115,Manchester United (default stadium),False,0,0.0,0,0,2,0,H
876,2022-10-20,Fulham,Aston Villa,Premier League,Premier League,1434.5527990384549,1465.2705530136197,5.0,4.0,0.2,1.6,2.6,0.2,0.6,0.8,0.0,-2.5,2,162.69251316462925,Fulham (default stadium),False,0,0.0,0,0,3,0,H
877,2022-10-20,Leicester City,Leeds,Premier League,Premier League,1470.015493163119,1464.8754387049034,5.0,4.0,0.2,1.8,2.6,0.0,0.8,1.8,0.5,0.5,4,131.84972848212365,Leicester City (default stadium),False,0,0.0,0,0,2,0,H
878,2022-10-22,Nottingham Forest,Liverpool,Premier League,Premier League,1449.6749248827423,1656.0680088988365,4.0,3.0,0.0,0.6,1.8,0.4,1.4,1.2,0.5,0.0,0,5333.754310003473,Nottingham Forest (default stadium),False,0,0.0,0,0,1,0,H
879,2022-10-22,Everton,Crystal Palace,Premier League,Premier League,1463.3019176198861,1506.883454149732,3.0,4.0,0.4,0.8,1.2,0.4,1.0,0.8,0.6,0.4,5,11676.66690896838,Everton (default stadium),False,0,0.0,0,0,3,0,H
880,2022-10-22,Manchester City,Brighton,Premier League,Premier League,1693.9578749251937,1518.5505857604642,6.0,4.0,0.6,2.8,1.0,0.2,1.6,1.6,0.8,2.2,5,325.25795184878103,Manchester City (default stadium),False,0,0.0,0,0,3,1,H
881,2022-10-22,Chelsea,Manchester United,Premier League,Premier League,1606.9901198061496,1579.2603550446054,3.0,3.0,0.8,1.8,0.4,0.6,2.0,1.6,0.0,-0.4,5,260.84692450845216,Chelsea (default stadium),False,0,0.0,0,0,1,1,D
882,2022-10-23,Aston Villa,Brentford,Premier League,Premier League,1456.3963936922337,1493.82525353888,3.0,4.0,0.2,0.4,1.2,0.2,0.6,1.6,0.0,-0.5,2,157.35324894635983,Aston Villa (default stadium),False,0,0.0,0,0,4,0,H
883,2022-10-23,Leeds,Fulham,Premier League,Premier League,1457.0050437833663,1443.426958359841,3.0,3.0,0.0,0.6,2.0,0.4,2.0,2.2,1.0,1.0,2,271.67267991373313,Leeds (default stadium),False,0,0.0,0,0,2,3,A
884,2022-10-23,Southampton,Arsenal,Premier League,Premier League,1452.057964312592,1628.097712658323,4.0,7.0,0.2,0.6,1.6,0.8,2.2,1.2,0.2,-1.2,5,114.81248103375616,Southampton (default stadium),False,0,0.0,0,0,1,1,D
885,2022-10-23,Wolverhampton Wanderers,Leicester City,Premier League,Premier League,1463.9445531810004,1477.885888084656,5.0,3.0,0.2,0.4,2.0,0.4,1.8,1.6,0.2,-0.2,5,9203.941453824911,Wolverhampton Wanderers (default stadium),False,0,0.0,0,0,0,4,A
886,2022-10-23,Tottenham Hotspur,Newcastle United,Premier League,Premier League,1609.4418186553964,1546.0827802429208,4.0,4.0,0.6,2.0,1.4,0.6,2.2,0.6,0.6,1.4,5,388.1243553495561,Tottenham Hotspur (default stadium),False,0,0.0,0,0,1,2,A
887,2022-10-24,West Ham United,Bournemouth,Premier League,Premier League,1500.3710098968236,1453.6471942659396,5.0,5.0,0.4,1.2,0.8,0.2,1.0,1.0,0.2,0.2,5,155.36167637292584,West Ham United (default stadium),False,0,0.0,0,0,2,0,H
888,2022-10-29,Leicester City,Manchester City,Premier League,Premier League,1489.485528646822,1697.8741153758328,6.0,7.0,0.6,2.2,0.4,0.8,3.2,1.0,0.2,-0.8,5,119.18446031803153,Leicester City (default stadium),False,0,0.0,0,0,0,1,A
889,2022-10-29,Bournemouth,Tottenham Hotspur,Premier League,Premier League,1446.8858366009517,1595.7814581745424,5.0,6.0,0.2,0.8,1.2,0.4,1.0,1.4,0.2,-1.6,5,156.84013393890496,Bournemouth (default stadium),False,0,0.0,0,0,2,3,A
890,2022-10-29,Brentford,Wolverhampton Wanderers,Premier League,Premier League,1484.7599895887133,1452.3449126188343,6.0,6.0,0.2,0.6,1.8,0.2,0.4,2.2,0.5,0.5,2,9065.45839959068,Brentford (default stadium),False,0,0.0,0,0,1,1,D
891,2022-10-29,Brighton,Chelsea,Premier League,Premier League,1514.634345309825,1604.2491443752813,7.0,7.0,0.0,0.8,1.8,0.6,1.6,0.4,0.0,-0.4,5,69.35066034154319,Brighton (default stadium),False,0,0.0,0,0,4,1,H
892,2022-10-29,Crystal Palace,Southampton,Premier League,Premier League,1497.6423765578159,1455.0186683775848,7.0,6.0,0.4,1.0,1.4,0.2,0.8,1.6,0.4,-0.4,5,108.42688407911376,Crystal Palace (default stadium),False,0,0.0,0,0,1,0,H
893,2022-10-29,Newcastle United,Aston Villa,Premier League,Premier League,1559.7431407237748,1465.4616576424003,6.0,6.0,0.8,2.4,0.6,0.2,1.0,1.2,0.2,-0.6,5,275.3185930085947,Newcastle United (default stadium),False,0,0.0,0,0,4,0,H
894,2022-10-29,Fulham,Everton,Premier League,Premier League,1455.7871768948703,1472.5429952118022,6.0,7.0,0.4,2.0,2.2,0.4,1.2,1.2,0.5,0.0,4,11673.70209285392,Fulham (default stadium),False,0,0.0,0,0,0,0,D
895,2022-10-29,Liverpool,Leeds,Premier League,Premier League,1642.332264704584,1444.644825248337,7.0,6.0,0.4,1.4,1.4,0.0,0.6,1.6,0.75,2.5,4,5338.9965121563355,Liverpool (default stadium),False,0,0.0,0,0,1,2,A
896,2022-10-30,Arsenal,Nottingham Forest,Premier League,Premier League,1625.1370085933302,1463.4106690769947,7.0,8.0,0.8,2.2,0.8,0.2,0.4,1.2,0.5,0.0,0,169.48736406304167,Arsenal (default stadium),False,0,0.0,0,0,5,0,H
897,2022-10-30,Manchester United,West Ham United,Premier League,Premier League,1582.0013304754737,1507.1323675618114,8.0,6.0,0.4,1.6,1.6,0.6,1.6,0.6,0.8,1.0,5,262.0495522571908,Manchester United (default stadium),False,0,0.0,0,0,1,0,H
898,2022-11-05,Leeds,Bournemouth,Premier League,Premier League,1461.1168308783513,1439.1183922966052,7.0,7.0,0.2,1.0,1.8,0.2,1.2,1.8,0.5,0.0,0,338.81450871990444,Leeds (default stadium),False,0,0.0,0,0,4,3,H
899,2022-11-05,Manchester City,Fulham,Premier League,Premier League,1704.089057877765,1454.2665715077853,7.0,7.0,0.8,2.8,1.0,0.4,1.8,1.4,1.0,2.5,4,260.720495981881,Manchester City (default stadium),False,0,0.0,0,0,2,1,H
900,2022-11-05,Nottingham Forest,Brentford,Premier League,Premier League,1459.240448593907,1481.8947583714132,6.0,7.0,0.2,0.4,1.4,0.2,0.8,2.0,0.5,0.0,0,171.50469636447104,Nottingham Forest (default stadium),False,0,0.0,0,0,2,2,D
901,2022-11-05,Wolverhampton Wanderers,Brighton,Premier League,Premier League,1455.2101438361344,1525.1983055713063,7.0,7.0,0.2,0.6,2.0,0.2,1.0,1.4,0.4,-0.2,5,8996.140833084839,Wolverhampton Wanderers (default stadium),False,0,0.0,0,0,2,3,A
902,2022-11-05,Everton,Leicester City,Premier League,Premier League,1474.0636005988872,1483.2705861448899,7.0,7.0,0.2,0.8,1.0,0.4,1.4,0.6,0.6,0.8,5,11692.657159990456,Everton (default stadium),False,0,0.0,0,0,0,2,A
903,2022-11-06,Chelsea,Arsenal,Premier League,Premier League,1593.6851841138,1629.3072290764178,8.0,7.0,0.4,1.4,1.0,0.8,2.6,0.8,0.2,-0.6,5,9.950774202617763,Chelsea (default stadium),False,0,0.0,0,0,0,1,A
904,2022-11-06,Aston Villa,Manchester United,Premier League,Premier League,1459.866569825502,1588.0576133947397,8.0,7.0,0.2,1.0,2.0,0.6,1.2,0.4,0.2,-1.0,5,110.34451123028889,Aston Villa (default stadium),False,0,0.0,0,0,3,1,H
905,2022-11-06,Southampton,Newcastle United,Premier League,Premier League,1448.1512777027276,1565.338228540673,8.0,8.0,0.2,0.6,1.4,0.8,2.4,0.4,0.2,-0.2,5,452.9404186033056,Southampton (default stadium),False,0,0.0,0,0,1,4,A
906,2022-11-06,West Ham United,Crystal Palace,Premier League,Premier League,1501.0760846425453,1504.509767232673,7.0,8.0,0.4,1.2,0.8,0.6,1.0,1.0,0.4,0.2,5,13.663891147783643,West Ham United (default stadium),False,0,0.0,0,0,1,2,A
907,2022-11-06,Tottenham Hotspur,Liverpool,Premier League,Premier League,1603.548902478889,1625.8602590745695,8.0,8.0,0.6,1.4,1.2,0.4,1.0,1.2,0.0,-0.8,5,5300.810896107908,Tottenham Hotspur (default stadium),False,0,0.0,0,0,1,2,A
908,2022-11-12,Manchester City,Brentford,Premier League,Premier League,1706.8276099679904,1483.2491038321032,7.0,7.0,0.8,2.0,0.6,0.2,1.0,1.4,1.0,1.5,2,256.56458170773715,Manchester City (default stadium),False,0,0.0,0,0,1,2,A
909,2022-11-12,Bournemouth,Everton,Premier League,Premier League,1431.7061213091922,1462.331478316832,7.0,7.0,0.0,1.4,2.4,0.2,0.6,1.0,0.6,0.6,5,11531.827627873134,Bournemouth (default stadium),False,0,0.0,0,0,3,0,H
910,2022-11-12,Liverpool,Southampton,Premier League,Premier League,1637.2242931641952,1439.5011378043052,6.0,6.0,0.6,1.0,0.8,0.2,0.8,1.4,0.8,2.0,5,5410.461987095733,Liverpool (default stadium),False,0,0.0,0,0,3,1,H
911,2022-11-12,Nottingham Forest,Crystal Palace,Premier League,Premier League,1457.8861031332171,1516.4025957054564,7.0,6.0,0.2,0.6,1.6,0.6,1.0,1.0,0.5,0.0,0,184.42720029676815,Nottingham Forest (default stadium),False,0,0.0,0,0,1,0,H
912,2022-11-12,Tottenham Hotspur,Leeds,Premier League,Premier League,1592.1848683892633,1468.5291018657642,6.0,7.0,0.4,1.4,1.6,0.4,1.6,2.0,0.75,1.5,4,262.1340479599546,Tottenham Hotspur (default stadium),False,0,0.0,0,0,4,3,H
913,2022-11-12,West Ham United,Leicester City,Premier League,Premier League,1489.183256169762,1495.002708426945,6.0,7.0,0.2,0.8,1.0,0.6,1.6,0.2,0.6,0.8,5,142.949836877498,West Ham United (default stadium),False,0,0.0,0,0,0,2,A
914,2022-11-12,Newcastle United,Chelsea,Premier League,Premier League,1573.9883684390954,1582.6989236399604,6.0,6.0,0.8,2.2,0.4,0.2,0.8,1.2,0.2,-1.4,5,399.367741301676,Newcastle United (default stadium),False,0,0.0,0,0,1,0,H
915,2022-11-12,Wolverhampton Wanderers,Arsenal,Premier League,Premier League,1445.209803103483,1640.2934895502574,7.0,6.0,0.2,1.0,2.0,0.8,2.2,0.6,0.4,-0.4,5,9066.534594608813,Wolverhampton Wanderers (default stadium),False,0,0.0,0,0,0,2,A
916,2022-11-13,Brighton,Aston Villa,Premier League,Premier League,1535.1986463039577,1471.5259552787868,8.0,7.0,0.4,1.6,1.6,0.4,1.4,2.0,0.2,-0.6,5,221.3083143577021,Brighton (default stadium),False,0,0.0,0,0,1,2,A
917,2022-11-13,Fulham,Manchester United,Premier League,Premier League,1451.52801941756,1576.398227941455,8.0,7.0,0.4,1.8,1.2,0.4,1.0,0.8,0.0,-1.75,4,260.720495981881,Fulham (default stadium),False,0,0.0,0,0,1,2,A
918,2022-12-26,Brentford,Tottenham Hotspur,Premier League,Premier League,1500.133517932819,1597.1245138552536,44.0,44.0,0.2,1.0,1.6,0.4,1.8,2.2,0.0,-1.0,2,19.90739813763192,Brentford (default stadium),False,0,0.0,0,0,2,2,D
919,2022-12-26,Crystal Palace,Fulham,Premier League,Premier League,1506.7329973114959,1443.0943106255695,44.0,43.0,0.6,1.0,1.2,0.4,1.6,1.2,0.75,1.25,4,11.049065852200664,Crystal Palace (default stadium),False,0,0.0,0,0,0,3,A
920,2022-12-26,Everton,Wolverhampton Wanderers,Premier League,Premier League,1453.459944606938,1438.6621177570419,44.0,44.0,0.2,0.6,1.2,0.0,0.8,2.4,0.4,-0.6,5,9274.580162181222,Everton (default stadium),False,0,0.0,0,0,1,2,A
921,2022-12-26,Leicester City,Newcastle United,Premier League,Premier League,1506.82924404135,1582.2423898696911,44.0,44.0,0.8,2.0,0.2,1.0,2.4,0.4,0.6,1.0,5,263.6083592563879,Leicester City (default stadium),False,0,0.0,0,0,0,3,A
922,2022-12-26,Southampton,Brighton,Premier League,Premier League,1435.9737407897487,1521.530470305767,44.0,43.0,0.2,0.8,1.8,0.4,1.8,1.6,0.2,0.0,5,91.83331837808883,Southampton (default stadium),False,0,0.0,0,0,1,3,A
923,2022-12-26,Aston Villa,Liverpool,Premier League,Premier League,1485.1941312769775,1640.7516901787517,43.0,44.0,0.6,1.8,1.8,0.6,1.4,1.0,0.2,0.0,5,5394.758205947946,Aston Villa (default stadium),False,0,0.0,0,0,1,3,A
924,2022-12-26,Arsenal,West Ham United,Premier League,Premier League,1646.8411748966985,1477.356720555357,44.0,44.0,0.8,2.0,0.2,0.2,0.6,1.2,0.8,1.0,5,6.7390655013334415,Arsenal (default stadium),False,0,0.0,0,0,3,1,H
925,2022-12-27,Chelsea,Bournemouth,Premier League,Premier League,1574.4449022093647,1440.5776550190863,45.0,45.0,0.0,0.4,1.4,0.2,1.6,2.0,0.2,-1.2,5,141.82746970047285,Chelsea (default stadium),False,0,0.0,0,0,2,0,H
926,2022-12-27,Manchester United,Nottingham Forest,Premier League,Premier League,1584.8319367334454,1467.5557015271777,44.0,45.0,0.6,1.4,1.0,0.4,0.8,1.4,0.5,0.0,0,92.84061611811964,Manchester United (default stadium),False,0,0.0,0,0,3,0,H
927,2022-12-28,Leeds,Manchester City,Premier League,Premier League,1463.589456399774,1689.9431958672747,46.0,46.0,0.4,2.2,2.6,0.6,1.4,1.0,0.25,-2.5,4,52.825149610091614,Leeds (default stadium),False,0,0.0,0,0,1,3,A
928,2022-12-30,West Ham United,Brentford,Premier League,Premier League,1473.3319881853085,1500.9088221740865,4.0,4.0,0.2,0.8,1.6,0.2,1.4,2.0,0.0,-1.5,2,19.65105251639675,West Ham United (default stadium),False,0,0.0,0,0,0,2,A
929,2022-12-30,Liverpool,Leicester City,Premier League,Premier League,1648.337744447788,1496.9850342969007,4.0,4.0,0.6,1.8,1.2,0.6,1.6,0.8,0.6,1.2,5,5343.065862682322,Liverpool (default stadium),False,0,0.0,0,0,2,1,H
930,2022-12-31,Wolverhampton Wanderers,Manchester United,Premier League,Premier League,1451.0554600094324,1589.9094460452454,5.0,4.0,0.2,1.0,2.2,0.6,1.6,1.0,0.2,-0.4,5,9321.398073694803,Wolverhampton Wanderers (default stadium),False,0,0.0,0,0,0,1,A
931,2022-12-31,Bournemouth,Crystal Palace,Premier League,Premier League,1435.85339212049,1493.0656683749744,4.0,5.0,0.2,1.6,2.2,0.4,0.6,1.6,0.2,-0.8,5,145.13706164318188,Bournemouth (default stadium),False,0,0.0,0,0,0,2,A
932,2022-12-31,Fulham,Southampton,Premier League,Premier League,1456.761639562091,1426.4212004641445,5.0,5.0,0.4,1.6,1.2,0.0,0.8,2.4,0.25,-0.75,4,105.36793929201917,Fulham (default stadium),False,0,0.0,0,0,2,1,H
933,2022-12-31,Manchester City,Everton,Premier League,Premier League,1695.7240230267225,1441.0666023545475,3.0,5.0,0.8,2.0,1.0,0.2,0.8,1.4,1.0,2.4,5,11690.468746176242,Manchester City (default stadium),False,0,0.0,0,0,1,1,D
934,2022-12-31,Newcastle United,Leeds,Premier League,Premier League,1592.0865996141404,1457.8086292403261,5.0,3.0,1.0,2.8,0.4,0.4,2.4,2.8,0.25,-0.75,4,133.43902338537998,Newcastle United (default stadium),False,0,0.0,0,0,0,0,D
935,2022-12-31,Brighton,Arsenal,Premier League,Premier League,1531.0830106313713,1650.865907266747,5.0,5.0,0.6,2.4,1.8,0.8,2.4,0.4,0.4,-0.2,5,77.11653294203013,Brighton (default stadium),False,0,0.0,0,0,2,4,A
936,2023-01-01,Tottenham Hotspur,Aston Villa,Premier League,Premier League,1596.349209613986,1477.6080770079411,6.0,6.0,0.4,2.2,2.2,0.6,2.0,1.8,0.8,1.4,5,159.95911475155745,Tottenham Hotspur (default stadium),False,0,0.0,0,0,0,2,A
937,2023-01-01,Nottingham Forest,Chelsea,Premier League,Premier League,1462.4781922153777,1579.169165107961,5.0,5.0,0.4,0.8,2.0,0.2,0.8,1.4,0.5,0.0,0,174.8137117128182,Nottingham Forest (default stadium),False,0,0.0,0,0,1,1,D
938,2023-01-02,Brentford,Liverpool,Premier League,Premier League,1512.1238267446265,1652.7084975656076,3.0,3.0,0.4,1.8,1.2,0.8,2.2,1.2,0.0,-1.5,2,5318.949465164578,Brentford (default stadium),False,0,0.0,0,0,3,1,H
939,2023-01-03,Arsenal,Newcastle United,Premier League,Premier League,1659.4427665530177,1586.8023366138843,3.0,3.0,1.0,3.0,0.6,0.8,2.4,0.2,0.8,1.8,5,392.7352980316752,Arsenal (default stadium),False,0,0.0,0,0,0,0,D
940,2023-01-03,Everton,Brighton,Premier League,Premier League,1448.393171135417,1522.5061513451005,3.0,3.0,0.0,0.4,1.6,0.6,2.6,2.0,0.6,0.8,5,11640.55138593053,Everton (default stadium),False,0,0.0,0,0,1,4,A
941,2023-01-03,Leicester City,Fulham,Premier League,Premier League,1492.6142811790812,1463.9513123475888,4.0,3.0,0.4,1.0,1.2,0.4,1.4,1.0,0.5,0.75,4,142.2318025220516,Leicester City (default stadium),False,0,0.0,0,0,0,1,A
942,2023-01-03,Manchester United,Bournemouth,Premier League,Premier League,1597.9532121890857,1425.4854979563552,3.0,3.0,0.8,1.6,0.8,0.2,1.6,2.2,0.8,1.6,5,306.55795629981236,Manchester United (default stadium),False,0,0.0,0,0,3,0,H
943,2023-01-04,Southampton,Nottingham Forest,Premier League,Premier League,1419.2315276786467,1463.8140343475668,4.0,3.0,0.0,0.8,2.6,0.2,0.8,2.2,0.5,0.0,0,227.17042860852223,Southampton (default stadium),False,0,0.0,0,0,0,1,A
944,2023-01-04,Leeds,West Ham United,Premier League,Premier League,1463.0928922405822,1462.1169836147685,4.0,5.0,0.4,2.0,2.2,0.0,0.4,2.0,0.25,-0.75,4,270.3424531113237,Leeds (default stadium),False,0,0.0,0,0,2,2,D
945,2023-01-04,Aston Villa,Wolverhampton Wanderers,Premier League,Premier League,1492.5624479633516,1443.0116938655922,3.0,4.0,0.6,1.6,1.8,0.2,1.0,1.6,0.2,-0.4,5,9215.28796067954,Aston Villa (default stadium),False,0,0.0,0,0,1,1,D
946,2023-01-04,Crystal Palace,Tottenham Hotspur,Premier League,Premier League,1503.4335625391093,1581.3948386585755,4.0,3.0,0.6,1.0,1.0,0.4,2.0,2.2,0.2,-0.6,5,20.57108758153193,Crystal Palace (default stadium),False,0,0.0,0,0,0,4,A
947,2023-01-05,Chelsea,Manchester City,Premier League,Premier League,1577.8333229757718,1688.397454245853,4.0,5.0,0.2,0.8,1.4,0.6,1.6,1.0,0.4,-0.4,5,260.84692450845216,Chelsea (default stadium),False,0,0.0,0,0,0,1,A
948,2023-01-12,Fulham,Chelsea,Premier League,Premier League,1476.7171112552103,1568.9955763286714,9.0,7.0,0.6,1.6,1.0,0.2,0.6,0.8,0.0,-1.5,4,0.13381917032718865,Fulham (default stadium),False,0,0.0,0,0,2,1,H
949,2023-01-13,Aston Villa,Leeds,Premier League,Premier League,1489.2511671174398,1461.0779925679553,9.0,9.0,0.6,1.8,1.2,0.2,2.0,2.4,0.4,0.2,5,142.61128348620935,Aston Villa (default stadium),False,0,0.0,0,0,2,1,H
950,2023-01-14,Manchester United,Manchester City,Premier League,Premier League,1601.9230197196725,1697.2352008929533,11.0,9.0,0.8,2.0,0.8,0.6,1.6,1.0,0.2,-1.2,5,0.0,Manchester United (default stadium),True,0,0.0,0,0,2,1,H
951,2023-01-14,Brighton,Liverpool,Premier League,Premier League,1532.3877757883154,1640.7044039040156,11.0,12.0,0.6,2.6,2.0,0.8,2.2,1.4,0.2,-0.2,5,5323.625304961785,Brighton (default stadium),False,0,0.0,0,0,3,0,H
952,2023-01-14,Everton,Southampton,Premier League,Premier League,1438.5115466922023,1408.501255755789,11.0,10.0,0.0,0.6,2.4,0.0,0.8,2.6,0.6,0.0,5,11568.424076531252,Everton (default stadium),False,0,0.0,0,0,1,2,A
953,2023-01-14,Nottingham Forest,Leicester City,Premier League,Premier League,1474.5443062704244,1479.8484822714597,10.0,11.0,0.4,1.0,1.2,0.4,1.0,1.2,0.0,-4.0,1,35.85916651696625,Nottingham Forest (default stadium),False,0,0.0,0,0,2,0,H
954,2023-01-14,Wolverhampton Wanderers,West Ham United,Premier League,Premier League,1446.322974711504,1464.1318832873953,10.0,10.0,0.2,1.0,1.6,0.0,0.8,2.2,0.2,-1.4,5,9062.016054164233,Wolverhampton Wanderers (default stadium),False,0,0.0,0,0,1,0,H
955,2023-01-14,Brentford,Bournemouth,Premier League,Premier League,1524.1279204062184,1421.5156904257683,12.0,11.0,0.6,2.2,1.2,0.2,1.2,2.2,0.0,0.0,1,136.94523910617087,Brentford (default stadium),False,0,0.0,0,0,2,0,H
956,2023-01-15,Chelsea,Crystal Palace,Premier League,Premier League,1558.3552279597009,1493.6626663884567,3.0,11.0,0.2,0.8,1.0,0.4,0.8,1.8,1.0,2.4,5,10.944971454605678,Chelsea (default stadium),False,0,0.0,0,0,1,0,H
957,2023-01-15,Newcastle United,Fulham,Premier League,Premier League,1590.6917507359753,1487.3574596241808,12.0,3.0,0.6,1.6,0.2,0.8,1.8,0.8,0.6,1.8,5,399.2339499540635,Newcastle United (default stadium),False,0,0.0,0,0,1,0,H
958,2023-01-15,Tottenham Hotspur,Arsenal,Premier League,Premier League,1591.165734809228,1655.5533524309267,11.0,12.0,0.4,2.2,1.8,0.8,2.0,0.6,0.4,0.0,5,6.203038582804336,Tottenham Hotspur (default stadium),True,0,0.0,0,0,0,2,A
959,2023-01-18,Crystal Palace,Manchester United,Premier League,Premier League,1487.3562194591705,1612.6502766132398,3.0,4.0,0.2,0.4,1.8,1.0,2.2,0.4,0.4,0.0,5,271.155957712397,Crystal Palace (default stadium),False,0,0.0,0,0,1,1,D
960,2023-01-19,Manchester City,Tottenham Hotspur,Premier League,Premier League,1686.507943999386,1581.0042115084445,5.0,4.0,0.4,1.4,1.2,0.4,2.0,1.8,0.2,-0.6,5,253.91120185713115,Manchester City (default stadium),False,0,0.0,0,0,4,2,H
961,2023-01-21,Liverpool,Chelsea,Premier League,Premier League,1629.6060121836072,1564.6616748889871,7.0,6.0,0.6,1.8,1.8,0.4,1.0,0.8,0.4,0.6,5,5312.655647759373,Liverpool (default stadium),False,0,0.0,0,0,0,0,D
962,2023-01-21,Bournemouth,Nottingham Forest,Premier League,Premier League,1416.111799947761,1482.7034384975238,7.0,7.0,0.2,0.6,1.8,0.6,1.0,0.8,1.0,1.0,1,250.15842293905968,Bournemouth (default stadium),False,0,0.0,0,0,1,1,D
963,2023-01-21,Leicester City,Brighton,Premier League,Premier League,1471.6893500443603,1543.4861675087238,7.0,7.0,0.2,0.6,1.6,0.6,2.6,1.6,0.4,0.0,5,208.7110806263465,Leicester City (default stadium),False,0,0.0,0,0,2,2,D
964,2023-01-21,Southampton,Aston Villa,Premier League,Premier League,1421.302828703132,1496.4983922901888,7.0,8.0,0.2,1.0,2.0,0.6,1.6,1.2,0.4,-0.8,5,181.49627866409335,Southampton (default stadium),False,0,0.0,0,0,0,1,A
965,2023-01-21,West Ham United,Everton,Premier League,Premier League,1455.6228655865539,1425.7099737448593,7.0,7.0,0.0,0.6,2.0,0.0,0.8,2.4,0.6,0.2,5,11687.188342303432,West Ham United (default stadium),False,0,0.0,0,0,2,0,H
966,2023-01-21,Crystal Palace,Newcastle United,Premier League,Premier League,1488.934408449475,1596.0792644511198,3.0,6.0,0.2,0.6,1.8,0.6,1.0,0.0,0.2,-0.4,5,408.04977898274933,Crystal Palace (default stadium),False,0,0.0,0,0,0,0,D
967,2023-01-22,Leeds,Brentford,Premier League,Premier League,1453.8307673952063,1529.5318108842257,9.0,8.0,0.0,1.4,2.2,0.8,2.2,0.8,0.3333333333333333,-0.6666666666666666,3,268.64618637638154,Leeds (default stadium),False,0,0.0,0,0,0,0,D
968,2023-01-22,Manchester City,Wolverhampton Wanderers,Premier League,Premier League,1691.846442435261,1454.8319924123455,3.0,8.0,0.6,2.0,1.2,0.4,0.8,1.0,1.0,2.6,5,9321.398073694803,Manchester City (default stadium),False,0,0.0,0,0,3,0,H
969,2023-01-22,Arsenal,Manchester United,Premier League,Premier League,1665.7148757317102,1611.0720876229352,7.0,4.0,0.8,2.2,0.6,0.8,2.0,0.4,0.4,0.0,5,256.9000111017041,Arsenal (default stadium),False,0,0.0,0,0,3,2,H
970,2023-01-23,Fulham,Tottenham Hotspur,Premier League,Premier League,1481.9699459090364,1575.6657130725696,8.0,4.0,0.8,1.6,0.6,0.2,1.6,2.0,0.0,-1.0,5,16.0284942511911,Fulham (default stadium),False,0,0.0,0,0,0,1,A
971,2023-02-03,Chelsea,Fulham,Premier League,Premier League,1568.36148435448,1472.6509094055573,13.0,11.0,0.2,0.6,0.8,0.6,1.0,0.8,0.8,1.0,5,0.13381917032718865,Chelsea (default stadium),False,0,0.0,0,0,0,0,D
972,2023-02-04,Everton,Arsenal,Premier League,Premier League,1418.5089631493815,1672.2737435819615,14.0,13.0,0.0,0.8,2.2,0.8,2.4,1.0,0.6,-0.4,5,11682.978134396302,Everton (default stadium),False,0,0.0,0,0,1,0,H
973,2023-02-04,Aston Villa,Leicester City,Premier League,Premier League,1506.3488630952693,1471.7410661471476,14.0,14.0,0.6,1.4,1.0,0.0,0.6,2.0,0.4,-0.6,5,51.70216611005376,Aston Villa (default stadium),False,0,0.0,0,0,2,4,A
974,2023-02-04,Brentford,Southampton,Premier League,Premier League,1529.3677363878926,1411.4523578980516,13.0,14.0,0.6,1.8,0.6,0.2,0.8,1.6,0.5,0.0,2,100.61634259929923,Brentford (default stadium),False,0,0.0,0,0,3,0,H
975,2023-02-04,Brighton,Bournemouth,Premier League,Premier League,1543.4344514059364,1416.0137025662755,14.0,14.0,0.6,2.8,1.6,0.0,0.2,2.0,0.2,-1.4,5,124.11226270743967,Brighton (default stadium),False,0,0.0,0,0,1,0,H
976,2023-02-04,Manchester United,Crystal Palace,Premier League,Premier League,1604.513219772684,1489.9994685320726,13.0,14.0,0.6,1.8,1.0,0.2,0.6,1.2,0.2,-0.4,5,271.155957712397,Manchester United (default stadium),False,0,0.0,0,0,2,1,H
977,2023-02-04,Wolverhampton Wanderers,Liverpool,Premier League,Premier League,1451.91446693845,1625.9062027181144,13.0,14.0,0.4,0.8,1.2,0.4,1.2,1.6,0.0,-1.8,5,8518.872327710977,Wolverhampton Wanderers (default stadium),False,0,0.0,0,0,3,0,H
978,2023-02-04,Newcastle United,West Ham United,Premier League,Premier League,1595.0142043685223,1462.8238761820317,14.0,14.0,0.4,0.8,0.0,0.2,1.0,1.6,0.4,0.2,5,396.1921830254467,Newcastle United (default stadium),False,0,0.0,0,0,1,1,D
979,2023-02-05,Nottingham Forest,Leeds,Premier League,Premier League,1482.8015358790094,1453.9948418915394,15.0,14.0,0.4,1.0,1.0,0.0,0.8,1.4,0.5,0.0,0,97.22363994243942,Nottingham Forest (default stadium),False,0,0.0,0,0,1,0,H
980,2023-02-05,Tottenham Hotspur,Manchester City,Premier League,Premier League,1584.9847495760487,1694.7639679091565,13.0,14.0,0.4,1.4,1.6,0.6,2.0,1.0,0.6,-0.2,5,253.91120185713115,Tottenham Hotspur (default stadium),False,0,0.0,0,0,1,0,H
981,2023-02-08,Manchester United,Leeds,Premier League,Premier League,1609.651209037868,1446.7644606583588,4.0,3.0,0.6,2.0,1.2,0.0,0.6,1.0,0.75,2.5,4,52.825149610091614,Manchester United (default stadium),False,0,0.0,0,0,2,2,D
982,2023-02-11,West Ham United,Chelsea,Premier League,Premier League,1468.0646929868622,1563.9234808003514,7.0,8.0,0.2,1.0,1.2,0.2,0.4,0.6,0.2,-1.0,5,13.657971575674615,West Ham United (default stadium),False,0,0.0,0,0,1,1,D
983,2023-02-11,Arsenal,Brentford,Premier League,Premier League,1657.428211287681,1534.4313198278955,7.0,7.0,0.6,1.8,1.0,0.8,2.0,0.2,0.6666666666666666,0.6666666666666666,3,14.388544946146704,Arsenal (default stadium),False,0,0.0,0,0,1,1,D
984,2023-02-11,Crystal Palace,Brighton,Premier League,Premier League,1484.8614792668884,1548.2939239524362,7.0,7.0,0.0,0.4,1.6,0.6,2.4,1.4,0.4,0.4,5,62.01282292846458,Crystal Palace (default stadium),False,0,0.0,0,0,1,1,D
985,2023-02-11,Fulham,Nottingham Forest,Premier League,Premier League,1477.0889129596858,1490.03191711219,8.0,6.0,0.4,0.6,0.6,0.6,1.2,0.4,1.0,1.0,1,174.6818273775839,Fulham (default stadium),False,0,0.0,0,0,2,0,H
986,2023-02-11,Leicester City,Tottenham Hotspur,Premier League,Premier League,1484.664122411781,1596.1247106781038,7.0,6.0,0.2,1.4,1.8,0.6,1.6,1.2,0.2,-1.4,5,134.78780460437943,Leicester City (default stadium),False,0,0.0,0,0,4,1,H
987,2023-02-11,Southampton,Wolverhampton Wanderers,Premier League,Premier League,1406.3887744580486,1464.8212981840272,7.0,7.0,0.2,0.6,1.6,0.4,1.0,1.0,0.0,-1.0,5,9040.708255581369,Southampton (default stadium),False,0,0.0,0,0,1,2,A
988,2023-02-11,Bournemouth,Newcastle United,Premier League,Premier League,1411.1542300197757,1589.7733875636918,7.0,7.0,0.0,0.2,1.8,0.2,0.4,0.2,0.0,-1.0,5,472.12392823775417,Bournemouth (default stadium),False,0,0.0,0,0,1,1,D
989,2023-02-12,Leeds,Manchester United,Premier League,Premier League,1452.6162453193497,1603.7994243768771,4.0,4.0,0.0,1.0,1.4,0.4,1.8,1.6,0.0,-2.0,5,52.825149610091614,Leeds (default stadium),False,0,0.0,0,0,0,2,A
990,2023-02-12,Manchester City,Aston Villa,Premier League,Premier League,1683.6240068071013,1493.425806830636,7.0,8.0,0.6,1.8,1.0,0.6,1.6,1.2,0.8,1.0,5,110.34451123028889,Manchester City (default stadium),False,0,0.0,0,0,3,1,H
991,2023-02-13,Liverpool,Everton,Premier League,Premier League,1612.9993714725372,1433.354495443662,9.0,9.0,0.2,0.6,2.0,0.2,0.8,1.8,0.4,0.6,5,16451.58764038487,Liverpool (default stadium),True,0,0.0,0,0,2,0,H
992,2023-02-15,Arsenal,Manchester City,Premier League,Premier League,1652.3819781029356,1687.2790208634276,4.0,3.0,0.4,1.2,0.8,0.6,2.2,1.2,0.0,-2.2,5,256.9000111017041,Arsenal (default stadium),False,0,0.0,0,0,1,3,A
993,2023-02-18,Aston Villa,Arsenal,Premier League,Premier League,1489.7707927743097,1641.3750576479104,6.0,3.0,0.4,1.4,1.8,0.4,1.4,1.4,0.4,0.0,5,161.3294461687896,Aston Villa (default stadium),False,0,0.0,0,0,2,4,A
994,2023-02-18,Brentford,Crystal Palace,Premier League,Premier League,1539.477553012641,1484.6724723413618,7.0,7.0,0.6,1.8,0.4,0.0,0.6,1.0,0.0,0.0,3,17.206103782973617,Brentford (default stadium),False,0,0.0,0,0,1,1,D
995,2023-02-18,Brighton,Fulham,Premier League,Premier League,1548.4829308779629,1485.461286336195,7.0,7.0,0.6,2.2,0.8,0.4,0.8,0.6,0.0,-0.6,5,69.48390935697866,Brighton (default stadium),False,0,0.0,0,0,0,1,A
996,2023-02-18,Chelsea,Southampton,Premier League,Premier League,1563.1805763164161,1396.0559586919871,7.0,7.0,0.2,0.6,0.6,0.2,0.6,1.6,0.4,1.4,5,105.31037742874952,Chelsea (default stadium),False,0,0.0,0,0,0,1,A
997,2023-02-18,Everton,Leeds,Premier League,Premier League,1429.5145101465705,1444.9112677608841,5.0,6.0,0.2,0.6,2.0,0.0,0.6,1.4,0.4,0.6,5,11743.222850617241,Everton (default stadium),False,0,0.0,0,0,1,0,H
998,2023-02-18,Nottingham Forest,Manchester City,Premier League,Premier League,1481.659543735681,1698.2859413184528,7.0,3.0,0.6,1.0,0.6,0.8,2.6,1.0,0.0,-6.0,1,92.84061611811964,Nottingham Forest (default stadium),False,0,0.0,0,0,1,1,D
999,2023-02-18,Wolverhampton Wanderers,Bournemouth,Premier League,Premier League,1475.1541139500887,1414.1825178278903,7.0,7.0,0.6,1.4,1.0,0.0,0.4,1.6,0.6,0.8,5,9037.88842912415,Wolverhampton Wanderers (default stadium),False,0,0.0,0,0,0,1,A
1000,2023-02-18,Newcastle United,Liverpool,Premier League,Premier League,1586.7450997555773,1616.8393567696287,7.0,5.0,0.2,0.6,0.4,0.2,0.6,1.8,0.0,-0.8,5,5307.58997068219,Newcastle United (default stadium),False,0,0.0,0,0,0,2,A
1001,2023-02-19,Manchester United,Leicester City,Premier League,Premier League,1611.5044019353427,1495.851821640473,7.0,8.0,0.4,1.8,1.4,0.4,2.0,1.6,0.2,-0.4,5,119.18446031803153,Manchester United (default stadium),False,0,0.0,0,0,3,0,H
1002,2023-02-19,Tottenham Hotspur,West Ham United,Premier League,Premier League,1584.9370114494118,1468.8075974707974,8.0,8.0,0.4,1.0,2.0,0.2,1.2,1.0,0.2,0.0,5,8.221735834635023,Tottenham Hotspur (default stadium),False,0,0.0,0,0,2,0,H
1003,2023-02-24,Fulham,Wolverhampton Wanderers,Premier League,Premier League,1499.1132339528576,1461.553411950593,6.0,6.0,0.4,0.6,0.4,0.6,1.2,1.0,0.0,-0.6,5,9061.751294434785,Fulham (default stadium),False,0,0.0,0,0,1,1,D
1004,2023-02-25,Everton,Aston Villa,Premier League,Premier League,1437.9557152356615,1482.0772934749061,7.0,7.0,0.4,0.6,1.2,0.4,1.6,2.4,0.0,-1.2,5,11644.551802132402,Everton (default stadium),False,0,0.0,0,0,0,2,A
1005,2023-02-25,Leeds,Southampton,Premier League,Premier League,1436.4700626717931,1411.9873780716796,7.0,7.0,0.0,0.4,1.2,0.4,0.8,1.4,0.4,0.8,5,319.5889144563855,Leeds (default stadium),False,0,0.0,0,0,1,0,H
1006,2023-02-25,Leicester City,Arsenal,Premier League,Premier League,1490.7388221232848,1649.068556947314,6.0,7.0,0.4,2.0,2.0,0.4,1.8,1.8,0.2,-1.4,5,137.93652464122155,Leicester City (default stadium),False,0,0.0,0,0,0,1,A
1007,2023-02-25,West Ham United,Nottingham Forest,Premier League,Premier League,1463.705037559933,1485.645891315965,6.0,7.0,0.2,0.8,1.0,0.4,1.0,0.8,0.0,-1.0,1,173.96121605067967,West Ham United (default stadium),False,0,0.0,0,0,4,0,H
1008,2023-02-25,Bournemouth,Manchester City,Premier League,Premier League,1427.783219827386,1694.2995937381688,7.0,7.0,0.2,0.6,1.0,0.6,2.0,0.8,0.0,-2.0,5,306.55795629981236,Bournemouth (default stadium),False,0,0.0,0,0,1,4,A
1009,2023-02-25,Crystal Palace,Liverpool,Premier League,Premier League,1488.1177218546675,1627.9829120706179,7.0,7.0,0.0,0.8,1.0,0.4,0.8,1.2,0.0,-2.8,5,5306.285725112793,Crystal Palace (default stadium),False,0,0.0,0,0,0,0,D
1010,2023-02-26,Tottenham Hotspur,Chelsea,Premier League,Premier League,1590.039571360276,1547.2491569367237,7.0,8.0,0.6,1.4,1.6,0.2,0.4,0.4,0.0,-1.2,5,16.124829392275434,Tottenham Hotspur (default stadium),True,0,0.0,0,0,2,0,H
1011,2023-03-01,Arsenal,Everton,Premier League,Premier League,1656.5796170645754,1427.212248762542,4.0,4.0,0.4,1.4,1.4,0.4,0.4,1.2,0.2,0.0,5,11682.978134396302,Arsenal (default stadium),False,0,0.0,0,0,4,0,H
1012,2023-03-01,Liverpool,Wolverhampton Wanderers,Premier League,Premier League,1625.9987032224851,1464.5539802279504,4.0,5.0,0.4,0.8,0.6,0.4,1.2,1.2,0.8,1.0,5,8518.872327710977,Liverpool (default stadium),False,0,0.0,0,0,2,0,H
1013,2023-03-04,Manchester City,Newcastle United,Premier League,Premier League,1699.1782434707104,1575.601544454588,7.0,14.0,0.6,2.2,1.0,0.2,0.6,0.8,0.8,2.4,5,171.2592358971847,Manchester City (default stadium),False,0,0.0,0,0,2,0,H
1014,2023-03-04,Arsenal,Bournemouth,Premier League,Premier League,1659.6085563402414,1422.9045700948443,3.0,7.0,0.6,2.2,1.2,0.2,0.8,1.4,0.8,1.8,5,151.22456097479042,Arsenal (default stadium),False,0,0.0,0,0,3,2,H
1015,2023-03-04,Aston Villa,Crystal Palace,Premier League,Premier League,1492.8207599480256,1490.1019307028002,7.0,7.0,0.4,1.6,2.2,0.0,0.6,0.8,0.4,0.2,5,173.6948405935728,Aston Villa (default stadium),False,0,0.0,0,0,1,0,H
1016,2023-03-04,Brighton,West Ham United,Premier League,Premier League,1534.8309832613002,1472.3305394793074,14.0,7.0,0.4,1.4,0.8,0.4,1.6,0.8,0.4,0.8,5,75.30394037947526,Brighton (default stadium),False,0,0.0,0,0,4,0,H
1017,2023-03-04,Chelsea,Leeds,Premier League,Premier League,1540.3860929444886,1443.8157436978195,6.0,7.0,0.0,0.2,0.8,0.2,0.6,1.2,0.6,0.6,5,271.805200718174,Chelsea (default stadium),False,0,0.0,0,0,1,0,H
1018,2023-03-04,Wolverhampton Wanderers,Tottenham Hotspur,Premier League,Premier League,1460.3784064287572,1596.9026353525112,3.0,6.0,0.4,1.2,1.0,0.8,1.4,0.8,0.2,-0.4,5,9070.237755303215,Wolverhampton Wanderers (default stadium),False,0,0.0,0,0,1,0,H
1019,2023-03-04,Southampton,Leicester City,Premier League,Premier League,1404.6416970456532,1483.2277620060233,7.0,7.0,0.2,0.4,1.4,0.4,2.0,1.8,0.2,-0.8,5,191.4130852325117,Southampton (default stadium),False,0,0.0,0,0,1,0,H
1020,2023-03-05,Nottingham Forest,Everton,Premier League,Premier League,1477.0203893965906,1424.183309486876,8.0,4.0,0.2,0.6,1.6,0.4,0.4,1.6,0.0,0.0,1,11713.508448712575,Nottingham Forest (default stadium),False,0,0.0,0,0,2,2,D
1021,2023-03-05,Liverpool,Manchester United,Premier League,Premier League,1630.1742770216783,1616.6174014525309,4.0,14.0,0.6,1.2,0.6,0.6,2.2,1.2,0.6,2.0,5,5387.234837982907,Liverpool (default stadium),True,0,0.0,0,0,7,0,H
1022,2023-03-06,Brentford,Fulham,Premier League,Premier League,1536.0323034993353,1496.1126656755002,16.0,10.0,0.4,1.4,0.4,0.4,0.8,0.4,0.0,-1.0,1,6.821682007977283,Brentford (default stadium),False,0,0.0,0,0,3,2,H
1023,2023-03-11,Bournemouth,Liverpool,Premier League,Premier League,1419.9825882954467,1637.8146349566748,7.0,6.0,0.2,1.0,1.8,0.8,2.6,0.0,0.0,-4.0,5,5445.991656818437,Bournemouth (default stadium),False,0,0.0,0,0,1,0,H
1024,2023-03-11,Everton,Brentford,Premier League,Premier League,1427.5785417628103,1542.9700561166321,6.0,5.0,0.2,0.6,2.0,0.4,1.6,0.8,0.0,-0.6666666666666666,3,11668.64261603479,Everton (default stadium),False,0,0.0,0,0,1,0,H
1025,2023-03-11,Leeds,Brighton,Premier League,Premier League,1438.273597705182,1541.1920434347533,7.0,7.0,0.2,0.6,1.2,0.4,1.6,0.8,0.0,-0.8,5,339.6744939084154,Leeds (default stadium),False,0,0.0,0,0,2,2,D
1026,2023-03-11,Leicester City,Chelsea,Premier League,Premier League,1472.980685487073,1545.928238937126,7.0,7.0,0.4,1.6,1.6,0.2,0.4,0.8,0.2,-0.6,5,142.36087796503557,Leicester City (default stadium),False,0,0.0,0,0,1,3,A
1027,2023-03-11,Tottenham Hotspur,Nottingham Forest,Premier League,Premier League,1585.0109749083356,1473.6251571206562,7.0,6.0,0.6,1.2,1.0,0.2,0.8,1.8,1.0,2.0,1,165.73951471097544,Tottenham Hotspur (default stadium),False,0,0.0,0,0,3,1,H
1028,2023-03-11,Crystal Palace,Manchester City,Premier League,Premier League,1482.1649100413515,1704.1195821229528,7.0,7.0,0.0,0.6,1.0,0.8,2.6,0.8,0.2,-1.2,5,271.155957712397,Crystal Palace (default stadium),False,0,0.0,0,0,0,1,A
1029,2023-03-12,Fulham,Arsenal,Premier League,Premier League,1489.1749130582034,1662.530538139639,6.0,8.0,0.4,1.2,0.8,0.8,2.6,1.4,0.0,-2.2,5,9.859134784019956,Fulham (default stadium),False,0,0.0,0,0,0,3,A
1030,2023-03-12,Manchester United,Southampton,Premier League,Premier League,1608.9770435175344,1414.8887735646035,7.0,8.0,0.6,1.8,2.0,0.4,0.6,1.2,0.6,2.2,5,291.8406815664775,Manchester United (default stadium),False,0,0.0,0,0,0,0,D
1031,2023-03-12,West Ham United,Aston Villa,Premier League,Premier League,1465.9694793058543,1500.7577806094744,8.0,8.0,0.2,1.2,1.6,0.4,1.6,2.2,1.0,1.6,5,167.45755533416937,West Ham United (default stadium),False,0,0.0,0,0,1,1,D
1032,2023-03-12,Newcastle United,Wolverhampton Wanderers,Premier League,Premier League,1570.6602058023457,1472.2700668729328,8.0,8.0,0.0,0.4,1.2,0.4,0.8,1.0,0.2,0.0,5,9451.217353997563,Newcastle United (default stadium),False,0,0.0,0,0,2,1,H
1033,2023-03-15,Brighton,Crystal Palace,Premier League,Premier League,1540.247399396431,1476.2794535204189,4.0,4.0,0.4,1.6,0.8,0.0,0.4,0.8,0.0,-0.2,5,62.01282292846458,Brighton (default stadium),False,0,0.0,0,0,1,0,H
1034,2023-03-15,Southampton,Brentford,Premier League,Premier League,1421.30017422148,1531.6709661798543,3.0,4.0,0.4,0.6,0.6,0.4,1.6,1.0,0.3333333333333333,-1.0,3,100.61634259929923,Southampton (default stadium),False,0,0.0,0,0,0,2,A
1035,2023-03-17,Nottingham Forest,Newcastle United,Premier League,Premier League,1468.4181204501288,1576.1604809358346,6.0,5.0,0.0,0.8,2.4,0.2,0.8,1.4,0.0,-2.0,1,228.00744375255695,Nottingham Forest (default stadium),False,0,0.0,0,0,1,2,A
1036,2023-03-18,Aston Villa,Bournemouth,Premier League,Premier League,1501.7677990644818,1433.9980824264985,6.0,7.0,0.4,1.4,1.6,0.4,1.2,1.6,0.2,-0.8,5,197.28001354816703,Aston Villa (default stadium),False,0,0.0,0,0,3,0,H
1037,2023-03-18,Brentford,Leicester City,Premier League,Premier League,1540.514202763663,1463.0655208597093,3.0,7.0,0.4,1.4,1.0,0.2,1.0,1.8,0.0,-0.6666666666666666,3,138.5020510473538,Brentford (default stadium),False,0,0.0,0,0,1,1,D
1038,2023-03-18,Southampton,Tottenham Hotspur,Premier League,Premier League,1412.4569376376712,1590.218011578863,3.0,7.0,0.4,0.4,0.6,0.6,1.6,1.2,0.2,-1.2,5,120.5232777621848,Southampton (default stadium),False,0,0.0,0,0,3,3,D
1039,2023-03-18,Wolverhampton Wanderers,Leeds,Premier League,Premier League,1466.769791739444,1439.2182417435042,6.0,7.0,0.2,0.6,1.2,0.2,0.6,1.2,0.4,0.0,5,9331.978556268221,Wolverhampton Wanderers (default stadium),False,0,0.0,0,0,2,4,A
1040,2023-03-18,Chelsea,Everton,Premier League,Premier League,1555.8434035644898,1438.8776316995882,7.0,7.0,0.4,1.0,1.0,0.4,0.8,1.6,0.4,0.2,5,11673.649510171086,Chelsea (default stadium),False,0,0.0,0,0,2,2,D
1041,2023-03-19,Arsenal,Crystal Palace,Premier League,Premier League,1669.6404775108288,1469.9549818771277,7.0,4.0,1.0,3.0,0.8,0.0,0.2,0.8,0.4,0.2,5,15.34028105594792,Arsenal (default stadium),False,0,0.0,0,0,4,1,H
1042,2023-04-01,Manchester City,Liverpool,Premier League,Premier League,1710.0050386438854,1623.799140825623,21.0,21.0,0.8,2.2,0.6,0.6,2.2,0.2,0.2,0.4,5,5387.234837982907,Manchester City (default stadium),False,0,0.0,0,0,4,1,H
1043,2023-04-01,Arsenal,Leeds,Premier League,Premier League,1673.135176072411,1451.9544724459822,13.0,14.0,1.0,3.0,0.6,0.4,1.4,1.2,0.8,1.4,5,266.1477715120681,Arsenal (default stadium),False,0,0.0,0,0,4,1,H
1044,2023-04-01,Bournemouth,Fulham,Premier League,Premier League,1427.7678690700518,1482.0649736870137,14.0,20.0,0.4,1.0,2.0,0.4,1.2,1.4,0.3333333333333333,0.6666666666666666,3,141.8811990067746,Bournemouth (default stadium),False,0,0.0,0,0,2,1,H
1045,2023-04-01,Brighton,Brentford,Premier League,Premier League,1546.5718710397223,1536.5079676924252,17.0,14.0,0.4,1.6,0.8,0.4,1.4,1.0,0.6666666666666666,0.3333333333333333,3,71.40866453526951,Brighton (default stadium),False,0,0.0,0,0,3,3,D
1046,2023-04-01,Crystal Palace,Leicester City,Premier League,Premier League,1466.4602833155454,1467.0717559309471,13.0,14.0,0.0,0.2,1.4,0.0,0.4,1.8,0.0,-0.4,5,152.43481774000773,Crystal Palace (default stadium),False,0,0.0,0,0,2,1,H
1047,2023-04-01,Nottingham Forest,Wolverhampton Wanderers,Premier League,Premier League,1459.5001798827163,1454.033561036966,15.0,14.0,0.0,1.0,2.4,0.2,1.0,1.8,0.0,-1.0,1,9235.974422393321,Nottingham Forest (default stadium),False,0,0.0,0,0,1,1,D
1048,2023-04-01,Chelsea,Aston Villa,Premier League,Premier League,1550.9276864682624,1507.9980124209285,14.0,14.0,0.4,1.2,1.2,0.6,1.8,1.0,0.6,1.2,5,162.80441844458147,Chelsea (default stadium),False,0,0.0,0,0,0,2,A
1049,2023-04-02,West Ham United,Southampton,Premier League,Premier League,1464.9594608508469,1415.4627759726911,21.0,15.0,0.2,1.2,1.6,0.2,0.8,1.2,0.2,0.4,5,118.78899564721851,West Ham United (default stadium),False,0,0.0,0,0,1,0,H
1050,2023-04-02,Newcastle United,Manchester United,Premier League,Premier League,1585.078421503247,1602.565642860658,16.0,21.0,0.4,1.0,1.4,0.4,1.4,1.8,0.0,-1.6,5,171.2592358971847,Newcastle United (default stadium),False,0,0.0,0,0,2,0,H
1051,2023-04-03,Everton,Tottenham Hotspur,Premier League,Premier League,1443.7933487958155,1587.2121732438432,16.0,16.0,0.2,1.0,2.0,0.6,2.0,1.0,0.2,-1.2,5,11688.48360204595,Everton (default stadium),False,0,0.0,0,0,1,1,D
1052,2023-04-04,Bournemouth,Brighton,Premier League,Premier League,1437.316210906353,1544.3073895941304,3.0,3.0,0.4,1.2,2.2,0.4,2.0,1.2,0.6,1.2,5,124.11226270743967,Bournemouth (default stadium),False,0,0.0,0,0,0,2,A
1053,2023-04-04,Leeds,Nottingham Forest,Premier League,Premier League,1448.8024089464734,1457.3616036017625,3.0,3.0,0.4,1.6,1.8,0.0,1.0,2.4,0.0,-1.0,1,97.22363994243942,Leeds (default stadium),False,0,0.0,0,0,2,1,H
1054,2023-04-04,Leicester City,Aston Villa,Premier League,Premier League,1459.0427818862784,1521.1385617653434,3.0,3.0,0.0,0.6,1.6,0.8,1.8,0.2,0.4,0.2,5,51.70216611005376,Leicester City (default stadium),False,0,0.0,0,0,1,2,A
1055,2023-04-04,Chelsea,Liverpool,Premier League,Premier League,1537.7871371238475,1618.0148153039875,3.0,3.0,0.4,1.2,1.4,0.4,2.0,1.0,0.2,-0.2,5,5312.655647759373,Chelsea (default stadium),False,0,0.0,0,0,0,0,D
1056,2023-04-05,Manchester United,Brentford,Premier League,Premier League,1594.0656769820487,1538.772449138017,3.0,4.0,0.4,1.0,1.8,0.4,1.8,1.4,0.6666666666666666,0.3333333333333333,3,256.56458170773715,Manchester United (default stadium),False,0,0.0,0,0,1,0,H
1057,2023-04-05,West Ham United,Newcastle United,Premier League,Premier League,1471.6495656786776,1593.5783873818564,3.0,3.0,0.4,1.2,1.4,0.6,1.2,1.2,0.2,-0.2,5,396.1921830254467,West Ham United (default stadium),False,0,0.0,0,0,1,5,A
1058,2023-04-08,Manchester United,Everton,Premier League,Premier League,1600.6080511623534,1445.875610122041,3.0,5.0,0.4,0.8,1.8,0.2,1.2,1.8,0.4,0.4,5,11690.468746176242,Manchester United (default stadium),False,0,0.0,0,0,2,0,H
1059,2023-04-08,Aston Villa,Nottingham Forest,Premier League,Premier League,1531.3660242668534,1449.111805550809,4.0,4.0,0.8,1.8,0.4,0.0,1.2,2.0,0.0,0.0,1,69.71644875247998,Aston Villa (default stadium),False,0,0.0,0,0,2,0,H
1060,2023-04-08,Brentford,Newcastle United,Premier League,Premier League,1532.2300749577123,1602.0947868311011,3.0,3.0,0.2,1.2,1.2,0.8,2.2,1.0,0.0,-2.0,3,396.9342267120026,Brentford (default stadium),False,0,0.0,0,0,1,2,A
1061,2023-04-08,Fulham,West Ham United,Premier League,Premier League,1472.5166318507124,1463.1331662294328,7.0,3.0,0.2,1.0,1.8,0.4,1.4,2.0,0.0,-1.4,5,13.622670450459998,Fulham (default stadium),False,0,0.0,0,0,0,1,A
1062,2023-04-08,Leicester City,Bournemouth,Premier League,Premier League,1448.8153193847684,1428.3768977691368,4.0,4.0,0.0,0.8,1.8,0.4,1.0,1.8,0.4,-0.4,5,215.0463353224413,Leicester City (default stadium),False,0,0.0,0,0,0,1,A
1063,2023-04-08,Tottenham Hotspur,Brighton,Premier League,Premier League,1585.1299119176176,1553.2467027313467,5.0,4.0,0.4,1.8,1.2,0.6,2.4,1.0,0.6,0.4,5,82.58337268155316,Tottenham Hotspur (default stadium),False,0,0.0,0,0,2,1,H
1064,2023-04-08,Wolverhampton Wanderers,Chelsea,Premier League,Premier League,1456.1721373179198,1538.0814283618267,7.0,4.0,0.2,1.0,1.8,0.4,1.2,1.0,0.2,-0.4,5,9061.62140506431,Wolverhampton Wanderers (default stadium),False,0,0.0,0,0,1,0,H
1065,2023-04-08,Southampton,Manchester City,Premier League,Premier League,1408.7726711448604,1715.789364165521,6.0,7.0,0.2,0.8,1.2,0.8,2.4,0.6,0.0,-1.6,5,291.8406815664775,Southampton (default stadium),False,0,0.0,0,0,1,4,A
1066,2023-04-09,Leeds,Crystal Palace,Premier League,Premier League,1457.0522069974268,1474.4892573602142,5.0,8.0,0.4,1.8,2.0,0.2,0.6,1.6,0.4,-0.2,5,281.22737753799595,Leeds (default stadium),False,0,0.0,0,0,1,5,A
1067,2023-04-09,Liverpool,Arsenal,Premier League,Premier League,1617.7205240660082,1676.2872395719198,5.0,8.0,0.4,2.0,1.0,1.0,3.6,0.8,0.8,2.0,5,5305.0330774456925,Liverpool (default stadium),False,0,0.0,0,0,2,2,D
1068,2023-04-15,Aston Villa,Newcastle United,Premier League,Premier League,1537.2443212828102,1612.0986807361992,7.0,7.0,0.8,2.0,0.4,1.0,2.6,0.8,0.4,-0.2,5,275.3185930085947,Aston Villa (default stadium),False,0,0.0,0,0,3,0,H
1069,2023-04-15,Chelsea,Brighton,Premier League,Premier League,1527.7387855982167,1546.0978761577567,7.0,7.0,0.2,1.0,1.2,0.4,1.8,1.4,0.2,-0.2,5,69.35066034154319,Chelsea (default stadium),False,0,0.0,0,0,1,2,A
1070,2023-04-15,Everton,Fulham,Premier League,Premier League,1441.5709441273257,1460.2707389246038,7.0,7.0,0.2,1.2,1.4,0.0,0.8,2.0,0.4,0.0,5,11673.70209285392,Everton (default stadium),False,0,0.0,0,0,1,3,A
1071,2023-04-15,Southampton,Crystal Palace,Premier League,Premier League,1404.7020766909995,1485.9907029960068,7.0,6.0,0.0,0.8,2.0,0.4,1.6,1.6,0.2,-0.2,5,108.42688407911376,Southampton (default stadium),False,0,0.0,0,0,0,2,A
1072,2023-04-15,Tottenham Hotspur,Bournemouth,Premier League,Premier League,1592.2787384912076,1440.922684149657,7.0,7.0,0.4,1.8,1.4,0.6,0.8,1.2,0.6,1.2,5,156.84013393890496,Tottenham Hotspur (default stadium),False,0,0.0,0,0,2,3,A
1073,2023-04-15,Wolverhampton Wanderers,Brentford,Premier League,Premier League,1466.5147800815298,1522.2261810526143,7.0,7.0,0.4,1.2,1.4,0.2,1.4,1.4,0.3333333333333333,-0.3333333333333333,3,9065.45839959068,Wolverhampton Wanderers (default stadium),False,0,0.0,0,0,2,0,H
1074,2023-04-15,Manchester City,Leicester City,Premier League,Premier League,1719.8599586193818,1436.2695330042482,7.0,7.0,1.0,3.0,0.6,0.0,0.8,1.8,0.8,0.8,5,119.18446031803153,Manchester City (default stadium),False,0,0.0,0,0,3,1,H
1075,2023-04-16,West Ham United,Arsenal,Premier League,Premier League,1475.3790591555414,1676.6161972168613,8.0,7.0,0.4,0.8,2.0,0.8,3.2,1.2,0.0,-1.2,5,6.7390655013334415,West Ham United (default stadium),False,0,0.0,0,0,2,2,D
1076,2023-04-16,Nottingham Forest,Manchester United,Premier League,Premier League,1443.2335085348523,1604.9127171570688,8.0,8.0,0.0,0.8,2.0,0.4,0.6,1.8,0.0,-3.0,1,92.84061611811964,Nottingham Forest (default stadium),False,0,0.0,0,0,0,2,A
1077,2023-04-17,Leeds,Liverpool,Premier League,Premier League,1445.5507613616342,1617.3915664210667,8.0,8.0,0.4,2.0,2.8,0.2,2.0,1.4,0.2,-1.8,5,5338.9965121563355,Leeds (default stadium),False,0,0.0,0,0,1,6,A
1078,2023-04-21,Arsenal,Southampton,Premier League,Premier League,1673.0088450450512,1395.026875187403,5.0,6.0,0.6,3.0,1.2,0.0,0.8,2.4,0.4,0.8,5,114.81248103375616,Arsenal (default stadium),False,0,0.0,0,0,3,3,D
1079,2023-04-22,Fulham,Leeds,Premier League,Premier League,1471.7366399468503,1438.4008134760095,7.0,5.0,0.2,1.2,2.0,0.4,1.8,3.6,0.3333333333333333,-0.3333333333333333,3,271.67267991373313,Fulham (default stadium),False,0,0.0,0,0,2,1,H
1080,2023-04-22,Brentford,Aston Villa,Premier League,Premier League,1512.637208288967,1547.3840318881007,7.0,7.0,0.0,1.0,1.8,1.0,2.4,0.2,0.3333333333333333,-1.0,3,157.35324894635983,Brentford (default stadium),False,0,0.0,0,0,1,1,D
1081,2023-04-22,Crystal Palace,Everton,Premier League,Premier League,1495.6659044996034,1430.1050431050792,7.0,7.0,0.6,2.0,1.4,0.2,1.0,1.6,0.2,-0.6,5,11676.66690896838,Crystal Palace (default stadium),False,0,0.0,0,0,0,0,D
1082,2023-04-22,Leicester City,Wolverhampton Wanderers,Premier League,Premier League,1433.9588752673749,1476.103752845177,7.0,7.0,0.0,0.8,1.8,0.4,1.4,1.4,0.6,1.0,5,9203.941453824911,Leicester City (default stadium),False,0,0.0,0,0,2,1,H
1083,2023-04-22,Liverpool,Nottingham Forest,Premier League,Premier League,1624.5415143066914,1435.8126626058975,5.0,6.0,0.2,1.8,1.6,0.0,0.6,1.8,0.0,-1.0,1,5333.754310003473,Liverpool (default stadium),False,0,0.0,0,0,3,2,H
1084,2023-04-23,Bournemouth,West Ham United,Premier League,Premier League,1456.551996783798,1478.9864113273516,8.0,7.0,0.6,1.2,1.6,0.4,1.2,1.6,0.4,-0.6,5,155.36167637292584,Bournemouth (default stadium),False,0,0.0,0,0,0,4,A
1085,2023-04-23,Newcastle United,Tottenham Hotspur,Premier League,Premier League,1601.9589701309087,1576.6494258570667,8.0,8.0,0.8,2.2,1.2,0.4,2.2,1.8,0.2,-0.8,5,388.1243553495561,Newcastle United (default stadium),False,0,0.0,0,0,6,1,H
1086,2023-04-25,Wolverhampton Wanderers,Crystal Palace,Premier League,Premier League,1466.9037743270885,1491.9507891478822,3.0,3.0,0.4,1.4,1.4,0.6,2.0,1.2,0.2,-0.8,5,9051.721081889698,Wolverhampton Wanderers (default stadium),False,0,0.0,0,0,2,0,H
1087,2023-04-25,Aston Villa,Fulham,Premier League,Premier League,1548.3952319745083,1478.8471015800371,3.0,3.0,0.8,2.0,0.4,0.4,1.2,1.6,0.6666666666666666,0.6666666666666666,3,162.69251316462925,Aston Villa (default stadium),False,0,0.0,0,0,1,0,H
1088,2023-04-25,Leeds,Leicester City,Premier League,Premier League,1431.2903518428227,1443.1588537854634,3.0,3.0,0.2,1.2,3.6,0.2,1.0,1.8,0.2,-0.8,5,131.84972848212365,Leeds (default stadium),False,0,0.0,0,0,1,1,D
1089,2023-04-26,Nottingham Forest,Brighton,Premier League,Premier League,1432.1323154461115,1557.5733713307181,4.0,11.0,0.0,0.8,2.0,0.6,1.8,1.2,0.0,0.0,1,242.45573977980575,Nottingham Forest (default stadium),False,0,0.0,0,0,3,1,H
1090,2023-04-26,Chelsea,Brentford,Premier League,Premier League,1516.2632904252553,1511.6260082025594,11.0,4.0,0.0,0.6,1.4,0.0,1.0,1.8,0.3333333333333333,-0.6666666666666666,3,6.86640159913343,Chelsea (default stadium),False,0,0.0,0,0,0,2,A
1091,2023-04-26,West Ham United,Liverpool,Premier League,Premier League,1490.3469692567871,1628.2218614664773,3.0,4.0,0.6,1.8,1.4,0.4,2.4,1.8,0.2,-0.8,5,5299.298724106387,West Ham United (default stadium),False,0,0.0,0,0,1,2,A
1092,2023-04-26,Manchester City,Arsenal,Premier League,Premier League,1722.170616356255,1665.386306789064,11.0,5.0,1.0,2.8,0.6,0.4,3.0,1.8,1.0,2.0,5,256.9000111017041,Manchester City (default stadium),False,0,0.0,0,0,4,1,H
1093,2023-04-27,Everton,Newcastle United,Premier League,Premier League,1433.8201584568003,1609.2825429622524,5.0,4.0,0.0,0.8,1.6,0.8,3.0,1.2,0.2,-1.0,5,11820.07394279188,Everton (default stadium),False,0,0.0,0,0,1,4,A
1094,2023-04-27,Southampton,Bournemouth,Premier League,Premier League,1402.6494134433901,1445.1914388543623,6.0,4.0,0.0,1.4,2.6,0.6,1.2,1.8,0.4,0.2,5,36.717522209000165,Southampton (default stadium),False,0,0.0,0,0,0,1,A
1095,2023-04-27,Tottenham Hotspur,Manchester United,Premier League,Premier League,1569.325853025723,1612.3335630860236,4.0,11.0,0.2,1.8,2.8,0.6,1.0,0.4,0.2,-0.6,5,253.91120185713115,Tottenham Hotspur (default stadium),False,0,0.0,0,0,2,2,D
1096,2023-04-29,Crystal Palace,West Ham United,Premier League,Premier League,1483.2374681832798,1482.2760860790868,4.0,3.0,0.6,1.8,0.8,0.4,1.8,1.8,0.2,-0.2,5,13.663891147783643,Crystal Palace (default stadium),False,0,0.0,0,0,4,3,H
1097,2023-04-29,Brentford,Nottingham Forest,Premier League,Premier League,1523.7417943728724,1443.7146297444988,3.0,3.0,0.2,0.8,1.2,0.2,1.2,2.0,0.0,0.0,1,171.50469636447104,Brentford (default stadium),False,0,0.0,0,0,2,1,H
1098,2023-04-29,Brighton,Wolverhampton Wanderers,Premier League,Premier League,1545.991057032331,1475.617095291691,3.0,4.0,0.4,1.8,1.8,0.6,1.4,0.6,0.4,0.4,5,8996.140833084839,Brighton (default stadium),False,0,0.0,0,0,6,0,H
1099,2023-04-30,Bournemouth,Leeds,Premier League,Premier League,1455.980101630236,1429.6326331024234,3.0,5.0,0.6,1.0,1.6,0.2,1.2,3.0,0.0,-1.0,1,338.81450871990444,Bournemouth (default stadium),False,0,0.0,0,0,4,1,H
1100,2023-04-30,Fulham,Manchester City,Premier League,Premier League,1472.6607158179295,1728.6752607505807,5.0,4.0,0.4,1.2,1.2,1.0,3.2,0.8,0.0,-2.2,5,260.720495981881,Fulham (default stadium),False,0,0.0,0,0,1,2,A
1101,2023-04-30,Manchester United,Aston Villa,Premier League,Premier League,1613.1089043482139,1554.581617736616,3.0,5.0,0.6,1.4,0.8,0.8,1.8,0.4,0.4,0.0,5,110.34451123028889,Manchester United (default stadium),False,0,0.0,0,0,1,0,H
1102,2023-04-30,Newcastle United,Southampton,Premier League,Premier League,1616.337007529727,1391.8607506675164,3.0,3.0,0.8,3.4,1.4,0.0,0.8,2.2,0.6,0.6,5,452.9404186033056,Newcastle United (default stadium),False,0,0.0,0,0,3,1,H
1103,2023-04-30,Liverpool,Tottenham Hotspur,Premier League,Premier League,1636.2927446441777,1568.5505117635328,4.0,3.0,0.6,2.6,1.2,0.2,1.6,2.6,0.6,0.8,5,5300.810896107908,Liverpool (default stadium),False,0,0.0,0,0,4,3,H
1104,2023-05-01,Leicester City,Everton,Premier League,Premier League,1444.8165725258627,1426.7656938893256,6.0,4.0,0.2,1.0,1.6,0.0,0.6,2.0,0.2,-0.2,5,11692.657159990456,Leicester City (default stadium),False,0,0.0,0,0,2,2,D
1105,2023-05-02,Arsenal,Chelsea,Premier League,Premier League,1658.8816623947384,1504.1475042549423,6.0,6.0,0.2,2.4,2.4,0.0,0.2,1.4,0.8,0.8,5,9.950774202617763,Arsenal (default stadium),False,0,0.0,0,0,3,1,H
1106,2023-05-03,Liverpool,Fulham,Premier League,Premier League,1642.5236366491158,1467.555642291909,3.0,3.0,0.8,3.4,1.8,0.4,1.2,1.2,0.4,0.4,5,5312.6474190647505,Liverpool (default stadium),False,0,0.0,0,0,1,0,H
1107,2023-05-03,Manchester City,West Ham United,Premier League,Premier League,1733.7803342766013,1474.2905846158233,3.0,4.0,1.0,3.4,1.0,0.4,2.2,1.6,0.6,0.8,5,262.0495522571908,Manchester City (default stadium),False,0,0.0,0,0,3,0,H
1108,2023-05-04,Brighton,Manchester United,Premier League,Premier League,1552.157148821716,1619.569588432153,5.0,4.0,0.6,2.4,1.2,0.8,1.6,0.4,0.4,0.2,5,325.25795184878103,Brighton (default stadium),False,0,0.0,0,0,1,0,H
1109,2023-05-06,Bournemouth,Chelsea,Premier League,Premier League,1463.2759627825942,1499.8428716512678,6.0,4.0,0.8,1.8,1.4,0.0,0.4,1.6,0.4,0.2,5,141.82746970047285,Bournemouth (default stadium),False,0,0.0,0,0,1,3,A
1110,2023-05-06,Manchester City,Leeds,Premier League,Premier League,1736.3899930747123,1422.3367719500652,3.0,6.0,1.0,3.2,0.8,0.0,1.0,3.6,0.6,2.4,5,52.825149610091614,Manchester City (default stadium),False,0,0.0,0,0,2,1,H
1111,2023-05-06,Tottenham Hotspur,Crystal Palace,Premier League,Premier League,1562.3196197585946,1491.2229696465433,6.0,7.0,0.2,2.0,3.2,0.6,2.2,1.2,0.6,1.4,5,20.57108758153193,Tottenham Hotspur (default stadium),False,0,0.0,0,0,1,0,H
1112,2023-05-06,Wolverhampton Wanderers,Aston Villa,Premier League,Premier League,1469.4510035023059,1548.1209336526767,7.0,6.0,0.6,1.2,1.6,0.6,1.4,0.4,0.4,0.2,5,9215.28796067954,Wolverhampton Wanderers (default stadium),False,0,0.0,0,0,1,0,H
1113,2023-05-06,Liverpool,Brentford,Premier League,Premier League,1646.447847362892,1529.6734418314684,3.0,7.0,1.0,3.2,1.4,0.4,1.2,1.2,0.3333333333333333,0.3333333333333333,3,5318.949465164578,Liverpool (default stadium),False,0,0.0,0,0,1,0,H
1114,2023-05-07,Newcastle United,Arsenal,Premier League,Premier League,1619.4390248504988,1663.186294998413,7.0,5.0,0.8,3.0,1.4,0.2,2.2,2.4,0.2,-1.0,5,392.7352980316752,Newcastle United (default stadium),False,0,0.0,0,0,0,2,A
1115,2023-05-07,West Ham United,Manchester United,Premier League,Premier League,1471.6809258177123,1609.6440630299574,4.0,3.0,0.2,2.0,2.2,0.6,1.4,0.6,0.0,-1.2,5,262.0495522571908,West Ham United (default stadium),False,0,0.0,0,0,1,0,H
1116,2023-05-08,Fulham,Leicester City,Premier League,Premier League,1463.6314315781328,1442.335163067867,5.0,7.0,0.4,1.2,1.2,0.2,1.2,1.6,0.4,-0.4,5,142.2318025220516,Fulham (default stadium),False,0,0.0,0,0,5,3,H
1117,2023-05-08,Brighton,Everton,Premier League,Premier League,1562.0826742239117,1429.2471033473214,4.0,7.0,0.6,2.2,1.2,0.0,0.8,2.2,0.4,0.0,5,11640.55138593053,Brighton (default stadium),False,0,0.0,0,0,1,5,A
1118,2023-05-08,Nottingham Forest,Southampton,Premier League,Premier League,1437.7829822859028,1388.7587333467447,9.0,8.0,0.2,1.2,2.0,0.0,1.0,2.6,1.0,1.0,1,227.17042860852223,Nottingham Forest (default stadium),False,0,0.0,0,0,4,3,H
1119,2023-05-13,Leeds,Newcastle United,Premier League,Premier League,1420.361054096911,1608.6848453361572,7.0,6.0,0.0,1.0,3.0,0.6,2.6,1.6,0.4,0.6,5,133.43902338537998,Leeds (default stadium),False,0,0.0,0,0,2,2,D
1120,2023-05-13,Aston Villa,Tottenham Hotspur,Premier League,Premier League,1537.8714447875252,1568.4679825244825,7.0,7.0,0.4,1.0,0.6,0.2,1.8,3.0,0.4,-0.8,5,159.95911475155745,Aston Villa (default stadium),False,0,0.0,0,0,2,1,H
1121,2023-05-13,Chelsea,Nottingham Forest,Premier League,Premier League,1510.802194128973,1444.4852006634935,7.0,5.0,0.2,1.0,1.8,0.4,2.0,2.2,0.0,0.0,1,174.8137117128182,Chelsea (default stadium),False,0,0.0,0,0,2,2,D
1122,2023-05-13,Crystal Palace,Bournemouth,Premier League,Premier League,1485.0746068806554,1452.316640304889,7.0,7.0,0.4,1.2,1.2,0.6,1.8,2.0,0.8,1.2,5,145.13706164318188,Crystal Palace (default stadium),False,0,0.0,0,0,2,0,H
1123,2023-05-13,Manchester United,Wolverhampton Wanderers,Premier League,Premier League,1597.7125009541737,1479.7004923674574,6.0,7.0,0.4,1.0,0.8,0.6,1.2,1.6,0.8,0.6,5,9321.398073694803,Manchester United (default stadium),False,0,0.0,0,0,2,0,H
1124,2023-05-13,Southampton,Fulham,Premier League,Premier League,1382.056514969154,1471.0625691500748,5.0,5.0,0.0,1.4,2.6,0.4,1.6,1.6,0.4,0.4,5,105.36793929201917,Southampton (default stadium),False,0,0.0,0,0,0,2,A
1125,2023-05-14,Brentford,West Ham United,Premier League,Premier League,1524.5849807910156,1483.6124878934959,8.0,7.0,0.4,1.0,1.0,0.4,1.8,1.8,1.0,1.6666666666666667,3,19.65105251639675,Brentford (default stadium),False,0,0.0,0,0,2,0,H
1126,2023-05-14,Everton,Manchester City,Premier League,Premier League,1444.5013777165614,1738.3657109278665,6.0,8.0,0.2,1.8,2.0,1.0,2.8,0.8,0.0,-2.2,5,11690.468746176242,Everton (default stadium),False,0,0.0,0,0,0,3,A
1127,2023-05-14,Arsenal,Brighton,Premier League,Premier League,1673.9404745127545,1546.8283998546717,7.0,6.0,0.4,2.2,2.0,0.6,2.2,1.8,0.6,0.8,5,77.11653294203013,Arsenal (default stadium),False,0,0.0,0,0,0,3,A
1128,2023-05-15,Leicester City,Liverpool,Premier League,Premier League,1434.904025495925,1651.5363084033447,7.0,9.0,0.2,1.8,2.4,1.0,2.2,1.2,0.4,-0.6,5,5343.065862682322,Leicester City (default stadium),False,0,0.0,0,0,0,3,A
1129,2023-05-18,Newcastle United,Brighton,Premier League,Premier League,1605.405043877312,1561.9623876594692,5.0,4.0,0.6,3.0,1.4,0.6,2.4,1.6,0.2,-1.0,5,468.342499245935,Newcastle United (default stadium),False,0,0.0,0,0,4,1,H
1130,2023-05-20,Tottenham Hotspur,Brentford,Premier League,Premier League,1559.5972677292439,1531.4952970253396,7.0,6.0,0.2,1.6,2.8,0.6,1.4,0.6,0.3333333333333333,0.6666666666666666,3,19.90739813763192,Tottenham Hotspur (default stadium),False,0,0.0,0,0,1,3,A
1131,2023-05-20,Bournemouth,Manchester United,Premier League,Premier League,1445.1909279012223,1602.773981183045,7.0,7.0,0.4,1.2,2.0,0.4,1.0,0.8,0.2,-1.8,5,306.55795629981236,Bournemouth (default stadium),False,0,0.0,0,0,0,1,A
1132,2023-05-20,Fulham,Crystal Palace,Premier League,Premier League,1480.5160759568612,1492.2003192843222,7.0,7.0,0.4,1.6,1.4,0.4,1.2,1.2,0.2,-0.4,5,11.049065852200664,Fulham (default stadium),False,0,0.0,0,0,2,2,D
1133,2023-05-20,Liverpool,Aston Villa,Premier League,Premier League,1657.54981834899,1546.7421595827639,5.0,7.0,1.0,2.2,0.8,0.4,0.8,0.8,0.8,0.0,5,5394.758205947946,Liverpool (default stadium),False,0,0.0,0,0,1,1,D
1134,2023-05-20,Wolverhampton Wanderers,Everton,Premier League,Premier League,1474.6390121385862,1440.1798062634243,7.0,6.0,0.4,0.8,2.0,0.2,1.6,2.0,0.6,0.2,5,9274.580162181222,Wolverhampton Wanderers (default stadium),False,0,0.0,0,0,1,1,D
1135,2023-05-20,Nottingham Forest,Arsenal,Premier League,Premier League,1448.219060281845,1658.806486707957,7.0,6.0,0.4,2.4,2.2,0.4,1.8,2.2,0.0,-5.0,1,169.48736406304167,Nottingham Forest (default stadium),False,0,0.0,0,0,1,0,H
1136,2023-05-21,West Ham United,Leeds,Premier League,Premier League,1476.7021716591719,1423.6408555557562,7.0,8.0,0.2,1.0,2.2,0.0,1.2,2.2,0.6,0.6,5,270.3424531113237,West Ham United (default stadium),False,0,0.0,0,0,3,1,H
1137,2023-05-21,Brighton,Southampton,Premier League,Premier League,1555.1162393787026,1372.6030081623676,3.0,8.0,0.6,2.4,1.8,0.0,1.4,2.6,0.4,0.4,5,91.83331837808883,Brighton (default stadium),False,0,0.0,0,0,3,1,H
1138,2023-05-21,Manchester City,Chelsea,Premier League,Premier League,1742.6872823810036,1507.0683345106215,7.0,8.0,1.0,2.8,0.6,0.2,1.4,2.0,0.8,0.8,5,260.84692450845216,Manchester City (default stadium),False,0,0.0,0,0,1,0,H
1139,2023-05-22,Newcastle United,Leicester City,Premier League,Premier League,1612.2511921580785,1428.8905155502798,4.0,7.0,0.6,2.6,1.4,0.2,1.6,2.4,0.6,0.2,5,263.6083592563879,Newcastle United (default stadium),False,0,0.0,0,0,0,0,D
1140,2023-05-24,Brighton,Manchester City,Premier League,Premier League,1558.9052543880646,1745.6248828995733,3.0,3.0,0.6,1.8,2.0,1.0,2.2,0.4,0.2,-1.6,5,325.25795184878103,Brighton (default stadium),False,0,0.0,0,0,1,1,D
1141,2023-05-25,Manchester United,Chelsea,Premier League,Premier League,1610.3052119380382,1504.1307339920518,5.0,4.0,0.6,0.8,0.4,0.2,1.2,1.8,0.0,0.0,5,260.84692450845216,Manchester United (default stadium),False,0,0.0,0,0,4,1,H
1142,2023-05-28,Arsenal,Wolverhampton Wanderers,Premier League,Premier League,1644.9673388232873,1471.7198677372335,8.0,8.0,0.4,1.2,1.8,0.4,0.8,1.8,0.6,0.4,5,9066.534594608813,Arsenal (default stadium),False,0,0.0,0,0,5,0,H
1143,2023-05-28,Aston Villa,Brighton,Premier League,Premier League,1551.5222947350726,1562.143788848253,8.0,4.0,0.4,0.8,0.8,0.4,1.8,2.2,0.6,0.8,5,221.3083143577021,Aston Villa (default stadium),False,0,0.0,0,0,2,1,H
1144,2023-05-28,Brentford,Manchester City,Premier League,Premier League,1544.246177634004,1742.3863484393848,8.0,4.0,0.8,1.8,0.6,0.8,2.0,0.4,0.3333333333333333,-0.6666666666666666,3,256.56458170773715,Brentford (default stadium),False,0,0.0,0,0,1,0,H
1145,2023-05-28,Chelsea,Newcastle United,Premier League,Premier League,1498.8073325268956,1606.025247743934,3.0,6.0,0.2,1.4,2.2,0.4,1.8,1.2,0.8,1.4,5,399.367741301676,Chelsea (default stadium),False,0,0.0,0,0,1,1,D
1146,2023-05-28,Crystal Palace,Nottingham Forest,Premier League,Premier League,1493.8631952212954,1462.0582081665148,8.0,8.0,0.4,1.6,1.6,0.6,2.2,1.6,0.0,-1.0,1,184.42720029676815,Crystal Palace (default stadium),False,0,0.0,0,0,1,1,D
1147,2023-05-28,Everton,Bournemouth,Premier League,Premier League,1443.098950664777,1437.659697146229,8.0,8.0,0.2,1.8,2.2,0.4,1.2,1.4,0.2,-1.0,5,11531.827627873134,Everton (default stadium),False,0,0.0,0,0,1,0,H
1148,2023-05-28,Leeds,Tottenham Hotspur,Premier League,Premier League,1417.0417966207456,1546.8463871205795,7.0,8.0,0.0,1.2,2.4,0.2,1.6,2.2,0.2,-1.4,5,262.1340479599546,Leeds (default stadium),False,0,0.0,0,0,1,4,A
1149,2023-05-28,Leicester City,West Ham United,Premier League,Premier League,1435.1164599644244,1483.3012305941825,6.0,7.0,0.0,1.2,2.2,0.4,1.4,2.0,0.2,-1.0,5,142.949836877498,Leicester City (default stadium),False,0,0.0,0,0,2,1,H
1150,2023-05-28,Manchester United,Fulham,Premier League,Premier League,1615.6286134031943,1478.853200019888,3.0,8.0,0.6,1.4,0.6,0.4,2.0,1.6,0.8,1.6,5,260.720495981881,Manchester United (default stadium),False,0,0.0,0,0,2,1,H
1151,2023-05-28,Southampton,Liverpool,Premier League,Premier League,1368.8139931530056,1652.7696831966812,7.0,8.0,0.0,1.0,2.6,0.8,2.0,0.8,0.2,-1.6,5,5410.461987095733,Southampton (default stadium),False,0,0.0,0,0,4,4,D
392,2023-08-11,Burnley,Manchester City,Premier League,Premier League,1457.3192831323768,1671.642587032871,446.0,75.0,0.2,1.0,1.6,0.6,1.4,0.6,0.0,-3.2,5,6363.654979892703,Burnley (default stadium),False,0,0.0,0,0,0,3,A
393,2023-08-12,Arsenal,Nottingham Forest,Premier League,Premier League,1611.6921626603173,1473.6804848009754,76.0,76.0,0.6,2.0,1.0,0.4,1.8,1.6,0.5,2.0,2,169.48736406304167,Arsenal (default stadium),False,0,0.0,0,0,2,1,H
394,2023-08-12,Bournemouth,West Ham United,Premier League,Premier League,1447.3481413498184,1480.4462246350222,76.0,76.0,0.2,1.0,1.6,0.4,1.0,1.6,0.2,-1.6,5,155.36167637292584,Bournemouth (default stadium),False,0,0.0,0,0,1,1,D
395,2023-08-12,Brighton,Luton,Premier League,Premier League,1540.3772941023321,1500.0,76.0,,0.4,1.8,1.6,0.5,0.0,0.0,0.5,0.0,0,116.2424196075041,Brighton (default stadium),False,0,0.0,0,0,4,1,H
396,2023-08-12,Everton,Fulham,Premier League,Premier League,1463.2208445084361,1480.6418072195515,76.0,76.0,0.4,1.8,1.4,0.4,2.0,1.6,0.2,-1.0,5,11673.70209285392,Everton (default stadium),False,0,0.0,0,0,0,1,A
397,2023-08-12,Sheffield United,Crystal Palace,Premier League,Premier League,1419.4275723133042,1493.2605677398824,811.0,76.0,0.4,0.4,1.4,0.4,1.8,1.4,0.5,-0.5,4,241.11581385297217,Sheffield United (default stadium),False,0,0.0,0,0,0,1,A
398,2023-08-12,Newcastle United,Aston Villa,Premier League,Premier League,1578.7185815609987,1544.872268585162,76.0,76.0,0.2,1.4,1.2,0.4,1.0,1.0,0.4,0.0,5,275.3185930085947,Newcastle United (default stadium),False,0,0.0,0,0,5,1,H
399,2023-08-13,Brentford,Tottenham Hotspur,Premier League,Premier League,1543.3318075221707,1541.3564054648073,77.0,77.0,0.8,1.6,0.6,0.4,2.0,2.0,0.25,0.0,4,19.90739813763192,Brentford (default stadium),False,0,0.0,0,0,2,2,D
400,2023-08-13,Chelsea,Liverpool,Premier League,Premier League,1499.9058536421235,1610.4657117327465,77.0,77.0,0.2,1.4,1.8,0.6,2.0,1.0,0.2,0.2,5,5312.655647759373,Chelsea (default stadium),False,0,0.0,0,0,1,1,D
401,2023-08-14,Manchester United,Wolverhampton Wanderers,Premier League,Premier League,1590.2195528477603,1475.8232422600734,78.0,78.0,0.8,1.8,0.6,0.2,0.4,2.8,0.8,0.8,5,9321.398073694803,Manchester United (default stadium),False,0,0.0,0,0,1,0,H
402,2023-08-18,Nottingham Forest,Sheffield United,Premier League,Premier League,1469.041764373615,1409.5378903143555,6.0,6.0,0.4,1.8,1.6,0.4,0.4,0.8,0.5,0.0,0,56.693112509141784,Nottingham Forest (default stadium),False,0,0.0,0,0,2,1,H
403,2023-08-19,Fulham,Brentford,Premier League,Premier League,1492.143705453546,1541.2893240992528,7.0,6.0,0.6,2.2,1.4,0.6,1.6,0.8,0.5,0.0,2,6.821682007977283,Fulham (default stadium),False,0,0.0,0,0,0,3,A
404,2023-08-19,Liverpool,Bournemouth,Premier League,Premier League,1609.3035797105956,1446.289994817736,6.0,7.0,0.4,2.0,1.2,0.0,0.4,1.6,0.8,3.0,5,5445.991656818437,Liverpool (default stadium),False,0,0.0,0,0,3,1,H
405,2023-08-19,Wolverhampton Wanderers,Brighton,Premier League,Premier League,1470.682671410739,1547.3031143570063,5.0,7.0,0.2,0.4,1.8,0.4,2.0,1.8,0.4,-1.6,5,8996.140833084839,Wolverhampton Wanderers (default stadium),False,0,0.0,0,0,1,4,A
406,2023-08-19,Tottenham Hotspur,Manchester United,Premier League,Premier League,1543.3988888877252,1595.3601236970947,6.0,5.0,0.4,1.8,1.6,1.0,2.0,0.4,0.0,-1.6,5,253.91120185713115,Tottenham Hotspur (default stadium),False,0,0.0,0,0,2,0,H
407,2023-08-19,Manchester City,Newcastle United,Premier League,Premier League,1677.7121408549574,1585.8155827165326,8.0,7.0,0.6,1.6,0.4,0.4,2.4,1.0,0.8,2.4,5,171.2592358971847,Manchester City (default stadium),False,0,0.0,0,0,1,0,H
408,2023-08-20,Aston Villa,Everton,Premier League,Premier League,1537.775267429628,1451.7189462744416,8.0,8.0,0.4,1.2,1.8,0.4,1.4,1.2,0.8,1.4,5,11644.551802132402,Aston Villa (default stadium),False,0,0.0,0,0,4,0,H
409,2023-08-20,West Ham United,Chelsea,Premier League,Premier League,1481.5043711671046,1501.0679856642744,8.0,7.0,0.4,1.2,1.2,0.0,1.0,1.8,0.2,-0.4,5,13.657971575674615,West Ham United (default stadium),False,0,0.0,0,0,3,1,H
410,2023-08-21,Crystal Palace,Arsenal,Premier League,Premier League,1503.150249738831,1616.3308830876776,9.0,9.0,0.4,1.2,0.8,0.6,1.8,1.0,0.2,-0.8,5,15.34028105594792,Crystal Palace (default stadium),False,0,0.0,0,0,0,1,A
411,2023-08-25,Chelsea,Luton,Premier League,Premier League,1492.509549403773,1493.0741797453259,5.0,13.0,0.0,0.8,2.0,0.0,1.0,4.0,0.5,0.0,0,47.73765081167031,Chelsea (default stadium),False,0,0.0,0,0,3,0,H
412,2023-08-26,Bournemouth,Tottenham Hotspur,Premier League,Premier League,1442.1441795087082,1552.8801575138802,7.0,7.0,0.0,0.4,1.6,0.4,2.0,1.6,0.4,0.0,5,156.84013393890496,Bournemouth (default stadium),False,0,0.0,0,0,0,2,A
413,2023-08-26,Arsenal,Fulham,Premier League,Premier League,1625.0944044209728,1481.5441879256127,5.0,7.0,0.6,1.6,1.0,0.4,1.2,1.4,0.8,2.0,5,9.859134784019956,Arsenal (default stadium),False,0,0.0,0,0,2,2,D
414,2023-08-26,Brentford,Crystal Palace,Premier League,Premier League,1551.8888416271861,1494.386728405536,7.0,5.0,0.8,2.2,0.6,0.4,1.2,0.8,0.0,0.0,4,17.206103782973617,Brentford (default stadium),False,0,0.0,0,0,1,1,D
415,2023-08-26,Everton,Wolverhampton Wanderers,Premier League,Premier League,1445.9310800576343,1460.8732000164885,6.0,7.0,0.2,0.4,1.8,0.0,0.4,2.6,0.2,-0.4,5,9274.580162181222,Everton (default stadium),False,0,0.0,0,0,0,1,A
416,2023-08-26,Manchester United,Nottingham Forest,Premier League,Premier League,1585.8788550709396,1475.4778855890947,7.0,8.0,0.8,1.6,0.8,0.4,1.4,1.2,1.0,2.5,2,92.84061611811964,Manchester United (default stadium),False,0,0.0,0,0,3,2,H
417,2023-08-26,Brighton,West Ham United,Premier League,Premier League,1557.1125857512568,1490.062807427606,7.0,6.0,0.6,2.6,1.2,0.4,1.6,1.4,0.6,1.6,5,75.30394037947526,Brighton (default stadium),False,0,0.0,0,0,1,3,A
418,2023-08-27,Burnley,Aston Villa,Premier League,Premier League,1451.2497293102904,1543.5631336464353,16.0,7.0,0.0,0.6,2.0,0.6,2.0,1.6,0.2,-0.4,5,6410.2146983505845,Burnley (default stadium),False,0,0.0,0,0,1,3,A
419,2023-08-27,Sheffield United,Manchester City,Premier League,Premier League,1403.1017690988758,1683.3627201457766,9.0,8.0,0.4,0.6,0.8,0.6,1.2,0.4,0.0,-1.25,4,47.66972606116785,Sheffield United (default stadium),False,0,0.0,0,0,1,2,A
420,2023-08-27,Newcastle United,Liverpool,Premier League,Premier League,1580.1650034257134,1613.4493950196234,8.0,8.0,0.4,2.0,0.8,0.4,2.4,1.4,0.0,-1.2,5,5307.58997068219,Newcastle United (default stadium),False,0,0.0,0,0,1,2,A
421,2023-09-01,Luton,West Ham United,Premier League,Premier League,1485.0465015172997,1503.8148035003985,7.0,6.0,0.0,0.5,3.5,0.6,2.2,1.2,0.5,0.0,0,48.06418578684053,Luton (default stadium),False,0,0.0,0,0,1,2,A
422,2023-09-02,Sheffield United,Everton,Premier League,Premier League,1398.509019538117,1434.359520191652,6.0,7.0,0.2,0.6,1.2,0.2,0.4,1.4,0.5,0.25,4,11723.749937979286,Sheffield United (default stadium),False,0,0.0,0,0,2,2,D
423,2023-09-02,Brentford,Bournemouth,Premier League,Premier League,1548.3753632284336,1433.3113119131865,7.0,7.0,0.6,2.0,0.8,0.0,0.4,1.6,0.5,1.0,2,136.94523910617087,Brentford (default stadium),False,0,0.0,0,0,2,2,D
424,2023-09-02,Burnley,Tottenham Hotspur,Premier League,Premier League,1441.8910791820686,1561.713025109402,6.0,7.0,0.0,0.6,2.0,0.6,2.2,1.2,0.2,-1.0,5,6556.63679428139,Burnley (default stadium),False,0,0.0,0,0,2,5,A
425,2023-09-02,Chelsea,Nottingham Forest,Premier League,Premier League,1500.5372276317992,1470.2489848923285,8.0,7.0,0.2,1.4,1.8,0.4,1.4,1.4,0.0,0.0,2,174.8137117128182,Chelsea (default stadium),False,0,0.0,0,0,0,1,A
426,2023-09-02,Manchester City,Fulham,Premier League,Premier League,1687.9554697065355,1487.0180871224645,6.0,7.0,0.6,1.4,0.6,0.2,1.2,1.8,1.0,1.8,5,260.720495981881,Manchester City (default stadium),False,0,0.0,0,0,5,1,H
427,2023-09-02,Brighton,Newcastle United,Premier League,Premier League,1543.3605896784643,1569.1121595369577,7.0,6.0,0.4,2.2,1.6,0.2,1.4,1.0,0.2,-0.2,5,468.342499245935,Brighton (default stadium),False,0,0.0,0,0,3,1,H
428,2023-09-03,Crystal Palace,Wolverhampton Wanderers,Premier League,Premier League,1497.9002068042885,1472.4447598824706,8.0,8.0,0.2,1.0,1.0,0.2,0.6,2.2,0.8,0.8,5,9051.721081889698,Crystal Palace (default stadium),False,0,0.0,0,0,3,2,H
429,2023-09-03,Liverpool,Aston Villa,Premier League,Premier League,1624.502238908379,1552.9217837746571,7.0,7.0,0.4,2.2,1.6,0.6,2.2,1.6,0.8,1.0,5,5394.758205947946,Liverpool (default stadium),False,0,0.0,0,0,3,0,H
430,2023-09-03,Arsenal,Manchester United,Premier League,Premier League,1619.620505224121,1591.1077557677058,8.0,8.0,0.6,2.0,0.8,0.8,2.0,1.2,0.4,0.0,5,256.9000111017041,Arsenal (default stadium),False,0,0.0,0,0,3,1,H
431,2023-09-16,Wolverhampton Wanderers,Liverpool,Premier League,Premier League,1465.125085213374,1630.638748804348,13.0,13.0,0.2,0.8,2.6,0.6,2.6,1.4,0.2,-0.6,5,8518.872327710977,Wolverhampton Wanderers (default stadium),False,0,0.0,0,0,1,3,A
432,2023-09-16,Aston Villa,Crystal Palace,Premier League,Premier League,1546.785273878688,1505.2198814733852,13.0,13.0,0.6,2.0,2.0,0.4,1.2,1.0,0.4,-0.2,5,173.6948405935728,Aston Villa (default stadium),False,0,0.0,0,0,3,1,H
433,2023-09-16,Fulham,Luton,Premier League,Premier League,1483.5441236222002,1473.582529974874,14.0,15.0,0.2,1.0,2.4,0.0,0.6666666666666666,3.0,0.5,0.0,0,47.60538581836871,Fulham (default stadium),False,0,0.0,0,0,1,0,H
434,2023-09-16,Manchester United,Brighton,Premier League,Premier League,1583.8695612815293,1552.0938588217457,13.0,14.0,0.6,1.4,1.6,0.6,2.6,1.6,0.4,-0.6,5,325.25795184878103,Manchester United (default stadium),False,0,0.0,0,0,1,3,A
435,2023-09-16,Tottenham Hotspur,Sheffield United,Premier League,Premier League,1570.2887832475858,1397.5292710086355,14.0,14.0,0.8,3.0,1.0,0.2,1.0,1.4,0.5,1.0,4,222.40706229422355,Tottenham Hotspur (default stadium),False,0,0.0,0,0,2,1,H
436,2023-09-16,West Ham United,Manchester City,Premier League,Premier League,1515.2787750428242,1691.4294332067998,15.0,14.0,0.6,2.0,1.2,0.8,2.2,0.6,0.0,-1.4,5,262.0495522571908,West Ham United (default stadium),False,0,0.0,0,0,1,3,A
437,2023-09-16,Newcastle United,Brentford,Premier League,Premier League,1560.3788903936763,1543.501267084499,14.0,14.0,0.2,1.6,1.6,0.4,1.8,1.0,0.75,1.75,4,396.9342267120026,Newcastle United (default stadium),False,0,0.0,0,0,1,0,H
438,2023-09-17,Bournemouth,Chelsea,Premier League,Premier League,1438.185408057121,1487.7282841544077,15.0,15.0,0.0,0.8,1.8,0.2,1.2,1.2,0.4,0.2,5,141.82746970047285,Bournemouth (default stadium),False,0,0.0,0,0,0,0,D
439,2023-09-17,Everton,Arsenal,Premier League,Premier League,1435.3392687211335,1626.8586997102975,15.0,14.0,0.2,0.6,1.6,0.8,2.6,0.8,0.6,-1.0,5,11682.978134396302,Everton (default stadium),False,0,0.0,0,0,0,1,A
440,2023-09-18,Nottingham Forest,Burnley,Premier League,Premier League,1483.05792836972,1433.3153210438848,16.0,16.0,0.4,1.4,1.4,0.0,1.0,2.8,0.5,0.0,0,6446.910723160891,Nottingham Forest (default stadium),False,0,0.0,0,0,1,1,D
441,2023-09-23,Crystal Palace,Fulham,Premier League,Premier League,1498.3249930576444,1491.2824360716293,7.0,7.0,0.4,1.2,1.4,0.4,1.0,2.0,0.4,0.0,5,11.049065852200664,Crystal Palace (default stadium),False,0,0.0,0,0,0,0,D
442,2023-09-23,Luton,Wolverhampton Wanderers,Premier League,Premier League,1465.844217525445,1457.8069657065853,7.0,7.0,0.0,0.5,2.5,0.2,1.0,2.2,0.5,0.0,0,9109.163463161638,Luton (default stadium),False,0,0.0,0,0,1,1,D
443,2023-09-23,Manchester City,Nottingham Forest,Premier League,Premier League,1698.465817000437,1479.7417319052702,7.0,5.0,1.0,2.8,0.6,0.4,1.4,1.4,0.5,3.0,2,92.84061611811964,Manchester City (default stadium),False,0,0.0,0,0,2,0,H
444,2023-09-23,Brentford,Everton,Premier League,Premier League,1535.9509603739216,1428.7009047550562,7.0,6.0,0.2,1.6,1.2,0.0,0.4,1.8,0.5,0.25,4,11668.64261603479,Brentford (default stadium),False,0,0.0,0,0,1,3,A
445,2023-09-23,Burnley,Manchester United,Premier League,Premier League,1436.6315175083346,1571.021230857272,5.0,7.0,0.0,1.0,2.8,0.4,1.2,2.0,0.2,-0.6,5,6363.654979892703,Burnley (default stadium),False,0,0.0,0,0,0,1,A
446,2023-09-24,Arsenal,Tottenham Hotspur,Premier League,Premier League,1633.4970636763749,1574.2532488725149,7.0,8.0,0.8,1.8,0.8,0.8,2.6,1.0,0.8,0.8,5,6.203038582804336,Arsenal (default stadium),True,0,0.0,0,0,2,2,D
447,2023-09-24,Brighton,Bournemouth,Premier League,Premier League,1564.942189246003,1437.597284197634,8.0,7.0,0.8,3.0,1.4,0.0,0.8,1.6,0.6,-0.4,5,124.11226270743967,Brighton (default stadium),False,0,0.0,0,0,3,1,H
448,2023-09-24,Chelsea,Aston Villa,Premier League,Premier League,1488.3164080138947,1553.6801622944288,7.0,8.0,0.2,1.0,1.0,0.6,2.2,2.0,0.6,0.8,5,162.80441844458147,Chelsea (default stadium),False,0,0.0,0,0,0,1,A
449,2023-09-24,Liverpool,West Ham United,Premier League,Premier League,1637.9568683111368,1508.242391249187,8.0,8.0,0.8,2.4,0.8,0.6,2.0,1.4,0.8,0.8,5,5299.298724106387,Liverpool (default stadium),False,0,0.0,0,0,3,1,H
450,2023-09-24,Sheffield United,Newcastle United,Premier League,Premier League,1393.5648053837065,1567.9291971042537,8.0,8.0,0.0,1.0,1.8,0.4,1.6,1.4,0.25,-1.25,4,174.8266025761931,Sheffield United (default stadium),False,0,0.0,0,0,0,8,A
451,2023-09-30,Aston Villa,Brighton,Premier League,Premier League,1563.8135962529595,1569.8032680849028,6.0,6.0,0.8,2.2,1.0,0.8,2.8,1.4,0.8,1.2,5,221.3083143577021,Aston Villa (default stadium),False,0,0.0,0,0,6,1,H
452,2023-09-30,Bournemouth,Arsenal,Premier League,Premier League,1432.7362053587342,1629.9397210404652,6.0,6.0,0.0,0.8,2.0,0.6,1.8,1.0,0.0,-1.8,5,151.22456097479042,Bournemouth (default stadium),False,0,0.0,0,0,0,4,A
453,2023-09-30,Everton,Luton,Premier League,Premier League,1443.4016552525454,1463.6351491887249,7.0,7.0,0.2,1.0,1.8,0.0,0.6,2.2,0.5,0.0,0,11685.483647010638,Everton (default stadium),False,0,0.0,0,0,1,2,A
454,2023-09-30,Manchester United,Crystal Palace,Premier League,Premier League,1579.188876463532,1496.1431743786372,7.0,7.0,0.4,1.2,2.0,0.2,1.0,1.4,0.4,0.2,5,271.155957712397,Manchester United (default stadium),False,0,0.0,0,0,0,1,A
455,2023-09-30,Newcastle United,Burnley,Premier League,Premier League,1575.0125493258417,1428.4638719020745,6.0,7.0,0.4,2.2,1.2,0.0,0.8,2.6,0.8,1.0,5,6365.680353490109,Newcastle United (default stadium),False,0,0.0,0,0,2,0,H
456,2023-09-30,West Ham United,Sheffield United,Premier League,Premier League,1503.4313270363562,1386.4814531621184,6.0,6.0,0.6,2.0,1.8,0.0,1.0,3.2,0.5,0.75,4,230.6286601084905,West Ham United (default stadium),False,0,0.0,0,0,2,0,H
457,2023-09-30,Wolverhampton Wanderers,Manchester City,Premier League,Premier League,1460.0160340433054,1701.6556121485332,7.0,7.0,0.2,1.2,2.2,1.0,2.6,0.6,0.0,-2.8,5,9321.398073694803,Wolverhampton Wanderers (default stadium),False,0,0.0,0,0,2,1,H
458,2023-09-30,Tottenham Hotspur,Liverpool,Premier League,Premier League,1577.8105915084245,1642.7679325239676,6.0,6.0,0.8,2.6,1.0,1.0,2.8,0.8,0.0,-0.8,5,5300.810896107908,Tottenham Hotspur (default stadium),False,0,0.0,0,0,2,1,H
459,2023-10-01,Nottingham Forest,Brentford,Premier League,Premier League,1476.551936757174,1521.2502098764323,8.0,8.0,0.4,1.2,1.4,0.2,1.4,1.4,0.0,-0.5,2,171.50469636447104,Nottingham Forest (default stadium),False,0,0.0,0,0,1,1,D
460,2023-10-02,Fulham,Chelsea,Premier League,Premier League,1493.4642547506364,1478.182974055364,9.0,8.0,0.2,0.8,2.0,0.2,0.8,1.0,0.2,-0.6,5,0.13381917032718865,Fulham (default stadium),False,0,0.0,0,0,0,2,A
461,2023-10-03,Luton,Burnley,Premier League,Premier League,1475.0578276954452,1423.9979287017054,3.0,3.0,0.2,0.8,1.6,0.0,0.8,2.4,0.5,0.0,0,6523.902736579352,Luton (default stadium),False,0,0.0,0,0,1,2,A
462,2023-10-07,Luton,Tottenham Hotspur,Premier League,Premier League,1461.707928605763,1587.6654623064014,4.0,7.0,0.2,1.0,1.4,0.8,2.6,1.2,0.5,0.0,0,40.025854148634416,Luton (default stadium),False,0,0.0,0,0,0,1,A
463,2023-10-07,Burnley,Chelsea,Premier League,Premier League,1437.3478277913875,1490.5894297935486,4.0,5.0,0.2,1.0,2.0,0.4,1.0,0.4,0.0,-2.4,5,6552.140911877313,Burnley (default stadium),False,0,0.0,0,0,1,4,A
464,2023-10-07,Everton,Bournemouth,Premier League,Premier League,1431.978976745825,1426.242148085263,7.0,7.0,0.2,1.2,1.4,0.0,0.6,2.2,0.4,-0.8,5,11531.827627873134,Everton (default stadium),False,0,0.0,0,0,3,0,H
465,2023-10-07,Fulham,Sheffield United,Premier League,Premier League,1481.0577990124518,1381.3968232407046,5.0,7.0,0.2,0.8,1.8,0.0,0.8,3.2,0.5,0.5,2,231.3345967658948,Fulham (default stadium),False,0,0.0,0,0,3,1,H
466,2023-10-07,Manchester United,Brentford,Premier League,Premier League,1565.048280617473,1521.9771674620788,7.0,6.0,0.4,1.2,1.8,0.0,1.0,1.6,0.75,0.5,4,256.56458170773715,Manchester United (default stadium),False,0,0.0,0,0,2,1,H
467,2023-10-07,Crystal Palace,Nottingham Forest,Premier League,Premier League,1510.2837702246964,1475.8249791715275,7.0,6.0,0.4,1.2,1.2,0.2,1.0,1.4,0.0,-0.5,2,184.42720029676815,Crystal Palace (default stadium),False,0,0.0,0,0,0,0,D
468,2023-10-08,Brighton,Liverpool,Premier League,Premier League,1561.625067415127,1632.9130617259907,8.0,8.0,0.6,2.2,2.4,0.8,2.4,1.0,0.4,0.4,5,5323.625304961785,Brighton (default stadium),False,0,0.0,0,0,2,2,D
469,2023-10-08,West Ham United,Newcastle United,Premier League,Premier League,1508.51595695777,1579.4784925262109,8.0,8.0,0.6,1.8,1.6,0.6,2.6,1.0,0.2,-0.6,5,396.1921830254467,West Ham United (default stadium),False,0,0.0,0,0,2,2,D
470,2023-10-08,Wolverhampton Wanderers,Aston Villa,Premier League,Premier League,1474.5900337656244,1571.9917969227354,8.0,8.0,0.4,1.4,1.6,0.8,2.6,1.2,0.6,0.6,5,9215.28796067954,Wolverhampton Wanderers (default stadium),False,0,0.0,0,0,1,1,D
471,2023-10-08,Arsenal,Manchester City,Premier League,Premier League,1636.4337783139365,1687.0816124262142,8.0,8.0,0.6,2.4,1.0,0.8,2.6,1.0,0.0,-2.4,5,256.9000111017041,Arsenal (default stadium),False,0,0.0,0,0,1,0,H
472,2023-10-21,Liverpool,Everton,Premier League,Premier League,1632.8759904395624,1439.8329801307075,13.0,14.0,0.6,2.4,1.2,0.4,1.8,1.2,0.6,1.0,5,16451.58764038487,Liverpool (default stadium),True,0,0.0,0,0,2,0,H
473,2023-10-21,Bournemouth,Wolverhampton Wanderers,Premier League,Premier League,1418.3881447003805,1475.3770886890604,14.0,13.0,0.0,0.6,2.4,0.2,1.4,1.8,0.2,-0.2,5,9037.88842912415,Bournemouth (default stadium),False,0,0.0,0,0,1,2,A
474,2023-10-21,Brentford,Burnley,Premier League,Premier League,1515.1213857626612,1426.8658560463473,14.0,14.0,0.0,1.0,1.8,0.2,0.8,1.8,0.5,0.0,2,6545.334738318465,Brentford (default stadium),False,0,0.0,0,0,3,0,H
475,2023-10-21,Manchester City,Brighton,Premier League,Premier League,1677.638037219482,1561.6621387015553,13.0,13.0,0.6,2.2,1.0,0.6,2.4,2.2,0.6,1.4,5,325.25795184878103,Manchester City (default stadium),False,0,0.0,0,0,2,1,H
476,2023-10-21,Newcastle United,Crystal Palace,Premier League,Premier League,1579.4507885964456,1507.364636745468,13.0,14.0,0.6,2.8,1.0,0.4,1.0,1.0,0.2,0.0,5,408.04977898274933,Newcastle United (default stadium),False,0,0.0,0,0,4,0,H
477,2023-10-21,Nottingham Forest,Luton,Premier League,Premier League,1478.7441126507558,1453.3047327232755,14.0,14.0,0.2,0.6,0.8,0.2,0.8,1.2,0.5,0.0,0,127.08652042738117,Nottingham Forest (default stadium),False,0,0.0,0,0,2,2,D
478,2023-10-21,Chelsea,Arsenal,Premier League,Premier League,1501.0714015385888,1645.8773535206687,14.0,13.0,0.4,1.2,0.6,0.8,2.2,0.6,0.2,-0.8,5,9.950774202617763,Chelsea (default stadium),False,0,0.0,0,0,2,2,D
479,2023-10-21,Sheffield United,Manchester United,Premier League,Premier League,1375.925671604522,1571.9040623168905,14.0,14.0,0.0,0.8,3.4,0.4,1.0,1.6,0.25,-0.75,4,47.66972606116785,Sheffield United (default stadium),False,0,0.0,0,0,1,2,A
480,2023-10-22,Aston Villa,West Ham United,Premier League,Premier League,1571.2047419992994,1508.5436608875352,14.0,14.0,0.6,2.2,1.2,0.4,1.6,1.8,0.0,-1.4,5,167.45755533416937,Aston Villa (default stadium),False,0,0.0,0,0,4,1,H
481,2023-10-23,Tottenham Hotspur,Fulham,Premier League,Premier League,1596.068658188889,1486.5289506486345,16.0,16.0,0.8,2.4,1.2,0.4,1.0,1.6,0.8,0.8,5,16.0284942511911,Tottenham Hotspur (default stadium),False,0,0.0,0,0,2,0,H
482,2023-10-27,Crystal Palace,Tottenham Hotspur,Premier League,Premier League,1501.2405024247312,1601.3167277873138,6.0,4.0,0.2,0.4,1.4,0.8,1.8,0.8,0.2,-1.6,5,20.57108758153193,Crystal Palace (default stadium),False,0,0.0,0,0,1,2,A
483,2023-10-28,Chelsea,Brentford,Premier League,Premier League,1503.1918246147845,1520.8573232464882,7.0,7.0,0.4,1.6,0.8,0.2,1.2,1.4,0.25,-1.0,4,6.86640159913343,Chelsea (default stadium),False,0,0.0,0,0,0,2,A
484,2023-10-28,Arsenal,Sheffield United,Premier League,Premier League,1643.756930444473,1369.4006485140121,7.0,7.0,0.6,2.0,0.8,0.0,0.6,3.4,0.5,0.75,4,226.17988118230357,Arsenal (default stadium),False,0,0.0,0,0,5,0,H
485,2023-10-28,Bournemouth,Burnley,Premier League,Premier League,1408.0138313696814,1421.1299185625203,7.0,7.0,0.0,0.4,2.4,0.2,0.6,2.2,0.2,-1.8,5,6464.032279474406,Bournemouth (default stadium),False,0,0.0,0,0,2,1,H
486,2023-10-28,Wolverhampton Wanderers,Newcastle United,Premier League,Premier League,1485.7514020197596,1585.5749229171824,7.0,7.0,0.4,1.4,1.4,0.8,3.4,0.4,0.2,-0.2,5,9451.217353997563,Wolverhampton Wanderers (default stadium),False,0,0.0,0,0,2,2,D
487,2023-10-29,West Ham United,Everton,Premier League,Premier League,1502.1866113127182,1436.2266283620381,7.0,8.0,0.2,1.4,2.4,0.4,1.4,1.2,0.6,0.4,5,11687.188342303432,West Ham United (default stadium),False,0,0.0,0,0,0,1,A
488,2023-10-29,Aston Villa,Luton,Premier League,Premier League,1577.5617915741163,1455.9846288263218,7.0,8.0,0.8,3.0,0.8,0.2,1.2,1.4,0.5,0.0,0,121.00120733814136,Aston Villa (default stadium),False,0,0.0,0,0,3,1,H
489,2023-10-29,Brighton,Fulham,Premier League,Premier League,1556.556219314689,1481.2808810502097,8.0,6.0,0.4,2.0,2.4,0.4,0.8,1.0,0.0,-0.8,5,69.48390935697866,Brighton (default stadium),False,0,0.0,0,0,1,1,D
490,2023-10-29,Liverpool,Nottingham Forest,Premier League,Premier League,1636.4823422082318,1476.0642165477095,8.0,8.0,0.6,2.2,1.2,0.0,0.8,1.2,0.5,0.0,2,5333.754310003473,Liverpool (default stadium),False,0,0.0,0,0,3,0,H
491,2023-10-29,Manchester United,Manchester City,Premier League,Premier League,1578.4290854074004,1682.743956606348,8.0,8.0,0.6,1.2,1.2,0.6,1.6,1.0,0.4,-1.0,5,0.0,Manchester United (default stadium),True,0,0.0,0,0,0,3,A
492,2023-11-04,Fulham,Manchester United,Premier League,Premier League,1485.2344708617613,1569.413547811715,6.0,6.0,0.2,0.8,1.2,0.6,1.0,1.2,0.0,-1.2,5,260.720495981881,Fulham (default stadium),False,0,0.0,0,0,0,1,A
493,2023-11-04,Brentford,West Ham United,Premier League,Premier League,1532.3523412077789,1488.4615980814933,7.0,6.0,0.4,1.6,1.2,0.2,1.2,2.0,1.0,1.75,4,19.65105251639675,Brentford (default stadium),False,0,0.0,0,0,3,2,H
494,2023-11-04,Burnley,Crystal Palace,Premier League,Premier League,1412.7526950372142,1492.104009889666,7.0,8.0,0.2,0.8,2.4,0.2,0.4,1.2,0.6,1.0,5,6562.201316773521,Burnley (default stadium),False,0,0.0,0,0,0,2,A
495,2023-11-04,Everton,Brighton,Premier League,Premier League,1449.951641593263,1552.6026295031375,6.0,6.0,0.6,1.6,1.0,0.2,1.6,2.4,0.4,0.4,5,11640.55138593053,Everton (default stadium),False,0,0.0,0,0,1,1,D
496,2023-11-04,Manchester City,Bournemouth,Premier League,Premier League,1691.7594942020335,1416.3910548949875,6.0,7.0,0.6,1.6,0.8,0.2,0.8,2.6,1.0,2.2,5,306.55795629981236,Manchester City (default stadium),False,0,0.0,0,0,6,1,H
497,2023-11-04,Sheffield United,Wolverhampton Wanderers,Premier League,Premier League,1366.9791159976248,1486.6076898472438,7.0,7.0,0.0,0.4,4.0,0.4,1.6,1.2,0.25,-0.5,4,9292.643824463747,Sheffield United (default stadium),False,0,0.0,0,0,2,1,H
498,2023-11-04,Newcastle United,Arsenal,Premier League,Premier League,1584.7186350896982,1646.1784629608603,7.0,7.0,0.6,3.6,0.8,0.6,2.8,0.8,0.2,-0.8,5,392.7352980316752,Newcastle United (default stadium),False,0,0.0,0,0,1,0,H
499,2023-11-05,Nottingham Forest,Aston Villa,Premier League,Premier League,1471.8690850942614,1582.5460786650708,7.0,7.0,0.0,0.6,1.6,0.8,3.0,0.8,0.0,-1.0,2,69.71644875247998,Nottingham Forest (default stadium),False,0,0.0,0,0,2,0,H
500,2023-11-05,Luton,Liverpool,Premier League,Premier League,1451.0003417353673,1640.6774736616799,7.0,7.0,0.2,1.2,1.8,0.6,2.2,1.0,0.5,0.0,0,5317.145219417547,Luton (default stadium),False,0,0.0,0,0,1,1,D
501,2023-11-06,Tottenham Hotspur,Chelsea,Premier League,Premier League,1610.453220322379,1491.696806653494,10.0,9.0,0.8,1.8,0.8,0.4,1.6,1.2,0.2,-0.8,5,16.124829392275434,Tottenham Hotspur (default stadium),True,0,0.0,0,0,1,4,A
502,2023-11-11,Wolverhampton Wanderers,Tottenham Hotspur,Premier League,Premier League,1475.188901214746,1595.498517508223,7.0,5.0,0.4,1.6,1.4,0.8,1.6,1.2,0.4,-0.2,5,9070.237755303215,Wolverhampton Wanderers (default stadium),False,0,0.0,0,0,2,1,H
503,2023-11-11,Arsenal,Burnley,Premier League,Premier League,1636.4242193800064,1403.0217825391883,7.0,7.0,0.6,2.4,0.6,0.2,0.8,2.4,0.2,0.0,5,6555.361279391892,Arsenal (default stadium),False,0,0.0,0,0,3,1,H
504,2023-11-11,Crystal Palace,Everton,Premier League,Premier League,1501.834922387692,1450.8886557171672,7.0,7.0,0.4,0.8,1.2,0.4,1.2,1.0,0.2,-0.4,5,11676.66690896838,Crystal Palace (default stadium),False,0,0.0,0,0,2,3,A
505,2023-11-11,Manchester United,Luton,Premier League,Premier League,1579.0056675892624,1454.314860806666,7.0,6.0,0.6,1.0,1.2,0.0,1.0,1.8,0.5,0.0,0,214.06653690025897,Manchester United (default stadium),False,0,0.0,0,0,1,0,H
506,2023-11-11,Bournemouth,Newcastle United,Premier League,Premier League,1413.9818956935383,1594.472878670552,7.0,7.0,0.2,0.8,3.2,0.6,2.2,0.8,0.0,-0.8,5,472.12392823775417,Bournemouth (default stadium),False,0,0.0,0,0,2,0,H
507,2023-11-12,Aston Villa,Fulham,Premier League,Premier League,1571.3806208760973,1475.642351084214,7.0,8.0,0.6,2.8,1.2,0.2,0.8,1.4,0.75,0.75,4,162.69251316462925,Aston Villa (default stadium),False,0,0.0,0,0,3,1,H
508,2023-11-12,Brighton,Sheffield United,Premier League,Premier League,1551.6656153792333,1378.3979046301226,8.0,8.0,0.0,1.2,2.4,0.2,0.8,2.6,0.0,-0.5,4,298.82970905946405,Brighton (default stadium),False,0,0.0,0,0,1,1,D
509,2023-11-12,Liverpool,Brentford,Premier League,Premier League,1637.3629545903812,1539.186880073292,7.0,8.0,0.4,1.8,1.0,0.6,2.0,1.0,0.5,0.5,4,5318.949465164578,Liverpool (default stadium),False,0,0.0,0,0,3,0,H
510,2023-11-12,West Ham United,Nottingham Forest,Premier League,Premier League,1481.6270592159801,1483.034542883235,8.0,7.0,0.2,1.4,2.0,0.2,1.0,1.2,0.5,1.5,2,173.96121605067967,West Ham United (default stadium),False,0,0.0,0,0,3,2,H
511,2023-11-12,Chelsea,Manchester City,Premier League,Premier League,1506.65150946765,1694.1686534034827,6.0,8.0,0.6,2.4,1.2,0.6,2.4,1.0,0.2,-0.6,5,260.84692450845216,Chelsea (default stadium),False,0,0.0,0,0,4,4,D
512,2023-11-25,Manchester City,Liverpool,Premier League,Premier League,1690.909587378391,1642.8681448505542,13.0,13.0,0.6,3.0,1.4,0.6,2.2,0.6,0.4,1.0,5,5387.234837982907,Manchester City (default stadium),False,0,0.0,0,0,1,1,D
513,2023-11-25,Burnley,West Ham United,Premier League,Premier League,1400.0520614183977,1489.6780641297219,14.0,13.0,0.0,0.6,2.8,0.2,1.6,2.4,0.2,-0.2,5,6562.099962977977,Burnley (default stadium),False,0,0.0,0,0,1,2,A
514,2023-11-25,Luton,Crystal Palace,Premier League,Premier League,1449.3973441690516,1488.4879271961274,14.0,14.0,0.0,0.8,1.6,0.2,1.0,1.8,0.5,0.0,0,57.443463420157244,Luton (default stadium),False,0,0.0,0,0,2,1,H
515,2023-11-25,Newcastle United,Chelsea,Premier League,Premier League,1581.3957362391516,1509.9105754927416,14.0,13.0,0.4,1.8,1.2,0.4,2.8,2.0,0.2,-1.0,5,399.367741301676,Newcastle United (default stadium),False,0,0.0,0,0,4,1,H
516,2023-11-25,Nottingham Forest,Brighton,Premier League,Premier League,1474.9835379694932,1545.6207904068551,13.0,13.0,0.2,1.2,1.6,0.0,1.2,1.4,0.5,1.0,2,242.45573977980575,Nottingham Forest (default stadium),False,0,0.0,0,0,2,3,A
517,2023-11-25,Sheffield United,Bournemouth,Premier League,Premier League,1384.4427296025008,1427.0590381249388,13.0,14.0,0.2,1.0,2.4,0.4,1.2,2.4,0.5,0.5,2,297.9449672096812,Sheffield United (default stadium),False,0,0.0,0,0,1,3,A
518,2023-11-25,Brentford,Arsenal,Premier League,Premier League,1533.681689813119,1639.393940500797,13.0,14.0,0.6,1.8,1.4,0.6,2.2,0.8,0.25,-0.5,4,14.388544946146704,Brentford (default stadium),False,0,0.0,0,0,0,1,A
519,2023-11-26,Tottenham Hotspur,Aston Villa,Premier League,Premier League,1584.0605268435645,1576.941977223047,15.0,14.0,0.6,1.4,1.4,0.6,2.2,1.2,0.4,0.2,5,159.95911475155745,Tottenham Hotspur (default stadium),False,0,0.0,0,0,1,2,A
520,2023-11-26,Everton,Manchester United,Premier League,Premier League,1464.2356509087317,1583.9231842268769,15.0,15.0,0.6,1.6,1.0,0.8,1.2,1.0,0.2,-0.4,5,11690.468746176242,Everton (default stadium),False,0,0.0,0,0,0,3,A
521,2023-11-27,Fulham,Wolverhampton Wanderers,Premier League,Premier League,1470.0809947372643,1486.6268918794044,15.0,16.0,0.2,1.0,1.6,0.4,1.6,1.4,0.0,-0.6,5,9061.751294434785,Fulham (default stadium),False,0,0.0,0,0,3,2,H
522,2023-12-02,Arsenal,Wolverhampton Wanderers,Premier League,Premier League,1648.3696640576015,1478.153399034661,7.0,5.0,0.6,2.2,0.8,0.4,1.8,1.8,0.8,1.6,5,9066.534594608813,Arsenal (default stadium),False,0,0.0,0,0,2,1,H
523,2023-12-02,Brentford,Luton,Premier League,Premier League,1524.7059662563145,1458.5100393099347,7.0,7.0,0.6,1.6,1.2,0.2,1.2,1.6,0.5,0.0,0,44.83774888882646,Brentford (default stadium),False,0,0.0,0,0,3,1,H
524,2023-12-02,Burnley,Sheffield United,Premier League,Premier League,1390.616343120534,1373.6561916038645,7.0,7.0,0.0,0.6,2.4,0.2,1.0,2.4,0.25,-0.75,4,6411.238214865433,Burnley (default stadium),False,0,0.0,0,0,5,0,H
525,2023-12-02,Nottingham Forest,Everton,Premier League,Premier League,1465.0018795484596,1455.6561023313473,7.0,6.0,0.2,1.6,2.2,0.4,1.0,1.6,0.0,0.0,2,11713.508448712575,Nottingham Forest (default stadium),False,0,0.0,0,0,0,1,A
526,2023-12-02,Newcastle United,Manchester United,Premier League,Premier League,1587.5345797707785,1592.5027328042613,7.0,6.0,0.6,2.2,1.0,0.8,1.4,0.8,0.2,-0.6,5,171.2592358971847,Newcastle United (default stadium),False,0,0.0,0,0,1,0,H
527,2023-12-03,Bournemouth,Aston Villa,Premier League,Premier League,1437.845576123575,1589.1258789263727,8.0,7.0,0.6,1.8,2.0,0.8,2.4,1.2,0.8,0.4,5,197.28001354816703,Bournemouth (default stadium),False,0,0.0,0,0,2,2,D
528,2023-12-03,Chelsea,Brighton,Premier League,Premier League,1503.7717319611147,1555.6024488278888,8.0,8.0,0.2,2.2,2.6,0.2,1.4,1.4,0.0,-0.8,5,69.35066034154319,Chelsea (default stadium),False,0,0.0,0,0,3,2,H
529,2023-12-03,Liverpool,Fulham,Premier League,Premier League,1646.1406919198364,1478.5544875820076,8.0,6.0,0.6,2.0,0.4,0.2,1.0,1.8,0.4,0.2,5,5312.6474190647505,Liverpool (default stadium),False,0,0.0,0,0,4,3,H
530,2023-12-03,West Ham United,Crystal Palace,Premier League,Premier League,1499.1137824275854,1479.3752320552444,8.0,8.0,0.4,1.6,2.2,0.2,1.2,2.2,0.4,0.0,5,13.663891147783643,West Ham United (default stadium),False,0,0.0,0,0,1,1,D
531,2023-12-03,Manchester City,Tottenham Hotspur,Premier League,Premier League,1687.637040309109,1571.8766251402387,8.0,7.0,0.6,3.2,1.4,0.4,1.4,1.8,0.4,0.4,5,253.91120185713115,Manchester City (default stadium),False,0,0.0,0,0,3,3,D
532,2023-12-05,Wolverhampton Wanderers,Burnley,Premier League,Premier League,1474.142192456526,1398.164417153169,3.0,3.0,0.2,1.6,2.0,0.2,1.6,1.8,0.0,-1.2,5,13238.018552642983,Wolverhampton Wanderers (default stadium),False,0,0.0,0,0,1,0,H
533,2023-12-05,Luton,Arsenal,Premier League,Premier League,1452.2408997728567,1652.3808706357368,3.0,3.0,0.2,1.0,1.8,0.8,2.2,0.6,0.5,0.0,0,42.84930389894466,Luton (default stadium),False,0,0.0,0,0,3,4,A
534,2023-12-06,Brighton,Brentford,Premier League,Premier League,1546.1249266285483,1530.9751057933925,3.0,4.0,0.2,1.6,1.6,0.6,1.6,1.4,0.5,0.25,4,71.40866453526951,Brighton (default stadium),False,0,0.0,0,0,2,1,H
535,2023-12-06,Crystal Palace,Bournemouth,Premier League,Premier League,1481.9021704146928,1440.1432466015287,3.0,3.0,0.2,1.4,1.6,0.6,2.0,2.0,1.0,1.8,5,145.13706164318188,Crystal Palace (default stadium),False,0,0.0,0,0,0,2,A
536,2023-12-06,Fulham,Nottingham Forest,Premier League,Premier League,1474.4945116282224,1452.7570166912647,3.0,4.0,0.2,1.6,2.2,0.2,1.2,2.0,1.0,1.5,2,174.6818273775839,Fulham (default stadium),False,0,0.0,0,0,5,0,H
537,2023-12-06,Sheffield United,Liverpool,Premier League,Premier League,1366.1081175712295,1650.2006678736216,4.0,3.0,0.2,0.8,3.0,0.6,2.4,1.0,0.0,-1.5,4,5343.9474638368165,Sheffield United (default stadium),False,0,0.0,0,0,0,2,A
538,2023-12-06,Aston Villa,Manchester City,Premier League,Premier League,1586.828208448419,1682.7476777060158,3.0,3.0,0.6,2.0,1.4,0.4,3.4,1.8,0.0,-1.0,5,110.34451123028889,Aston Villa (default stadium),False,0,0.0,0,0,1,0,H
539,2023-12-06,Manchester United,Chelsea,Premier League,Premier League,1584.3529426815796,1513.2492541604552,4.0,3.0,0.6,1.0,0.8,0.4,2.4,2.6,0.2,0.6,5,260.84692450845216,Manchester United (default stadium),False,0,0.0,0,0,2,1,H
540,2023-12-07,Everton,Newcastle United,Premier League,Premier League,1467.9009651885422,1595.6843698934601,5.0,5.0,0.6,1.2,1.2,0.6,1.6,1.0,0.2,-1.4,5,11820.07394279188,Everton (default stadium),False,0,0.0,0,0,3,0,H
541,2023-12-07,Tottenham Hotspur,West Ham United,Premier League,Premier League,1576.7659877433318,1496.586844068137,4.0,4.0,0.2,1.6,2.4,0.4,1.6,1.6,0.4,0.4,5,8.221735834635023,Tottenham Hotspur (default stadium),False,0,0.0,0,0,1,2,A
542,2023-12-09,Crystal Palace,Liverpool,Premier League,Premier League,1468.7920264905295,1654.7158455974923,3.0,3.0,0.2,1.2,1.6,0.6,2.2,1.0,0.0,-1.4,5,5306.285725112793,Crystal Palace (default stadium),False,0,0.0,0,0,1,2,A
543,2023-12-09,Brighton,Burnley,Premier League,Premier League,1553.722035817452,1392.135050868255,3.0,4.0,0.4,1.8,1.6,0.2,1.4,1.6,0.4,-0.2,5,6578.701185693557,Brighton (default stadium),False,0,0.0,0,0,1,1,D
544,2023-12-09,Manchester United,Bournemouth,Premier League,Premier League,1590.5011329203326,1453.253390525692,3.0,3.0,0.8,1.4,0.4,0.6,2.0,1.8,0.8,1.8,5,306.55795629981236,Manchester United (default stadium),False,0,0.0,0,0,0,3,A
545,2023-12-09,Sheffield United,Brentford,Premier League,Premier League,1361.5929398473588,1523.3779966044888,3.0,3.0,0.2,0.8,2.4,0.4,1.4,1.8,0.5,0.0,0,228.06721309835388,Sheffield United (default stadium),False,0,0.0,0,0,1,0,H
546,2023-12-09,Wolverhampton Wanderers,Nottingham Forest,Premier League,Premier League,1480.17155874144,1445.3377367139835,4.0,3.0,0.4,1.4,1.6,0.2,1.2,2.4,0.5,0.5,2,9235.974422393321,Wolverhampton Wanderers (default stadium),False,0,0.0,0,0,1,1,D
547,2023-12-09,Aston Villa,Arsenal,Premier League,Premier League,1597.572849822812,1658.801019337646,3.0,4.0,0.6,1.6,1.2,0.8,2.0,1.2,0.2,-1.0,5,161.3294461687896,Aston Villa (default stadium),False,0,0.0,0,0,1,0,H
548,2023-12-10,Everton,Chelsea,Premier League,Premier League,1479.548938705007,1507.1010639217022,3.0,4.0,0.6,1.6,1.2,0.4,2.6,2.6,0.2,-0.4,5,11673.649510171086,Everton (default stadium),False,0,0.0,0,0,2,0,H
549,2023-12-10,Fulham,West Ham United,Premier League,Premier League,1481.9137916055035,1510.6588462550499,4.0,3.0,0.4,2.4,2.0,0.6,2.0,1.6,0.0,-1.2,5,13.622670450459998,Fulham (default stadium),False,0,0.0,0,0,5,0,H
550,2023-12-10,Luton,Manchester City,Premier League,Premier League,1445.8207510709474,1672.0030363316228,5.0,4.0,0.2,1.4,2.0,0.2,2.8,2.0,0.5,0.0,0,214.06653690025897,Luton (default stadium),False,0,0.0,0,0,1,2,A
551,2023-12-10,Tottenham Hotspur,Newcastle United,Premier League,Premier League,1562.693985556419,1584.0363963769953,3.0,3.0,0.0,1.4,2.6,0.6,1.2,1.2,0.4,-0.2,5,388.1243553495561,Tottenham Hotspur (default stadium),False,0,0.0,0,0,4,1,H
552,2023-12-15,Nottingham Forest,Tottenham Hotspur,Premier League,Premier League,1448.2667415225183,1571.302592334539,6.0,5.0,0.0,1.0,2.6,0.2,2.0,2.0,0.0,-2.0,2,165.73951471097544,Nottingham Forest (default stadium),False,0,0.0,0,0,0,2,A
553,2023-12-16,Chelsea,Sheffield United,Premier League,Premier League,1498.3167691631836,1374.1749375912182,6.0,7.0,0.2,1.8,2.8,0.2,0.6,2.2,0.5,0.25,4,231.46623209780716,Chelsea (default stadium),False,0,0.0,0,0,2,0,H
554,2023-12-16,Manchester City,Crystal Palace,Premier League,Premier League,1677.7879207111264,1462.0100428557992,6.0,7.0,0.2,2.0,2.0,0.0,1.0,2.0,0.6,0.6,5,271.155957712397,Manchester City (default stadium),False,0,0.0,0,0,2,2,D
555,2023-12-16,Newcastle United,Fulham,Premier League,Premier League,1575.4277895988753,1490.731928171835,6.0,6.0,0.4,1.2,2.0,0.6,3.4,1.8,0.8,2.0,5,399.2339499540635,Newcastle United (default stadium),False,0,0.0,0,0,3,0,H
556,2023-12-16,Burnley,Everton,Premier League,Premier League,1397.9621819927809,1488.3332334635256,7.0,6.0,0.2,1.6,1.4,0.8,1.8,1.0,0.4,-0.2,5,7457.166496435577,Burnley (default stadium),False,0,0.0,0,0,0,2,A
557,2023-12-17,Arsenal,Brighton,Premier League,Premier League,1649.0534392830725,1547.894904692926,8.0,8.0,0.8,2.0,1.2,0.4,1.8,1.6,0.4,0.0,5,77.11653294203013,Arsenal (default stadium),False,0,0.0,0,0,2,0,H
558,2023-12-17,Brentford,Aston Villa,Premier League,Premier League,1510.7959988606294,1607.3204298773855,8.0,8.0,0.2,0.8,1.6,0.8,1.8,0.8,0.25,-0.75,4,157.35324894635983,Brentford (default stadium),False,0,0.0,0,0,1,2,A
559,2023-12-17,West Ham United,Wolverhampton Wanderers,Premier League,Premier League,1501.8407096887183,1477.2425539329054,7.0,8.0,0.6,1.6,2.0,0.4,1.4,1.4,0.6,0.4,5,9062.016054164233,West Ham United (default stadium),False,0,0.0,0,0,3,0,H
560,2023-12-17,Liverpool,Manchester United,Premier League,Premier League,1661.4978292322226,1575.1555396119113,8.0,8.0,0.8,2.4,1.0,0.6,1.2,1.0,0.8,3.4,5,5387.234837982907,Liverpool (default stadium),True,0,0.0,0,0,0,0,D
561,2023-12-21,Crystal Palace,Brighton,Premier League,Premier League,1468.7745147144378,1542.4579486307566,5.0,4.0,0.0,1.0,1.8,0.4,1.6,1.8,0.2,0.0,5,62.01282292846458,Crystal Palace (default stadium),False,0,0.0,0,0,1,1,D
562,2023-12-22,Aston Villa,Sheffield United,Premier League,Premier League,1616.5584751152487,1369.2456923670636,5.0,6.0,0.8,1.6,0.8,0.2,0.4,2.4,0.25,-0.5,4,103.16089059657074,Aston Villa (default stadium),False,0,0.0,0,0,1,1,D
563,2023-12-23,West Ham United,Manchester United,Premier League,Premier League,1509.1833016164262,1579.3744415607323,6.0,6.0,0.6,1.6,1.6,0.4,1.0,1.0,0.2,-0.6,5,262.0495522571908,West Ham United (default stadium),False,0,0.0,0,0,2,0,H
564,2023-12-23,Fulham,Burnley,Premier League,Premier League,1484.9117990227808,1388.5478370215583,7.0,7.0,0.6,3.2,1.8,0.2,1.4,1.2,0.25,-0.25,4,6552.0788285457975,Fulham (default stadium),False,0,0.0,0,0,0,2,A
565,2023-12-23,Luton,Newcastle United,Premier League,Premier League,1440.0358666914437,1581.2479187479296,13.0,7.0,0.2,1.4,2.2,0.6,1.8,1.6,0.5,0.0,0,352.10103593103526,Luton (default stadium),False,0,0.0,0,0,1,0,H
566,2023-12-23,Nottingham Forest,Bournemouth,Premier League,Premier League,1439.7814887792974,1468.5989838341134,8.0,14.0,0.0,0.6,2.4,0.8,2.4,0.6,0.0,-0.5,2,250.15842293905968,Nottingham Forest (default stadium),False,0,0.0,0,0,2,3,A
567,2023-12-23,Tottenham Hotspur,Everton,Premier League,Premier League,1579.7878450777598,1497.7475784347482,8.0,7.0,0.4,2.2,1.6,0.8,1.6,0.6,0.4,1.4,5,11688.48360204595,Tottenham Hotspur (default stadium),False,0,0.0,0,0,2,1,H
568,2023-12-23,Liverpool,Arsenal,Premier League,Premier League,1657.2789272834016,1654.490395345242,6.0,6.0,0.6,1.8,1.0,0.8,1.8,1.0,0.6,1.6,5,5305.0330774456925,Liverpool (default stadium),False,0,0.0,0,0,1,1,D
569,2023-12-24,Wolverhampton Wanderers,Chelsea,Premier League,Premier League,1469.8999620051975,1503.2460143873382,7.0,8.0,0.2,1.0,1.8,0.4,1.4,2.0,0.2,-0.4,5,9061.62140506431,Wolverhampton Wanderers (default stadium),False,0,0.0,0,0,2,1,H
570,2023-12-26,Newcastle United,Nottingham Forest,Premier League,Premier League,1569.226499150942,1428.6016812753885,3.0,3.0,0.4,1.0,1.6,0.0,0.6,2.4,1.0,1.5,2,228.00744375255695,Newcastle United (default stadium),False,0,0.0,0,0,1,3,A
571,2023-12-26,Bournemouth,Fulham,Premier League,Premier League,1479.7787913380223,1470.458706093709,3.0,3.0,0.8,2.6,1.0,0.4,2.6,1.8,0.5,0.75,4,141.8811990067746,Bournemouth (default stadium),False,0,0.0,0,0,3,0,H
572,2023-12-26,Sheffield United,Luton,Premier League,Premier League,1376.4728143099294,1452.0572862884314,4.0,3.0,0.2,0.4,2.0,0.4,1.6,2.0,0.5,0.0,0,183.75302486051035,Sheffield United (default stadium),False,0,0.0,0,0,2,3,A
573,2023-12-26,Burnley,Liverpool,Premier League,Premier League,1403.00092995063,1655.2140272013426,3.0,3.0,0.4,1.6,0.8,0.6,1.8,1.0,0.2,-1.0,5,11263.441847487935,Burnley (default stadium),False,0,0.0,0,0,0,2,A
574,2023-12-26,Manchester United,Aston Villa,Premier League,Premier League,1569.3689401114568,1609.331353172383,3.0,4.0,0.2,0.4,1.4,0.6,1.4,0.8,0.4,0.0,5,110.34451123028889,Manchester United (default stadium),False,0,0.0,0,0,3,2,H
575,2023-12-27,Brentford,Wolverhampton Wanderers,Premier League,Premier League,1501.5579536227663,1478.8488732167214,10.0,3.0,0.2,1.0,1.4,0.4,1.0,1.4,0.25,-0.25,4,9065.45839959068,Brentford (default stadium),False,0,0.0,0,0,1,4,A
576,2023-12-27,Chelsea,Crystal Palace,Premier League,Premier League,1494.2971031758143,1468.8805284929026,3.0,6.0,0.4,1.4,1.6,0.0,1.0,1.6,1.0,1.8,5,10.944971454605678,Chelsea (default stadium),False,0,0.0,0,0,2,1,H
577,2023-12-27,Everton,Manchester City,Premier League,Premier League,1491.8641682398745,1671.0234488524877,4.0,11.0,0.8,1.8,0.4,0.2,1.6,1.6,0.0,-2.4,5,11690.468746176242,Everton (default stadium),False,0,0.0,0,0,1,3,A
578,2023-12-28,Brighton,Tottenham Hotspur,Premier League,Premier League,1542.3519348522918,1585.6712552726335,7.0,5.0,0.2,1.2,1.6,0.6,2.4,1.4,0.4,-0.4,5,82.58337268155316,Brighton (default stadium),False,0,0.0,0,0,4,2,H
579,2023-12-28,Arsenal,West Ham United,Premier League,Premier League,1656.555295427301,1519.1888030657017,5.0,5.0,0.6,1.8,1.2,0.6,1.6,1.4,0.6,1.0,5,6.7390655013334415,Arsenal (default stadium),False,0,0.0,0,0,0,2,A
580,2023-12-30,Luton,Chelsea,Premier League,Premier League,1461.8965661049838,1501.6178163304517,4.0,3.0,0.4,1.8,2.2,0.4,1.2,1.4,0.0,-3.0,1,47.73765081167031,Luton (default stadium),False,0,0.0,0,0,2,3,A
581,2023-12-30,Aston Villa,Burnley,Premier League,Premier League,1600.193756815841,1397.812213369331,4.0,4.0,0.6,1.4,1.0,0.2,0.6,1.2,0.4,0.6,5,6410.2146983505845,Aston Villa (default stadium),False,0,0.0,0,0,3,2,H
582,2023-12-30,Crystal Palace,Brentford,Premier League,Premier League,1461.5598153382653,1488.951150480719,3.0,3.0,0.0,1.0,1.8,0.2,1.2,2.0,0.0,0.0,5,17.206103782973617,Crystal Palace (default stadium),False,0,0.0,0,0,3,1,H
583,2023-12-30,Manchester City,Sheffield United,Premier League,Premier League,1677.9810473579305,1366.633534493377,3.0,4.0,0.4,2.0,1.6,0.2,0.8,1.6,1.0,1.2,5,47.66972606116785,Manchester City (default stadium),False,0,0.0,0,0,2,0,H
584,2023-12-30,Wolverhampton Wanderers,Everton,Premier League,Premier League,1491.4556763587686,1484.9065697344317,3.0,3.0,0.6,1.6,1.2,0.6,1.8,1.0,0.8,0.8,5,9274.580162181222,Wolverhampton Wanderers (default stadium),False,0,0.0,0,0,3,0,H
585,2023-12-30,Nottingham Forest,Manchester United,Premier League,Premier League,1444.0163383343063,1578.5065364679988,4.0,4.0,0.2,1.2,2.4,0.4,1.0,1.6,0.0,-2.0,3,92.84061611811964,Nottingham Forest (default stadium),False,0,0.0,0,0,2,1,H
586,2023-12-31,Fulham,Arsenal,Premier League,Premier League,1462.7028667299708,1641.2072613432779,5.0,3.0,0.4,2.0,1.6,0.4,1.4,1.4,0.0,-1.4,5,9.859134784019956,Fulham (default stadium),False,0,0.0,0,0,2,1,H
587,2023-12-31,Tottenham Hotspur,Bournemouth,Premier League,Premier League,1576.4376809668188,1487.5346307017605,3.0,5.0,0.6,2.2,1.6,0.8,2.6,0.8,0.6,0.6,5,156.84013393890496,Tottenham Hotspur (default stadium),False,0,0.0,0,0,3,1,H
588,2024-01-01,Liverpool,Newcastle United,Premier League,Premier League,1660.4027437826417,1553.811842092024,6.0,6.0,0.6,1.4,0.4,0.2,1.0,2.2,1.0,1.4,5,5307.58997068219,Liverpool (default stadium),False,0,0.0,0,0,4,2,H
589,2024-01-02,West Ham United,Brighton,Premier League,Premier League,1534.5368371497248,1551.5855091581066,5.0,5.0,0.8,1.8,1.2,0.4,1.6,1.4,0.2,-1.2,5,75.30394037947526,West Ham United (default stadium),False,0,0.0,0,0,0,0,D
590,2024-01-12,Burnley,Luton,Premier League,Premier League,1394.3620487343928,1451.0272732753197,13.0,13.0,0.2,1.0,1.6,0.4,2.0,2.2,1.0,1.0,1,6523.902736579352,Burnley (default stadium),False,0,0.0,0,0,1,1,D
591,2024-01-13,Chelsea,Fulham,Premier League,Premier League,1512.4871091601158,1475.7281540109816,14.0,13.0,0.6,1.6,1.4,0.4,1.4,1.8,0.6,0.8,5,0.13381917032718865,Chelsea (default stadium),False,0,0.0,0,0,1,0,H
592,2024-01-13,Newcastle United,Manchester City,Premier League,Premier League,1548.497799687285,1679.9846715697593,12.0,14.0,0.2,1.4,2.4,0.6,1.8,1.0,0.0,-2.4,5,171.2592358971847,Newcastle United (default stadium),False,0,0.0,0,0,2,3,A
593,2024-01-14,Everton,Aston Villa,Premier League,Premier League,1477.0748576796714,1603.643921450779,15.0,15.0,0.4,1.2,1.6,0.6,1.8,1.4,0.0,-2.2,5,11644.551802132402,Everton (default stadium),False,0,0.0,0,0,0,0,D
594,2024-01-14,Manchester United,Tottenham Hotspur,Premier League,Premier League,1566.6713871436134,1582.158382084495,15.0,14.0,0.2,0.8,1.8,0.8,2.6,1.4,0.6,0.8,5,253.91120185713115,Manchester United (default stadium),False,0,0.0,0,0,2,2,D
595,2024-01-20,Arsenal,Crystal Palace,Premier League,Premier League,1628.181974062267,1470.3395508409733,20.0,21.0,0.2,0.8,1.2,0.2,1.6,1.6,0.6,0.6,5,15.34028105594792,Arsenal (default stadium),False,0,0.0,0,0,5,0,H
596,2024-01-20,Brentford,Nottingham Forest,Premier League,Premier League,1480.171414978011,1455.8514876586917,21.0,21.0,0.0,0.8,2.4,0.4,1.6,1.6,0.3333333333333333,0.3333333333333333,3,171.50469636447104,Brentford (default stadium),False,0,0.0,0,0,3,2,H
597,2024-01-21,Sheffield United,West Ham United,Premier League,Premier League,1364.6299102815483,1533.0244669240808,22.0,19.0,0.2,0.8,1.6,0.6,1.4,1.0,0.2,-1.0,5,230.6286601084905,Sheffield United (default stadium),False,0,0.0,0,0,2,2,D
598,2024-01-21,Bournemouth,Liverpool,Premier League,Premier League,1481.8139295840842,1665.7167861873809,21.0,20.0,0.8,2.4,1.0,0.6,1.8,0.8,0.2,-2.8,5,5445.991656818437,Bournemouth (default stadium),False,0,0.0,0,0,0,4,A
599,2024-01-22,Brighton,Wolverhampton Wanderers,Premier League,Premier League,1553.0978793837505,1499.287388413529,20.0,23.0,0.2,1.2,1.2,0.6,2.0,1.2,0.8,2.4,5,8996.140833084839,Brighton (default stadium),False,0,0.0,0,0,0,0,D
600,2024-01-30,Nottingham Forest,Arsenal,Premier League,Premier League,1448.5014516047488,1632.4264709369486,10.0,10.0,0.4,1.8,2.0,0.4,1.8,1.0,0.3333333333333333,-1.6666666666666667,3,169.48736406304167,Nottingham Forest (default stadium),False,0,0.0,0,0,1,2,A
601,2024-01-30,Fulham,Everton,Premier League,Premier League,1468.7077323648766,1478.6888094165547,17.0,16.0,0.2,0.4,2.0,0.2,0.8,1.6,0.6,0.8,5,11673.70209285392,Fulham (default stadium),False,0,0.0,0,0,0,0,D
602,2024-01-30,Luton,Brighton,Premier League,Premier League,1451.4108906188758,1549.6778833973508,18.0,8.0,0.4,1.6,1.6,0.2,1.0,1.0,0.0,-3.0,1,116.2424196075041,Luton (default stadium),False,0,0.0,0,0,4,0,H
603,2024-01-30,Crystal Palace,Sheffield United,Premier League,Premier League,1466.0950539662917,1367.3885731170317,10.0,9.0,0.2,1.4,2.2,0.0,1.0,2.0,0.6,0.6,5,241.11581385297217,Crystal Palace (default stadium),False,0,0.0,0,0,3,2,H
604,2024-01-30,Aston Villa,Newcastle United,Premier League,Premier League,1602.0299697138958,1540.2492868929307,16.0,17.0,0.4,1.6,1.4,0.2,1.6,2.2,0.4,-0.8,5,275.3185930085947,Aston Villa (default stadium),False,0,0.0,0,0,1,3,A
605,2024-01-31,Manchester City,Burnley,Premier League,Premier League,1688.2331843641134,1393.9784313908367,18.0,19.0,0.8,2.4,1.2,0.2,1.0,1.6,1.0,2.8,5,6363.654979892703,Manchester City (default stadium),False,0,0.0,0,0,3,1,H
606,2024-01-31,Tottenham Hotspur,Brentford,Premier League,Premier League,1583.7146427626176,1487.5214510319538,17.0,11.0,0.6,2.2,1.6,0.2,1.2,2.4,0.2,0.0,5,19.90739813763192,Tottenham Hotspur (default stadium),False,0,0.0,0,0,3,2,H
607,2024-01-31,Liverpool,Chelsea,Premier League,Premier League,1672.5510113380847,1519.5075308062208,10.0,18.0,0.6,2.2,0.6,0.8,1.8,1.0,0.0,0.0,5,5312.655647759373,Liverpool (default stadium),False,0,0.0,0,0,4,1,H
608,2024-02-01,West Ham United,Bournemouth,Premier League,Premier League,1530.2658040885974,1474.9797044333804,11.0,11.0,0.6,1.8,0.4,0.6,2.0,1.8,0.6,2.0,5,155.36167637292584,West Ham United (default stadium),False,0,0.0,0,0,1,1,D
609,2024-02-01,Wolverhampton Wanderers,Manchester United,Premier League,Premier League,1502.7073843999287,1565.115126465491,10.0,18.0,0.6,1.8,1.0,0.2,1.2,1.6,0.2,-0.8,5,9321.398073694803,Wolverhampton Wanderers (default stadium),False,0,0.0,0,0,3,4,A
610,2024-02-03,Everton,Tottenham Hotspur,Premier League,Premier League,1480.3993117057921,1589.2654911806683,4.0,3.0,0.0,0.4,1.6,0.6,2.4,2.0,0.0,-1.6,5,11688.48360204595,Everton (default stadium),False,0,0.0,0,0,2,2,D
611,2024-02-03,Brighton,Crystal Palace,Premier League,Premier League,1538.8660843295486,1471.5880705709117,4.0,4.0,0.2,1.0,1.4,0.4,1.6,2.2,0.2,0.2,5,62.01282292846458,Brighton (default stadium),False,0,0.0,0,0,4,1,H
612,2024-02-03,Burnley,Fulham,Premier League,Premier League,1391.7903035722968,1466.9972300756392,3.0,4.0,0.2,1.2,1.8,0.2,0.4,1.4,0.6,0.6,5,6552.0788285457975,Burnley (default stadium),False,0,0.0,0,0,2,2,D
613,2024-02-03,Newcastle United,Luton,Premier League,Premier League,1553.8702400396598,1462.222689686678,4.0,4.0,0.2,1.6,2.4,0.6,2.2,1.2,0.0,-1.0,1,352.10103593103526,Newcastle United (default stadium),False,0,0.0,0,0,4,4,D
614,2024-02-03,Sheffield United,Aston Villa,Premier League,Premier League,1361.8955565124118,1588.4090165671666,4.0,4.0,0.0,1.4,2.2,0.2,1.4,1.8,0.4,0.4,5,103.16089059657074,Sheffield United (default stadium),False,0,0.0,0,0,0,5,A
615,2024-02-04,Bournemouth,Nottingham Forest,Premier League,Premier League,1478.437149613957,1441.6678004064386,3.0,5.0,0.4,1.6,2.0,0.4,2.0,2.0,0.6666666666666666,0.6666666666666666,3,250.15842293905968,Bournemouth (default stadium),False,0,0.0,0,0,1,1,D
616,2024-02-04,Chelsea,Wolverhampton Wanderers,Premier League,Premier League,1515.1699299489978,1492.4888964271454,4.0,3.0,0.6,1.6,1.8,0.6,2.4,1.2,0.2,0.2,5,9061.62140506431,Chelsea (default stadium),False,0,0.0,0,0,2,4,A
617,2024-02-04,Manchester United,West Ham United,Premier League,Premier League,1575.3336144382743,1526.8083589080209,3.0,3.0,0.4,2.0,2.2,0.4,1.4,0.6,0.6,0.0,5,262.0495522571908,Manchester United (default stadium),False,0,0.0,0,0,3,0,H
618,2024-02-04,Arsenal,Liverpool,Premier League,Premier League,1639.2601221352588,1676.8886121953076,5.0,4.0,0.4,1.8,1.2,0.8,3.0,0.8,0.2,-1.0,5,5305.0330774456925,Arsenal (default stadium),False,0,0.0,0,0,3,1,H
619,2024-02-05,Brentford,Manchester City,Premier League,Premier League,1481.970602613903,1690.4213121826533,5.0,5.0,0.2,1.6,2.8,0.8,2.6,1.2,0.5,-0.25,4,256.56458170773715,Brentford (default stadium),False,0,0.0,0,0,1,3,A
620,2024-02-10,Manchester City,Everton,Premier League,Premier League,1696.6347229154917,1481.5133272275307,5.0,7.0,1.0,2.8,1.0,0.0,0.6,1.6,0.8,1.8,5,11690.468746176242,Manchester City (default stadium),False,0,0.0,0,0,2,0,H
621,2024-02-10,Fulham,Bournemouth,Premier League,Premier League,1466.8473739029844,1475.4572986569788,7.0,6.0,0.2,0.8,1.4,0.2,1.2,1.8,0.2,-1.2,5,141.8811990067746,Fulham (default stadium),False,0,0.0,0,0,3,1,H
622,2024-02-10,Liverpool,Burnley,Premier League,Premier League,1667.8176523234642,1391.9401597449516,6.0,7.0,0.8,3.0,1.2,0.0,1.2,2.2,0.8,1.4,5,11263.441847487935,Liverpool (default stadium),False,0,0.0,0,0,3,1,H
623,2024-02-10,Luton,Sheffield United,Premier League,Premier League,1466.566297382827,1356.1185073939012,7.0,7.0,0.4,2.8,2.0,0.0,1.2,3.0,1.0,1.0,1,183.75302486051035,Luton (default stadium),False,0,0.0,0,0,1,3,A
624,2024-02-10,Tottenham Hotspur,Brighton,Premier League,Premier League,1588.1514756589297,1545.108445274094,7.0,7.0,0.4,2.4,2.2,0.4,1.6,1.4,0.6,0.2,5,82.58337268155316,Tottenham Hotspur (default stadium),False,0,0.0,0,0,2,1,H
625,2024-02-10,Wolverhampton Wanderers,Brentford,Premier League,Premier League,1505.0949471554784,1475.7571918810647,6.0,5.0,0.6,2.8,1.4,0.2,1.6,3.0,0.6,0.8,5,9065.45839959068,Wolverhampton Wanderers (default stadium),False,0,0.0,0,0,0,2,A
626,2024-02-10,Nottingham Forest,Newcastle United,Premier League,Premier League,1444.6476513634168,1549.5266323435108,6.0,7.0,0.4,1.8,1.6,0.2,2.4,3.0,0.3333333333333333,-0.3333333333333333,3,228.00744375255695,Nottingham Forest (default stadium),False,0,0.0,0,0,2,3,A
627,2024-02-11,West Ham United,Arsenal,Premier League,Premier League,1520.0933342287549,1648.3310820071022,7.0,7.0,0.2,1.0,1.2,0.6,2.2,1.2,0.2,-0.6,5,6.7390655013334415,West Ham United (default stadium),False,0,0.0,0,0,0,6,A
628,2024-02-11,Aston Villa,Manchester United,Premier League,Premier League,1594.1860656856772,1582.0486391175402,8.0,7.0,0.4,2.2,1.6,0.6,2.6,1.8,0.4,0.2,5,110.34451123028889,Aston Villa (default stadium),False,0,0.0,0,0,1,2,A
629,2024-02-12,Crystal Palace,Chelsea,Premier League,Premier League,1465.3457096263662,1502.5638792206648,9.0,8.0,0.4,1.6,2.8,0.6,1.8,2.2,0.0,-1.4,5,10.944971454605678,Crystal Palace (default stadium),False,0,0.0,0,0,1,3,A
630,2024-02-17,Brentford,Liverpool,Premier League,Premier League,1488.5409173442918,1670.2206091505948,7.0,7.0,0.4,1.8,2.2,0.8,3.2,1.4,0.2,-1.0,5,5318.949465164578,Brentford (default stadium),False,0,0.0,0,0,1,4,A
631,2024-02-17,Burnley,Arsenal,Premier League,Premier League,1389.537202917821,1656.670389342663,7.0,6.0,0.0,1.4,2.4,0.8,3.4,0.8,0.2,-0.4,5,6555.361279391892,Burnley (default stadium),False,0,0.0,0,0,0,5,A
632,2024-02-17,Fulham,Aston Villa,Premier League,Premier League,1475.0985873929221,1581.8650408891137,7.0,6.0,0.4,1.4,1.0,0.4,2.0,1.4,0.2,-1.0,5,162.69251316462925,Fulham (default stadium),False,0,0.0,0,0,1,2,A
633,2024-02-17,Newcastle United,Bournemouth,Premier League,Premier League,1558.5260934958949,1467.206085167041,7.0,7.0,0.4,2.8,2.8,0.0,0.8,2.4,0.4,0.4,5,472.12392823775417,Newcastle United (default stadium),False,0,0.0,0,0,2,2,D
634,2024-02-17,Nottingham Forest,West Ham United,Premier League,Premier League,1435.6481902110327,1511.7540268931941,7.0,6.0,0.2,1.6,2.0,0.0,0.6,2.4,0.3333333333333333,-1.3333333333333333,3,173.96121605067967,Nottingham Forest (default stadium),False,0,0.0,0,0,2,0,H
635,2024-02-17,Tottenham Hotspur,Wolverhampton Wanderers,Premier League,Premier League,1595.0079857558255,1492.3112216922514,7.0,7.0,0.6,2.4,1.6,0.4,2.0,1.6,0.4,-0.4,5,9070.237755303215,Tottenham Hotspur (default stadium),False,0,0.0,0,0,1,2,A
636,2024-02-17,Manchester City,Chelsea,Premier League,Premier League,1699.880513213147,1513.50462609756,7.0,5.0,1.0,2.6,0.8,0.6,2.0,2.2,0.8,0.8,5,260.84692450845216,Manchester City (default stadium),False,0,0.0,0,0,1,1,D
637,2024-02-18,Sheffield United,Brighton,Premier League,Premier League,1370.890647472734,1538.2519351771982,8.0,8.0,0.2,1.4,2.6,0.2,1.0,1.4,0.4,0.4,5,298.82970905946405,Sheffield United (default stadium),False,0,0.0,0,0,0,5,A
638,2024-02-18,Luton,Manchester United,Premier League,Premier League,1451.7941573039943,1594.3696639141037,8.0,7.0,0.2,2.4,2.2,0.6,2.4,1.6,0.0,-1.0,1,214.06653690025897,Luton (default stadium),False,0,0.0,0,0,1,2,A
639,2024-02-19,Everton,Crystal Palace,Premier League,Premier League,1478.2675369298754,1454.404962749471,9.0,7.0,0.0,0.4,1.4,0.4,1.6,3.0,0.6,0.6,5,11676.66690896838,Everton (default stadium),False,0,0.0,0,0,1,1,D
640,2024-02-20,Manchester City,Brentford,Premier League,Premier League,1693.6017108239523,1481.6490012326742,3.0,3.0,0.8,2.4,1.0,0.4,1.8,2.4,0.6,0.6,5,256.56458170773715,Manchester City (default stadium),False,0,0.0,0,0,1,0,H
641,2024-02-21,Liverpool,Luton,Premier League,Premier League,1677.1125252622123,1443.8531867114755,4.0,3.0,0.8,3.2,1.2,0.2,2.2,2.0,0.0,0.0,1,5317.145219417547,Liverpool (default stadium),False,0,0.0,0,0,4,1,H
642,2024-02-24,Aston Villa,Nottingham Forest,Premier League,Premier League,1590.810749805271,1445.823912227624,7.0,7.0,0.4,1.8,1.2,0.2,1.6,1.8,0.3333333333333333,0.0,3,69.71644875247998,Aston Villa (default stadium),False,0,0.0,0,0,4,2,H
643,2024-02-24,Brighton,Everton,Premier League,Premier League,1545.5207714224107,1475.6298165348178,6.0,5.0,0.4,2.0,1.4,0.0,0.6,1.0,0.4,-0.4,5,11640.55138593053,Brighton (default stadium),False,0,0.0,0,0,1,1,D
644,2024-02-24,Crystal Palace,Burnley,Premier League,Premier League,1457.0426831445286,1384.6716381919807,5.0,7.0,0.2,1.2,3.0,0.0,1.0,2.8,0.2,-0.4,5,6562.201316773521,Crystal Palace (default stadium),False,0,0.0,0,0,3,0,H
645,2024-02-24,Manchester United,Fulham,Premier League,Premier League,1602.3106345066226,1466.152878476765,6.0,7.0,0.8,2.6,1.4,0.2,1.2,1.2,0.8,0.8,5,260.720495981881,Manchester United (default stadium),False,0,0.0,0,0,1,2,A
646,2024-02-24,Bournemouth,Manchester City,Premier League,Premier League,1471.5420409788233,1696.8974034407117,7.0,4.0,0.0,1.0,2.2,0.8,2.0,0.6,0.0,-3.0,5,306.55795629981236,Bournemouth (default stadium),False,0,0.0,0,0,0,1,A
647,2024-02-24,Arsenal,Newcastle United,Premier League,Premier League,1661.5359540685033,1554.1901376841126,7.0,7.0,1.0,4.2,0.4,0.4,2.8,2.4,0.4,0.2,5,392.7352980316752,Arsenal (default stadium),False,0,0.0,0,0,4,1,H
648,2024-02-25,Wolverhampton Wanderers,Sheffield United,Premier League,Premier League,1506.9092501155055,1363.6218112275214,8.0,7.0,0.4,1.8,1.8,0.2,1.4,3.2,0.4,0.2,5,9292.643824463747,Wolverhampton Wanderers (default stadium),False,0,0.0,0,0,1,0,H
649,2024-02-26,West Ham United,Brentford,Premier League,Premier League,1501.5783048766027,1478.3533086159148,9.0,6.0,0.0,0.6,2.8,0.2,1.2,2.2,0.0,-1.6,5,19.65105251639675,West Ham United (default stadium),False,0,0.0,0,0,4,2,H
650,2024-03-02,Brentford,Chelsea,Premier League,Premier League,1470.973946574989,1519.7834284867547,5.0,14.0,0.2,1.2,2.4,0.4,1.6,2.0,0.6,1.2,5,6.86640159913343,Brentford (default stadium),False,0,0.0,0,0,2,2,D
651,2024-03-02,Everton,West Ham United,Premier League,Premier League,1479.451859816894,1508.9576669175285,7.0,5.0,0.0,0.8,1.2,0.2,1.0,2.8,0.4,-0.4,5,11687.188342303432,Everton (default stadium),False,0,0.0,0,0,1,3,A
652,2024-03-02,Fulham,Brighton,Premier League,Premier League,1481.4760266465835,1541.6987281403344,7.0,7.0,0.4,1.6,1.2,0.4,2.2,1.6,0.4,0.4,5,69.48390935697866,Fulham (default stadium),False,0,0.0,0,0,3,0,H
653,2024-03-02,Newcastle United,Wolverhampton Wanderers,Premier League,Premier League,1548.8930350771213,1511.440650210011,7.0,6.0,0.4,2.6,2.6,0.6,2.0,1.8,0.4,0.2,5,9451.217353997563,Newcastle United (default stadium),False,0,0.0,0,0,3,0,H
654,2024-03-02,Nottingham Forest,Liverpool,Premier League,Premier League,1441.3267054181883,1680.0843300260433,7.0,10.0,0.2,1.6,2.0,0.8,3.2,1.4,0.3333333333333333,-1.0,3,5333.754310003473,Nottingham Forest (default stadium),False,0,0.0,0,0,0,1,A
655,2024-03-02,Tottenham Hotspur,Crystal Palace,Premier League,Premier League,1580.4099573325714,1463.1598516118956,14.0,7.0,0.4,2.0,1.8,0.4,1.8,2.0,0.8,1.2,5,20.57108758153193,Tottenham Hotspur (default stadium),False,0,0.0,0,0,3,1,H
656,2024-03-02,Luton,Aston Villa,Premier League,Premier League,1440.8813819476445,1595.3079566147067,10.0,7.0,0.2,2.2,2.6,0.6,2.6,1.6,0.0,-2.0,1,121.00120733814136,Luton (default stadium),False,0,0.0,0,0,2,3,A
657,2024-03-03,Burnley,Bournemouth,Premier League,Premier League,1378.5544697246137,1465.7375649570613,8.0,8.0,0.0,0.8,3.2,0.0,1.0,1.6,0.8,1.8,5,6464.032279474406,Burnley (default stadium),False,0,0.0,0,0,0,2,A
658,2024-03-03,Manchester City,Manchester United,Premier League,Premier League,1702.7018794624737,1586.987486336804,8.0,8.0,0.8,1.6,0.4,0.8,2.4,1.4,0.8,2.0,5,0.0,Manchester City (default stadium),True,0,0.0,0,0,3,1,H
659,2024-03-04,Sheffield United,Arsenal,Premier League,Premier League,1359.090411133016,1666.8330566754946,8.0,9.0,0.2,1.0,3.0,1.0,4.0,0.6,0.2,-1.6,5,226.17988118230357,Sheffield United (default stadium),False,0,0.0,0,0,0,6,A
660,2024-03-09,Manchester United,Everton,Premier League,Premier League,1581.8758409158372,1468.2915923064465,6.0,7.0,0.6,1.8,1.4,0.0,1.0,1.8,0.6,1.0,5,11690.468746176242,Manchester United (default stadium),False,0,0.0,0,0,2,0,H
661,2024-03-09,Bournemouth,Sheffield United,Premier League,Premier League,1475.2433985629455,1355.0333483981044,6.0,5.0,0.2,1.2,1.4,0.2,0.6,3.6,0.3333333333333333,0.3333333333333333,3,297.9449672096812,Bournemouth (default stadium),False,0,0.0,0,0,2,2,D
662,2024-03-09,Crystal Palace,Luton,Premier League,Premier League,1458.0817724446747,1433.264648204822,7.0,7.0,0.2,1.4,2.2,0.0,1.8,3.2,0.0,-1.0,1,57.443463420157244,Crystal Palace (default stadium),False,0,0.0,0,0,1,1,D
663,2024-03-09,Wolverhampton Wanderers,Fulham,Premier League,Premier League,1504.4384043485072,1491.1946876376217,7.0,7.0,0.6,1.4,1.6,0.6,2.2,1.2,0.4,0.2,5,9061.751294434785,Wolverhampton Wanderers (default stadium),False,0,0.0,0,0,2,1,H
664,2024-03-09,Arsenal,Brentford,Premier League,Premier League,1670.8901194104062,1470.3647895895253,5.0,7.0,1.0,4.8,0.4,0.2,1.4,2.2,0.6,0.6,5,14.388544946146704,Arsenal (default stadium),False,0,0.0,0,0,2,1,H
665,2024-03-10,Aston Villa,Tottenham Hotspur,Premier League,Premier League,1602.9246903575292,1585.4880364997923,8.0,8.0,0.8,3.0,1.4,0.6,2.2,1.6,0.6,-0.2,5,159.95911475155745,Aston Villa (default stadium),False,0,0.0,0,0,0,4,A
666,2024-03-10,Brighton,Nottingham Forest,Premier League,Premier League,1531.9800671492962,1435.8348617583133,8.0,8.0,0.4,2.2,1.4,0.2,1.4,1.8,0.3333333333333333,-0.3333333333333333,3,242.45573977980575,Brighton (default stadium),False,0,0.0,0,0,1,0,H
667,2024-03-10,West Ham United,Burnley,Premier League,Premier League,1520.117934427976,1369.0486361187295,8.0,7.0,0.4,1.4,2.8,0.0,0.6,3.0,0.6,0.6,5,6562.099962977977,West Ham United (default stadium),False,0,0.0,0,0,2,2,D
668,2024-03-10,Liverpool,Manchester City,Premier League,Premier League,1685.5761736859183,1707.8135248834406,8.0,7.0,0.8,2.6,1.2,0.8,1.6,0.4,0.2,-0.4,5,5387.234837982907,Liverpool (default stadium),False,0,0.0,0,0,1,1,D
669,2024-03-11,Chelsea,Newcastle United,Premier League,Premier League,1520.3925854722183,1555.895280938625,9.0,9.0,0.2,1.8,2.4,0.4,2.6,2.4,0.4,0.0,5,399.367741301676,Chelsea (default stadium),False,0,0.0,0,0,3,2,H
670,2024-03-13,Bournemouth,Luton,Premier League,Premier League,1470.257193310426,1435.9279126497174,4.0,4.0,0.2,1.4,1.6,0.0,1.2,2.6,0.5,0.0,0,160.87188924822703,Bournemouth (default stadium),False,0,0.0,0,0,4,3,H
671,2024-03-16,Burnley,Brentford,Premier League,Premier League,1374.672308096885,1466.8840119884946,6.0,7.0,0.0,0.6,3.0,0.0,1.2,2.6,0.3333333333333333,-1.0,3,6545.334738318465,Burnley (default stadium),False,0,0.0,0,0,2,1,H
672,2024-03-16,Luton,Nottingham Forest,Premier League,Premier League,1428.843635791498,1430.282905513823,3.0,6.0,0.0,1.6,2.8,0.2,1.2,1.8,0.0,0.0,1,127.08652042738117,Luton (default stadium),False,0,0.0,0,0,1,1,D
673,2024-03-16,Fulham,Tottenham Hotspur,Premier League,Premier League,1483.5458163178703,1597.9528484375821,7.0,6.0,0.6,2.0,1.2,0.6,2.4,1.2,0.0,-1.0,5,16.0284942511911,Fulham (default stadium),False,0,0.0,0,0,3,0,H
674,2024-03-17,West Ham United,Aston Villa,Premier League,Premier League,1514.4942624498206,1590.4598784197394,7.0,7.0,0.4,1.8,2.6,0.6,2.0,2.2,0.6,0.4,5,167.45755533416937,West Ham United (default stadium),False,0,0.0,0,0,1,1,D
675,2024-03-30,Newcastle United,West Ham United,Premier League,Premier League,1546.8849430376376,1514.6659498077029,19.0,13.0,0.4,2.2,2.2,0.4,2.0,1.6,0.2,0.4,5,396.1921830254467,Newcastle United (default stadium),False,0,0.0,0,0,4,3,H
676,2024-03-30,Bournemouth,Everton,Premier League,Premier League,1477.3414701686454,1463.1331474835367,17.0,21.0,0.4,2.0,1.6,0.0,0.6,1.8,0.6,0.6,5,11531.827627873134,Bournemouth (default stadium),False,0,0.0,0,0,2,1,H
677,2024-03-30,Chelsea,Burnley,Premier League,Premier League,1529.4029233732058,1385.3107427802593,19.0,14.0,0.4,2.2,2.0,0.2,0.8,2.6,0.8,2.4,5,6552.140911877313,Chelsea (default stadium),False,0,0.0,0,0,2,2,D
678,2024-03-30,Nottingham Forest,Crystal Palace,Premier League,Premier League,1432.2310204605044,1455.4185079997792,14.0,21.0,0.2,1.0,1.4,0.2,1.4,1.6,0.3333333333333333,0.3333333333333333,3,184.42720029676815,Nottingham Forest (default stadium),False,0,0.0,0,0,1,1,D
679,2024-03-30,Sheffield United,Fulham,Premier League,Premier League,1360.019553650624,1494.8170385972235,21.0,14.0,0.2,1.0,3.0,0.6,2.0,1.0,0.0,-1.0,3,231.3345967658948,Sheffield United (default stadium),False,0,0.0,0,0,3,3,D
680,2024-03-30,Tottenham Hotspur,Luton,Premier League,Premier League,1586.681626158229,1426.8955208448165,14.0,14.0,0.6,2.0,1.4,0.0,1.6,2.6,1.0,1.0,1,40.025854148634416,Tottenham Hotspur (default stadium),False,0,0.0,0,0,2,1,H
681,2024-03-30,Aston Villa,Wolverhampton Wanderers,Premier League,Premier League,1590.288191061857,1512.0872756682586,13.0,21.0,0.6,2.0,2.0,0.6,1.0,1.4,0.0,-0.6,5,9215.28796067954,Aston Villa (default stadium),False,0,0.0,0,0,2,0,H
682,2024-03-30,Brentford,Manchester United,Premier League,Premier League,1456.2455773051204,1587.034285738747,14.0,21.0,0.0,1.2,2.2,0.6,1.6,1.4,0.2,-0.6,5,256.56458170773715,Brentford (default stadium),False,0,0.0,0,0,1,1,D
683,2024-03-31,Liverpool,Brighton,Premier League,Premier League,1684.2100492418886,1537.5320233937866,21.0,21.0,0.8,2.6,0.8,0.4,1.6,1.2,0.2,-0.2,5,5323.625304961785,Liverpool (default stadium),False,0,0.0,0,0,2,1,H
684,2024-03-31,Manchester City,Arsenal,Premier League,Premier League,1709.1796493274703,1674.370897011437,21.0,22.0,0.6,1.4,0.6,1.0,4.6,0.4,0.8,2.0,5,256.9000111017041,Manchester City (default stadium),False,0,0.0,0,0,0,0,D
685,2024-04-02,Newcastle United,Everton,Premier League,Premier League,1554.0248930753787,1455.5104878607513,3.0,3.0,0.4,2.4,2.4,0.0,0.8,1.8,0.6,0.4,5,11820.07394279188,Newcastle United (default stadium),False,0,0.0,0,0,1,1,D
686,2024-04-02,Nottingham Forest,Fulham,Premier League,Premier League,1430.891742723327,1492.9733440967623,3.0,3.0,0.0,0.8,1.6,0.6,2.4,1.2,0.0,-2.6666666666666665,3,174.6818273775839,Nottingham Forest (default stadium),False,0,0.0,0,0,3,1,H
687,2024-04-02,Bournemouth,Crystal Palace,Premier League,Premier League,1484.9641297914309,1456.7577857369565,3.0,3.0,0.6,2.0,1.4,0.2,1.4,1.2,0.2,-1.0,5,145.13706164318188,Bournemouth (default stadium),False,0,0.0,0,0,1,0,H
688,2024-04-02,Burnley,Wolverhampton Wanderers,Premier League,Premier League,1390.7955576164804,1506.1116710080082,3.0,3.0,0.2,1.2,2.0,0.6,1.0,1.4,0.6,1.0,5,13238.018552642983,Burnley (default stadium),False,0,0.0,0,0,1,1,D
689,2024-04-02,West Ham United,Tottenham Hotspur,Premier League,Premier League,1507.5259997699618,1590.888831623196,3.0,3.0,0.4,2.6,2.0,0.6,2.0,1.4,0.4,-0.4,5,8.221735834635023,West Ham United (default stadium),False,0,0.0,0,0,1,1,D
690,2024-04-03,Arsenal,Luton,Premier League,Premier League,1677.2992421452334,1422.6883153798494,3.0,4.0,0.8,3.4,0.4,0.0,1.6,2.2,1.0,1.0,1,42.84930389894466,Arsenal (default stadium),False,0,0.0,0,0,2,0,H
691,2024-04-03,Brentford,Brighton,Premier League,Premier League,1457.9775793681122,1533.0686624264945,4.0,3.0,0.0,1.4,2.2,0.4,1.6,1.2,0.2,-0.4,5,71.40866453526951,Brentford (default stadium),False,0,0.0,0,0,0,0,D
692,2024-04-03,Manchester City,Aston Villa,Premier League,Premier League,1706.2513041936738,1596.2637957221075,3.0,4.0,0.6,1.2,0.4,0.6,2.0,1.8,0.6,0.6,5,110.34451123028889,Manchester City (default stadium),False,0,0.0,0,0,4,1,H
693,2024-04-04,Liverpool,Sheffield United,Premier League,Premier League,1688.6734102091807,1361.8632481510851,4.0,5.0,0.8,2.4,0.8,0.0,1.0,3.4,1.0,1.6,5,5343.9474638368165,Liverpool (default stadium),False,0,0.0,0,0,3,1,H
694,2024-04-04,Chelsea,Manchester United,Premier League,Premier League,1523.9181085369846,1585.3022836757552,5.0,5.0,0.4,2.2,1.6,0.4,1.4,1.4,0.0,-0.8,5,260.84692450845216,Chelsea (default stadium),False,0,0.0,0,0,4,3,H
695,2024-04-06,Crystal Palace,Manchester City,Premier League,Premier League,1449.5114428915217,1711.4894015460363,4.0,3.0,0.2,1.2,1.2,0.6,1.8,0.6,0.2,-0.2,5,271.155957712397,Crystal Palace (default stadium),False,0,0.0,0,0,2,4,A
696,2024-04-06,Aston Villa,Brentford,Premier League,Premier League,1591.025698369745,1458.1241020306325,3.0,3.0,0.4,1.4,2.2,0.0,1.0,1.4,0.4,0.8,5,157.35324894635983,Aston Villa (default stadium),False,0,0.0,0,0,3,3,D
697,2024-04-06,Everton,Burnley,Premier League,Premier League,1460.0130647519786,1392.0925139042768,4.0,4.0,0.0,0.8,1.8,0.2,1.4,1.6,0.4,0.4,5,7457.166496435577,Everton (default stadium),False,0,0.0,0,0,1,0,H
698,2024-04-06,Fulham,Newcastle United,Premier League,Premier League,1483.2012144769471,1549.5223161841514,4.0,4.0,0.4,2.2,1.6,0.4,2.2,2.2,0.0,-1.8,5,399.2339499540635,Fulham (default stadium),False,0,0.0,0,0,0,1,A
699,2024-04-06,Luton,Bournemouth,Premier League,Premier League,1420.014264226079,1492.2104726368657,3.0,4.0,0.0,1.2,2.0,0.8,2.2,1.2,0.0,-1.0,1,160.87188924822703,Luton (default stadium),False,0,0.0,0,0,2,1,H
700,2024-04-06,Wolverhampton Wanderers,West Ham United,Premier League,Premier League,1504.814714720212,1507.9104234505787,4.0,4.0,0.4,0.8,1.4,0.2,2.0,1.8,0.4,-0.8,5,9062.016054164233,Wolverhampton Wanderers (default stadium),False,0,0.0,0,0,1,2,A
701,2024-04-06,Brighton,Arsenal,Premier League,Premier League,1532.9221397639742,1679.973293299004,3.0,3.0,0.2,0.6,1.2,0.8,2.8,0.4,0.4,0.0,5,77.11653294203013,Brighton (default stadium),False,0,0.0,0,0,0,3,A
702,2024-04-07,Manchester United,Liverpool,Premier League,Premier League,1575.5502162287912,1690.522171591891,3.0,3.0,0.2,1.6,2.0,0.8,2.2,0.8,0.2,-3.0,5,5387.234837982907,Manchester United (default stadium),True,0,0.0,0,0,2,2,D
703,2024-04-07,Sheffield United,Chelsea,Premier League,Premier League,1360.0144867683748,1533.6701759839486,3.0,3.0,0.0,1.2,3.0,0.4,2.4,2.0,0.2,-0.6,5,231.46623209780716,Sheffield United (default stadium),False,0,0.0,0,0,2,2,D
704,2024-04-07,Tottenham Hotspur,Nottingham Forest,Premier League,Premier League,1590.504407942579,1440.6638723431422,5.0,5.0,0.6,2.0,1.2,0.2,1.0,1.0,1.0,2.0,3,165.73951471097544,Tottenham Hotspur (default stadium),False,0,0.0,0,0,3,1,H
705,2024-04-13,Newcastle United,Tottenham Hotspur,Premier League,Premier League,1559.6281994315311,1594.9049657471157,7.0,6.0,0.6,2.2,1.4,0.6,2.0,1.2,0.4,-0.4,5,388.1243553495561,Newcastle United (default stadium),False,0,0.0,0,0,4,0,H
706,2024-04-13,Brentford,Sheffield United,Premier League,Premier League,1463.3797519865661,1362.9124605973752,7.0,6.0,0.0,1.2,1.6,0.0,1.6,3.2,0.0,-1.0,1,228.06721309835388,Brentford (default stadium),False,0,0.0,0,0,2,0,H
707,2024-04-13,Burnley,Brighton,Premier League,Premier League,1385.8660243327297,1525.104194091856,7.0,7.0,0.2,1.4,1.4,0.2,0.4,1.6,0.2,0.4,5,6578.701185693557,Burnley (default stadium),False,0,0.0,0,0,1,1,D
708,2024-04-13,Manchester City,Luton,Premier League,Premier League,1716.4650599129404,1430.0774753435087,7.0,7.0,0.6,2.4,1.0,0.2,1.4,2.0,1.0,1.0,1,214.06653690025897,Manchester City (default stadium),False,0,0.0,0,0,5,1,H
709,2024-04-13,Nottingham Forest,Wolverhampton Wanderers,Premier League,Premier League,1436.2633145386055,1492.9125088303028,6.0,7.0,0.2,1.2,1.4,0.2,0.8,1.8,0.0,-0.3333333333333333,3,9235.974422393321,Nottingham Forest (default stadium),False,0,0.0,0,0,2,2,D
710,2024-04-13,Bournemouth,Manchester United,Premier League,Premier League,1482.147261519436,1576.837432226839,7.0,6.0,0.6,2.0,1.6,0.2,1.8,2.0,0.4,-0.6,5,306.55795629981236,Bournemouth (default stadium),False,0,0.0,0,0,2,2,D
711,2024-04-14,Liverpool,Crystal Palace,Premier League,Premier League,1689.2349555938433,1444.5357845246176,7.0,8.0,0.6,1.8,1.0,0.0,1.0,2.0,0.6,1.2,5,5306.285725112793,Liverpool (default stadium),False,0,0.0,0,0,0,1,A
712,2024-04-14,West Ham United,Fulham,Premier League,Premier League,1519.8126293404878,1473.0953312295674,8.0,8.0,0.2,1.8,1.8,0.2,1.6,1.8,0.6,-0.2,5,13.622670450459998,West Ham United (default stadium),False,0,0.0,0,0,0,2,A
713,2024-04-14,Arsenal,Aston Villa,Premier League,Premier League,1687.791238971122,1585.7700484138113,8.0,8.0,0.8,2.6,0.2,0.2,1.4,2.4,0.8,1.0,5,161.3294461687896,Arsenal (default stadium),False,0,0.0,0,0,0,2,A
714,2024-04-15,Chelsea,Everton,Premier League,Premier League,1530.7722021549482,1466.2395543235257,8.0,9.0,0.4,2.6,2.2,0.2,0.8,1.6,0.2,-0.4,5,11673.649510171086,Chelsea (default stadium),False,0,0.0,0,0,6,0,H
715,2024-04-20,Luton,Brentford,Premier League,Premier League,1427.7995215843116,1468.832475388808,7.0,7.0,0.2,1.0,2.2,0.2,1.4,1.2,0.0,-2.0,1,44.83774888882646,Luton (default stadium),False,0,0.0,0,0,1,5,A
716,2024-04-20,Sheffield United,Burnley,Premier League,Premier League,1357.4597371951334,1387.8328904195243,7.0,7.0,0.0,1.6,2.4,0.2,1.2,1.2,0.4,-0.4,5,6411.238214865433,Sheffield United (default stadium),False,0,0.0,0,0,1,4,A
717,2024-04-20,Wolverhampton Wanderers,Arsenal,Premier League,Premier League,1493.296586881716,1673.208557874111,7.0,6.0,0.2,1.2,1.6,0.6,1.4,0.6,0.0,-2.0,5,9066.534594608813,Wolverhampton Wanderers (default stadium),False,0,0.0,0,0,0,2,A
718,2024-04-21,Everton,Nottingham Forest,Premier League,Premier League,1459.9291319452684,1435.8792364871924,6.0,8.0,0.2,0.6,2.2,0.2,1.6,1.6,0.3333333333333333,0.3333333333333333,3,11713.508448712575,Everton (default stadium),False,0,0.0,0,0,2,0,H
719,2024-04-21,Aston Villa,Bournemouth,Premier League,Premier League,1600.3527295108224,1482.8567079016748,7.0,8.0,0.4,1.8,1.6,0.6,2.0,1.6,0.2,-0.2,5,197.28001354816703,Aston Villa (default stadium),False,0,0.0,0,0,3,1,H
720,2024-04-21,Crystal Palace,West Ham United,Premier League,Premier League,1461.7267763329346,1506.574154919925,7.0,7.0,0.2,1.0,1.4,0.2,1.4,1.8,0.4,0.2,5,13.663891147783643,Crystal Palace (default stadium),False,0,0.0,0,0,5,2,H
721,2024-04-21,Fulham,Liverpool,Premier League,Premier League,1486.3338056501302,1672.0439637855263,7.0,7.0,0.4,1.8,1.4,0.4,1.6,1.2,0.2,-0.2,5,5312.6474190647505,Fulham (default stadium),False,0,0.0,0,0,1,3,A
722,2024-04-23,Arsenal,Chelsea,Premier League,Premier League,1680.1465104689682,1537.0826245332055,3.0,8.0,0.6,1.4,0.4,0.6,3.4,1.8,0.6,0.6,5,9.950774202617763,Arsenal (default stadium),False,0,0.0,0,0,5,0,H
723,2024-04-24,Wolverhampton Wanderers,Bournemouth,Premier League,Premier League,1486.3586342868587,1477.783990220082,4.0,3.0,0.0,0.8,1.8,0.4,1.4,1.6,0.6,0.4,5,9037.88842912415,Wolverhampton Wanderers (default stadium),False,0,0.0,0,0,0,1,A
724,2024-04-24,Crystal Palace,Newcastle United,Premier League,Premier League,1471.0040878008476,1568.632098674192,3.0,11.0,0.4,1.8,1.6,0.6,2.4,1.4,0.0,-1.0,5,408.04977898274933,Crystal Palace (default stadium),False,0,0.0,0,0,2,0,H
725,2024-04-24,Everton,Liverpool,Premier League,Premier League,1467.286395844323,1678.8314613321547,3.0,3.0,0.4,1.0,1.8,0.6,2.0,1.2,0.0,-1.8,5,16451.58764038487,Everton (default stadium),True,0,0.0,0,0,2,0,H
726,2024-04-24,Manchester United,Sheffield United,Premier League,Premier League,1576.1279858446,1346.3241049237326,11.0,4.0,0.2,2.0,1.8,0.0,1.4,2.8,0.6,0.8,5,47.66972606116785,Manchester United (default stadium),False,0,0.0,0,0,4,2,H
727,2024-04-25,Brighton,Manchester City,Premier League,Premier League,1523.1373280050614,1718.7430136721375,12.0,12.0,0.2,0.6,1.2,0.6,2.8,1.0,0.0,-1.8,5,325.25795184878103,Brighton (default stadium),False,0,0.0,0,0,0,4,A
728,2024-04-27,West Ham United,Liverpool,Premier League,Premier League,1497.296843452012,1664.968837816829,6.0,3.0,0.2,1.6,2.6,0.4,1.6,1.4,0.2,-0.8,5,5299.298724106387,West Ham United (default stadium),False,0,0.0,0,0,2,2,D
729,2024-04-27,Fulham,Crystal Palace,Premier League,Premier League,1479.5463081035018,1481.7976139859124,6.0,3.0,0.2,1.4,2.0,0.6,2.0,1.4,0.2,0.4,5,11.049065852200664,Fulham (default stadium),False,0,0.0,0,0,1,1,D
730,2024-04-27,Manchester United,Burnley,Premier League,Premier League,1579.1504724179913,1398.968522690925,3.0,7.0,0.2,2.4,2.2,0.2,1.6,1.2,0.8,1.2,5,6363.654979892703,Manchester United (default stadium),False,0,0.0,0,0,1,1,D
731,2024-04-27,Newcastle United,Sheffield United,Premier League,Premier League,1557.8385724891273,1343.3016183503414,3.0,3.0,0.6,2.0,1.2,0.0,1.2,3.0,0.8,2.6,5,174.8266025761931,Newcastle United (default stadium),False,0,0.0,0,0,5,1,H
732,2024-04-27,Wolverhampton Wanderers,Luton,Premier League,Premier League,1474.1348584010796,1416.9677094466313,3.0,7.0,0.0,0.8,1.6,0.2,1.0,3.0,0.0,0.0,1,9109.163463161638,Wolverhampton Wanderers (default stadium),False,0,0.0,0,0,2,1,H
733,2024-04-27,Everton,Brentford,Premier League,Premier League,1481.1490193596487,1479.6642875264884,3.0,7.0,0.6,1.2,1.4,0.4,2.2,1.0,0.4,0.2,5,11668.64261603479,Everton (default stadium),False,0,0.0,0,0,1,0,H
734,2024-04-27,Aston Villa,Chelsea,Premier League,Premier League,1605.4254471924153,1532.5467127169331,6.0,4.0,0.6,2.2,1.6,0.4,2.8,2.4,0.4,-0.8,5,162.80441844458147,Aston Villa (default stadium),False,0,0.0,0,0,2,2,D
735,2024-04-28,Bournemouth,Brighton,Premier League,Premier League,1490.007766105861,1516.6028694603215,4.0,3.0,0.4,1.2,1.4,0.0,0.4,2.0,0.2,-1.0,5,124.11226270743967,Bournemouth (default stadium),False,0,0.0,0,0,3,0,H
736,2024-04-28,Tottenham Hotspur,Arsenal,Premier League,Premier League,1585.9010665044548,1684.6824222852406,15.0,5.0,0.4,1.2,2.0,0.8,2.4,0.4,0.2,-0.6,5,6.203038582804336,Tottenham Hotspur (default stadium),True,0,0.0,0,0,2,3,A
737,2024-04-28,Nottingham Forest,Manchester City,Premier League,Premier League,1428.521972588138,1725.2774722168774,7.0,3.0,0.2,1.4,1.8,0.8,3.4,0.8,0.0,-2.6666666666666665,3,92.84061611811964,Nottingham Forest (default stadium),False,0,0.0,0,0,0,2,A
738,2024-05-02,Chelsea,Tottenham Hotspur,Premier League,Premier League,1536.4419466500033,1576.7275707868052,5.0,4.0,0.4,2.8,2.4,0.4,1.6,2.0,0.6,1.2,5,16.124829392275434,Chelsea (default stadium),True,0,0.0,0,0,2,0,H
739,2024-05-03,Luton,Everton,Premier League,Premier League,1410.4727340797378,1489.1200732979514,6.0,6.0,0.2,1.0,3.0,0.8,1.2,1.2,1.0,1.0,1,11685.483647010638,Luton (default stadium),False,0,0.0,0,0,1,1,D
740,2024-05-04,Arsenal,Bournemouth,Premier League,Premier League,1693.8559180028901,1498.7649318171148,6.0,6.0,0.8,2.6,0.8,0.4,1.6,1.4,0.8,1.8,5,151.22456097479042,Arsenal (default stadium),False,0,0.0,0,0,3,0,H
741,2024-05-04,Brentford,Fulham,Premier League,Premier League,1471.6932335881856,1477.620688624439,7.0,7.0,0.4,2.0,1.0,0.2,1.0,1.6,0.6666666666666666,1.0,3,6.821682007977283,Brentford (default stadium),False,0,0.0,0,0,0,0,D
742,2024-05-04,Burnley,Newcastle United,Premier League,Premier League,1405.1381207405911,1561.0935208679884,7.0,7.0,0.2,1.4,1.0,0.6,2.2,0.8,0.0,-1.4,5,6365.680353490109,Burnley (default stadium),False,0,0.0,0,0,1,4,A
743,2024-05-04,Sheffield United,Nottingham Forest,Premier League,Premier League,1340.0466699714802,1424.2565170071912,7.0,6.0,0.0,1.2,3.4,0.2,1.2,2.0,0.0,-1.0,1,56.693112509141784,Sheffield United (default stadium),False,0,0.0,0,0,1,3,A
744,2024-05-04,Manchester City,Wolverhampton Wanderers,Premier League,Premier League,1729.5429277978242,1480.629833767973,6.0,7.0,1.0,3.8,0.8,0.2,1.0,1.6,0.8,2.0,5,9321.398073694803,Manchester City (default stadium),False,0,0.0,0,0,5,1,H
745,2024-05-05,Brighton,Aston Villa,Premier League,Premier League,1507.8457037490678,1601.5302132593451,7.0,8.0,0.0,0.2,2.2,0.4,2.2,2.0,0.0,-2.2,5,221.3083143577021,Brighton (default stadium),False,0,0.0,0,0,1,0,H
746,2024-05-05,Chelsea,West Ham United,Premier League,Premier League,1545.5887773189204,1500.0362809698163,3.0,8.0,0.4,2.4,1.8,0.2,1.4,2.2,0.4,-0.2,5,13.657971575674615,Chelsea (default stadium),False,0,0.0,0,0,5,0,H
747,2024-05-05,Liverpool,Tottenham Hotspur,Premier League,Premier League,1662.2294002990245,1567.5807401178881,8.0,3.0,0.2,1.4,1.6,0.2,1.2,2.2,0.4,0.2,5,5300.810896107908,Liverpool (default stadium),False,0,0.0,0,0,4,2,H
748,2024-05-06,Crystal Palace,Manchester United,Premier League,Premier League,1483.7232334649752,1572.9808743683252,9.0,9.0,0.6,2.2,1.4,0.2,2.4,2.2,0.4,0.0,5,271.155957712397,Crystal Palace (default stadium),False,0,0.0,0,0,4,0,H
749,2024-05-11,Fulham,Manchester City,Premier League,Premier League,1479.4442192075676,1732.2938764270625,7.0,7.0,0.2,0.8,1.0,1.0,4.0,0.8,0.0,-2.2,5,260.720495981881,Fulham (default stadium),False,0,0.0,0,0,0,4,A
750,2024-05-11,Bournemouth,Brentford,Premier League,Premier League,1495.1932981162834,1469.869703005057,7.0,7.0,0.4,1.4,1.6,0.4,2.0,1.0,0.0,-0.6666666666666666,3,136.94523910617087,Bournemouth (default stadium),False,0,0.0,0,0,1,2,A
751,2024-05-11,Everton,Sheffield United,Premier League,Premier League,1488.8712342484214,1330.4554343515995,8.0,7.0,0.6,1.2,1.4,0.0,1.0,3.6,0.4,-0.2,5,11723.749937979286,Everton (default stadium),False,0,0.0,0,0,1,0,H
752,2024-05-11,Newcastle United,Brighton,Premier League,Premier League,1568.6687945836404,1518.5263447260934,7.0,6.0,0.8,2.8,0.8,0.2,0.4,2.2,0.4,0.4,5,468.342499245935,Newcastle United (default stadium),False,0,0.0,0,0,1,1,D
753,2024-05-11,Tottenham Hotspur,Burnley,Premier League,Premier League,1561.9941659653316,1397.5628470249392,6.0,7.0,0.2,1.4,2.8,0.2,1.4,1.6,0.8,1.6,5,6556.63679428139,Tottenham Hotspur (default stadium),False,0,0.0,0,0,2,1,H
754,2024-05-11,West Ham United,Luton,Premier League,Premier League,1493.24471327523,1410.7215731292679,6.0,8.0,0.2,1.2,3.0,0.2,1.2,2.8,1.0,1.0,1,48.06418578684053,West Ham United (default stadium),False,0,0.0,0,0,3,1,H
755,2024-05-11,Wolverhampton Wanderers,Crystal Palace,Premier League,Premier League,1477.8788851387346,1494.2769459928597,7.0,5.0,0.2,1.0,2.2,0.8,2.6,0.6,0.2,-0.8,5,9051.721081889698,Wolverhampton Wanderers (default stadium),False,0,0.0,0,0,1,3,A
756,2024-05-11,Nottingham Forest,Chelsea,Premier League,Premier League,1433.847752627072,1552.3803450135067,7.0,6.0,0.2,1.2,2.0,0.6,3.0,1.4,0.3333333333333333,0.3333333333333333,3,174.8137117128182,Nottingham Forest (default stadium),False,0,0.0,0,0,2,3,A
757,2024-05-12,Manchester United,Arsenal,Premier League,Premier League,1562.4271618404407,1697.4275517037215,6.0,8.0,0.2,1.8,2.2,0.8,2.6,0.8,0.4,-0.4,5,256.9000111017041,Manchester United (default stadium),False,0,0.0,0,0,0,1,A
758,2024-05-13,Aston Villa,Liverpool,Premier League,Premier League,1590.8495722823195,1667.815974451581,8.0,8.0,0.4,2.0,1.4,0.4,1.8,1.6,0.0,-1.4,5,5394.758205947946,Aston Villa (default stadium),False,0,0.0,0,0,3,3,D
759,2024-05-14,Tottenham Hotspur,Manchester City,Premier League,Premier League,1566.113224379761,1737.4685249384977,3.0,3.0,0.2,1.2,2.8,1.0,4.0,0.4,0.6,0.2,5,253.91120185713115,Tottenham Hotspur (default stadium),False,0,0.0,0,0,0,2,A
760,2024-05-15,Brighton,Chelsea,Premier League,Premier League,1521.8527800753154,1560.992480014477,4.0,4.0,0.2,0.6,1.8,0.6,2.4,1.8,0.4,0.6,5,69.35066034154319,Brighton (default stadium),False,0,0.0,0,0,1,2,A
761,2024-05-15,Manchester United,Newcastle United,Premier League,Premier League,1554.2764972895282,1565.3423592344184,3.0,4.0,0.2,1.4,2.0,0.6,2.8,1.0,0.2,0.0,5,171.2592358971847,Manchester United (default stadium),False,0,0.0,0,0,3,2,H
762,2024-05-19,Arsenal,Everton,Premier League,Premier League,1705.578216254634,1493.1047052875388,7.0,8.0,1.0,2.8,0.4,0.8,1.4,0.2,0.6,1.4,5,11682.978134396302,Arsenal (default stadium),False,0,0.0,0,0,2,1,H
763,2024-05-19,Brentford,Newcastle United,Premier League,Premier League,1482.546505615907,1557.0225363245931,8.0,4.0,0.6,1.8,0.6,0.4,2.4,1.6,0.0,-1.6,5,396.9342267120026,Brentford (default stadium),False,0,0.0,0,0,2,4,A
764,2024-05-19,Brighton,Manchester United,Premier League,Premier League,1510.9668778019652,1562.5963201993534,4.0,4.0,0.2,0.6,2.0,0.4,1.6,2.0,0.8,1.2,5,325.25795184878103,Brighton (default stadium),False,0,0.0,0,0,0,2,A
765,2024-05-19,Burnley,Nottingham Forest,Premier League,Premier League,1393.4437886105097,1425.2356176261017,8.0,8.0,0.2,1.6,1.8,0.2,1.4,2.0,0.0,0.0,1,6446.910723160891,Burnley (default stadium),False,0,0.0,0,0,1,2,A
766,2024-05-19,Chelsea,Bournemouth,Premier League,Premier League,1571.8783822878272,1482.5164955054333,4.0,8.0,0.8,2.8,1.0,0.4,1.2,1.6,0.4,0.6,5,141.82746970047285,Chelsea (default stadium),False,0,0.0,0,0,2,1,H
767,2024-05-19,Crystal Palace,Aston Villa,Premier League,Premier League,1505.8076087956763,1591.0500545881198,8.0,6.0,0.8,3.0,0.8,0.4,2.0,1.4,0.2,-0.4,5,173.6948405935728,Crystal Palace (default stadium),False,0,0.0,0,0,5,0,H
768,2024-05-19,Liverpool,Wolverhampton Wanderers,Premier League,Premier League,1667.6154921457808,1466.348222335918,6.0,8.0,0.4,2.4,2.0,0.2,0.8,2.4,0.8,0.8,5,8518.872327710977,Liverpool (default stadium),False,0,0.0,0,0,2,0,H
769,2024-05-19,Luton,Fulham,Premier League,Premier League,1404.8496993081537,1474.2695706961324,8.0,8.0,0.0,1.0,3.2,0.2,0.8,1.6,0.0,-1.0,1,47.60538581836871,Luton (default stadium),False,0,0.0,0,0,2,4,A
770,2024-05-19,Manchester City,West Ham United,Premier League,Premier League,1744.6313167988708,1499.1165870963441,5.0,8.0,1.0,3.4,0.2,0.2,1.4,3.0,0.8,1.6,5,262.0495522571908,Manchester City (default stadium),False,0,0.0,0,0,3,1,H
771,2024-05-19,Sheffield United,Tottenham Hotspur,Premier League,Premier League,1326.221963312482,1558.950432519388,8.0,5.0,0.0,1.0,3.4,0.2,1.2,2.4,0.2,-1.0,5,222.40706229422355,Sheffield United (default stadium),False,0,0.0,0,0,0,3,A
12,2024-08-16,Manchester United,Fulham,Premier League,Premier League,1554.843431366333,1488.2147010932179,89.0,89.0,0.4,1.2,1.6,0.2,1.2,2.0,0.6,0.4,5,260.720495981881,Manchester United (default stadium),False,0,0.0,0,0,1,0,H
13,2024-08-17,Ipswich,Liverpool,Premier League,Premier League,1500.0,1628.3130059329874,,90.0,0.5,0.0,0.0,0.4,2.2,1.8,0.5,0.0,0,5207.768724813521,Ipswich (default stadium),False,0,0.0,0,0,0,2,A
14,2024-08-17,Arsenal,Wolverhampton Wanderers,Premier League,Premier League,1656.6492486755242,1472.1597799282868,90.0,90.0,1.0,2.8,0.6,0.2,0.8,2.4,1.0,2.2,5,9066.534594608813,Arsenal (default stadium),False,0,0.0,0,0,2,0,H
15,2024-08-17,Everton,Brighton,Premier League,Premier League,1492.3629424811054,1500.3289671346558,90.0,90.0,0.6,1.2,0.6,0.2,0.6,1.6,0.2,0.0,5,11640.55138593053,Everton (default stadium),False,0,0.0,0,0,0,3,A
16,2024-08-17,Newcastle United,Southampton,Premier League,Premier League,1550.1702846988228,1405.7220455295187,90.0,447.0,0.6,3.2,1.6,0.0,1.8,3.2,0.8,1.4,5,452.9404186033056,Newcastle United (default stadium),False,0,0.0,0,0,1,0,H
17,2024-08-17,Nottingham Forest,Bournemouth,Premier League,Premier League,1452.2481939414392,1482.604932195315,90.0,90.0,0.4,1.4,1.8,0.4,1.2,1.4,0.0,-0.5,4,250.15842293905968,Nottingham Forest (default stadium),False,0,0.0,0,0,1,1,D
18,2024-08-17,West Ham United,Aston Villa,Premier League,Premier League,1497.2391713471195,1560.4587172333913,90.0,90.0,0.2,1.6,3.2,0.2,1.6,2.4,0.4,-0.2,5,167.45755533416937,West Ham United (default stadium),False,0,0.0,0,0,1,2,A
19,2024-08-18,Brentford,Crystal Palace,Premier League,Premier League,1479.5064967565525,1512.1845303044558,91.0,91.0,0.4,1.8,1.4,0.8,3.0,0.4,0.0,-0.4,5,17.206103782973617,Brentford (default stadium),False,0,0.0,0,0,2,1,H
20,2024-08-18,Chelsea,Manchester City,Premier League,Premier League,1558.1912261496304,1685.5717565742916,91.0,91.0,1.0,2.8,0.8,1.0,3.2,0.4,0.0,-0.6,5,260.84692450845216,Chelsea (default stadium),False,0,0.0,0,0,0,2,A
21,2024-08-19,Leicester City,Tottenham Hotspur,Premier League,Premier League,1458.367043283933,1548.4362130337777,449.0,92.0,0.2,1.4,2.2,0.4,1.4,1.8,0.2,-1.2,5,134.78780460437943,Leicester City (default stadium),False,0,0.0,0,0,1,1,D
22,2024-08-24,Brighton,Manchester United,Premier League,Premier League,1512.0957139535878,1561.1018527501362,7.0,8.0,0.4,1.2,1.0,0.6,1.2,1.4,0.8,1.2,5,325.25795184878103,Brighton (default stadium),False,0,0.0,0,0,2,1,H
23,2024-08-24,Crystal Palace,West Ham United,Premier League,Premier League,1503.2546299362143,1487.0440389623277,6.0,7.0,0.6,2.8,0.8,0.2,1.4,2.6,0.6,0.8,5,13.663891147783643,Crystal Palace (default stadium),False,0,0.0,0,0,0,2,A
24,2024-08-24,Fulham,Leicester City,Premier League,Premier League,1481.9562797094147,1458.944038821916,8.0,5.0,0.2,1.0,1.6,0.2,1.2,2.0,0.6,0.0,5,142.2318025220516,Fulham (default stadium),False,0,0.0,0,0,2,1,H
25,2024-08-24,Manchester City,Ipswich,Premier League,Premier League,1693.9350659460488,1491.6627989534709,6.0,7.0,1.0,3.2,0.4,0.0,0.0,2.0,0.5,0.0,0,275.4298868384115,Manchester City (default stadium),False,0,0.0,0,0,4,1,H
26,2024-08-24,Southampton,Nottingham Forest,Premier League,Premier League,1401.2140215448571,1451.1120953048526,7.0,7.0,0.0,1.6,2.8,0.4,1.6,1.6,0.0,-1.0,2,227.17042860852223,Southampton (default stadium),False,0,0.0,0,0,0,1,A
27,2024-08-24,Tottenham Hotspur,Everton,Premier League,Premier League,1547.8592174957948,1480.5961956621734,5.0,7.0,0.4,1.6,1.6,0.4,0.8,1.2,0.6,1.6,5,11688.48360204595,Tottenham Hotspur (default stadium),False,0,0.0,0,0,4,0,H
28,2024-08-24,Aston Villa,Arsenal,Premier League,Premier League,1570.6538496181831,1660.4034488521716,7.0,7.0,0.2,1.4,2.4,1.0,2.2,0.6,0.4,-0.2,5,161.3294461687896,Aston Villa (default stadium),False,0,0.0,0,0,0,2,A
29,2024-08-25,Bournemouth,Newcastle United,Premier League,Premier League,1483.7410308319018,1554.6783086834844,8.0,8.0,0.2,1.2,1.6,0.6,2.4,1.4,0.2,-0.2,5,472.12392823775417,Bournemouth (default stadium),False,0,0.0,0,0,1,1,D
30,2024-08-25,Wolverhampton Wanderers,Chelsea,Premier League,Premier League,1468.4055797516394,1549.8279167778733,8.0,7.0,0.2,0.8,2.6,0.8,2.4,1.2,0.6,0.2,5,9061.62140506431,Wolverhampton Wanderers (default stadium),False,0,0.0,0,0,2,6,A
31,2024-08-25,Liverpool,Brentford,Premier League,Premier League,1636.6502069795165,1488.436397124794,8.0,7.0,0.6,2.6,1.4,0.4,1.2,1.4,0.8,1.6,5,5318.949465164578,Liverpool (default stadium),False,0,0.0,0,0,2,0,H
32,2024-08-31,Arsenal,Brighton,Premier League,Premier League,1669.8356211547175,1521.4921963985303,7.0,7.0,1.0,2.0,0.2,0.4,1.4,1.2,0.6,0.6,5,77.11653294203013,Arsenal (default stadium),False,0,0.0,0,0,1,1,D
33,2024-08-31,Brentford,Southampton,Premier League,Premier League,1484.0036142592082,1390.6360863432458,6.0,7.0,0.4,1.2,1.6,0.0,1.0,2.2,0.75,1.25,4,100.61634259929923,Brentford (default stadium),False,0,0.0,0,0,3,1,H
34,2024-08-31,Everton,Bournemouth,Premier League,Premier League,1474.3534641368126,1483.7680077915725,7.0,6.0,0.2,0.6,2.0,0.0,0.8,1.8,0.4,-0.4,5,11531.827627873134,Everton (default stadium),False,0,0.0,0,0,2,3,A
35,2024-08-31,Ipswich,Fulham,Premier League,Premier League,1488.2108380334844,1489.3413457042943,7.0,7.0,0.0,0.5,3.0,0.4,1.2,1.6,0.5,0.0,0,111.82982790448042,Ipswich (default stadium),False,0,0.0,0,0,1,1,D
36,2024-08-31,Leicester City,Aston Villa,Premier League,Premier League,1451.5589728270363,1561.2216773156372,7.0,7.0,0.2,0.8,1.4,0.2,1.0,2.4,0.4,0.2,5,51.70216611005376,Leicester City (default stadium),False,0,0.0,0,0,1,2,A
37,2024-08-31,Nottingham Forest,Wolverhampton Wanderers,Premier League,Premier League,1461.690030506464,1458.7342226437736,7.0,6.0,0.6,1.8,1.2,0.0,0.8,3.6,0.0,-0.25,4,9235.974422393321,Nottingham Forest (default stadium),False,0,0.0,0,0,1,1,D
38,2024-08-31,West Ham United,Manchester City,Premier League,Premier League,1499.475677164032,1697.3870268660353,7.0,7.0,0.4,1.4,2.2,1.0,3.0,0.4,0.0,-1.8,5,262.0495522571908,West Ham United (default stadium),False,0,0.0,0,0,1,3,A
39,2024-09-01,Chelsea,Crystal Palace,Premier League,Premier League,1559.499273885739,1490.82299173451,7.0,8.0,0.8,2.6,1.6,0.6,2.6,1.0,1.0,1.2,5,10.944971454605678,Chelsea (default stadium),False,0,0.0,0,0,1,1,D
40,2024-09-01,Newcastle United,Tottenham Hotspur,Premier League,Premier League,1554.6513317238137,1554.1019490211556,7.0,8.0,0.4,1.8,1.4,0.6,2.0,0.8,0.6,0.6,5,388.1243553495561,Newcastle United (default stadium),False,0,0.0,0,0,2,1,H
41,2024-09-01,Manchester United,Liverpool,Premier League,Premier League,1551.7053703051938,1641.0829898451022,8.0,7.0,0.6,1.4,1.0,0.8,2.6,1.0,0.2,-2.0,5,5387.234837982907,Manchester United (default stadium),True,0,0.0,0,0,0,3,A
42,2024-09-14,Southampton,Manchester United,Premier League,Premier League,1385.0197724050765,1542.2625254422455,14.0,13.0,0.0,1.2,2.4,0.6,1.4,1.4,0.0,-2.0,5,291.8406815664775,Southampton (default stadium),False,0,0.0,0,0,0,3,A
43,2024-09-14,Brighton,Ipswich,Premier League,Premier League,1527.0619873511425,1486.2541749535762,14.0,14.0,0.4,1.4,1.2,0.0,0.6666666666666666,2.3333333333333335,0.5,0.0,0,157.66421041407423,Brighton (default stadium),False,0,0.0,0,0,0,0,D
44,2024-09-14,Crystal Palace,Leicester City,Premier League,Premier League,1494.615141223227,1442.6956238442615,13.0,14.0,0.4,2.0,1.2,0.2,1.0,1.2,0.2,-0.2,5,152.43481774000773,Crystal Palace (default stadium),False,0,0.0,0,0,2,2,D
45,2024-09-14,Fulham,West Ham United,Premier League,Premier League,1491.2980087842025,1492.999476025495,14.0,14.0,0.4,1.4,1.8,0.4,1.6,1.8,0.4,0.8,5,13.622670450459998,Fulham (default stadium),False,0,0.0,0,0,1,1,D
46,2024-09-14,Liverpool,Nottingham Forest,Premier League,Premier League,1650.5258347080505,1459.6205215798311,13.0,14.0,0.8,2.4,0.6,0.4,1.4,1.2,0.75,1.0,4,5333.754310003473,Liverpool (default stadium),False,0,0.0,0,0,0,1,A
47,2024-09-14,Manchester City,Brentford,Premier League,Premier League,1703.8632280045724,1489.6199281973775,14.0,14.0,1.0,2.8,0.6,0.6,1.8,1.8,0.6,0.6,5,256.56458170773715,Manchester City (default stadium),False,0,0.0,0,0,2,1,H
48,2024-09-14,Aston Villa,Everton,Premier League,Premier League,1570.085026298412,1462.6271372214756,14.0,14.0,0.4,1.4,2.4,0.2,0.8,2.4,0.8,1.6,5,11644.551802132402,Aston Villa (default stadium),False,0,0.0,0,0,3,2,H
49,2024-09-14,Bournemouth,Chelsea,Premier League,Premier League,1495.4943347069095,1555.707124397022,14.0,13.0,0.2,1.4,1.6,0.6,2.2,1.4,0.0,-1.0,5,141.82746970047285,Bournemouth (default stadium),False,0,0.0,0,0,0,1,A
50,2024-09-15,Tottenham Hotspur,Arsenal,Premier League,Premier League,1546.1050677826474,1664.2658302021052,14.0,15.0,0.4,1.8,1.0,0.8,1.6,0.4,0.2,-0.4,5,6.203038582804336,Tottenham Hotspur (default stadium),True,0,0.0,0,0,0,1,A
51,2024-09-15,Wolverhampton Wanderers,Newcastle United,Premier League,Premier League,1460.8037315704064,1562.6482129623218,15.0,14.0,0.0,0.8,2.8,0.6,2.0,1.4,0.0,-1.0,5,9451.217353997563,Wolverhampton Wanderers (default stadium),False,0,0.0,0,0,1,2,A
52,2024-09-21,West Ham United,Chelsea,Premier League,Premier League,1494.9403296616567,1565.9887484645888,7.0,7.0,0.2,1.2,1.8,0.6,2.0,1.2,0.2,-1.0,5,13.657971575674615,West Ham United (default stadium),False,0,0.0,0,0,0,3,A
53,2024-09-21,Aston Villa,Wolverhampton Wanderers,Premier League,Premier League,1575.3796170136145,1451.717731416409,7.0,6.0,0.6,1.4,2.2,0.0,0.8,2.6,0.2,0.0,5,9215.28796067954,Aston Villa (default stadium),False,0,0.0,0,0,3,1,H
54,2024-09-21,Fulham,Newcastle United,Premier League,Premier League,1489.3571551480406,1571.7342131163193,7.0,6.0,0.4,1.6,1.2,0.8,2.0,1.0,0.0,-2.0,5,399.2339499540635,Fulham (default stadium),False,0,0.0,0,0,3,1,H
55,2024-09-21,Leicester City,Everton,Premier League,Premier League,1446.067470022945,1457.332546506273,7.0,7.0,0.2,1.4,1.6,0.0,1.0,3.0,0.2,0.2,5,11692.657159990456,Leicester City (default stadium),False,0,0.0,0,0,1,1,D
56,2024-09-21,Liverpool,Bournemouth,Premier League,Premier League,1634.168705731956,1485.2127106393427,7.0,7.0,0.8,1.8,0.2,0.2,1.2,1.4,0.8,3.0,5,5445.991656818437,Liverpool (default stadium),False,0,0.0,0,0,3,0,H
57,2024-09-21,Southampton,Ipswich,Premier League,Premier League,1377.4793417651745,1489.3395706822057,7.0,7.0,0.0,1.0,2.4,0.0,0.5,1.75,0.5,0.0,0,217.169880891397,Southampton (default stadium),False,0,0.0,0,0,1,1,D
58,2024-09-21,Tottenham Hotspur,Brentford,Premier League,Premier League,1537.4824352408102,1486.3603704623715,6.0,7.0,0.4,1.8,0.8,0.4,1.6,2.0,0.2,-0.2,5,19.90739813763192,Tottenham Hotspur (default stadium),False,0,0.0,0,0,3,1,H
59,2024-09-21,Crystal Palace,Manchester United,Premier League,Premier League,1491.2432950445436,1549.8029560821476,7.0,7.0,0.2,1.8,1.4,0.6,1.4,1.0,0.6,1.0,5,271.155957712397,Crystal Palace (default stadium),False,0,0.0,0,0,0,0,D
60,2024-09-22,Brighton,Nottingham Forest,Premier League,Premier League,1523.976591622513,1475.9776505559257,8.0,8.0,0.4,1.2,0.8,0.6,1.2,0.6,0.5,0.0,4,242.45573977980575,Brighton (default stadium),False,0,0.0,0,0,2,2,D
61,2024-09-22,Manchester City,Arsenal,Premier League,Premier League,1707.1227857395784,1672.8884627439425,8.0,7.0,1.0,2.8,0.8,0.8,1.6,0.4,0.6,1.0,5,256.9000111017041,Manchester City (default stadium),False,0,0.0,0,0,2,2,D
62,2024-09-28,Newcastle United,Manchester City,Premier League,Premier League,1561.3781233734198,1704.2095635453295,7.0,6.0,0.6,1.4,1.2,0.8,2.6,1.0,0.0,-1.8,5,171.2592358971847,Newcastle United (default stadium),False,0,0.0,0,0,1,1,D
63,2024-09-28,Arsenal,Leicester City,Premier League,Premier League,1675.8016849381913,1444.3928654578895,6.0,7.0,0.6,1.6,0.6,0.0,1.2,1.6,1.0,1.8,5,137.93652464122155,Arsenal (default stadium),False,0,0.0,0,0,4,2,H
64,2024-09-28,Brentford,West Ham United,Premier League,Premier League,1479.711857942642,1484.9705054889,7.0,7.0,0.4,1.4,1.8,0.2,1.0,1.8,0.8,1.0,5,19.65105251639675,Brentford (default stadium),False,0,0.0,0,0,1,1,D
65,2024-09-28,Chelsea,Brighton,Premier League,Premier League,1575.9585726373455,1520.705136878272,7.0,6.0,0.6,2.2,1.0,0.4,1.6,0.8,0.4,-0.4,5,69.35066034154319,Chelsea (default stadium),False,0,0.0,0,0,4,2,H
66,2024-09-28,Everton,Crystal Palace,Premier League,Premier League,1459.0071510713285,1490.9141345755381,7.0,7.0,0.0,1.0,2.8,0.0,0.8,1.4,0.6,1.0,5,11676.66690896838,Everton (default stadium),False,0,0.0,0,0,2,1,H
67,2024-09-28,Nottingham Forest,Fulham,Premier League,Premier League,1479.2491053001668,1499.7132448909401,6.0,7.0,0.4,1.2,0.8,0.4,1.4,1.0,0.25,-1.5,4,174.6818273775839,Nottingham Forest (default stadium),False,0,0.0,0,0,0,1,A
68,2024-09-28,Wolverhampton Wanderers,Liverpool,Premier League,Premier League,1446.7782169706888,1638.586765180491,7.0,7.0,0.0,1.0,2.8,0.8,2.0,0.2,0.2,-1.0,5,8518.872327710977,Wolverhampton Wanderers (default stadium),False,0,0.0,0,0,1,2,A
69,2024-09-29,Ipswich,Aston Villa,Premier League,Premier League,1488.1405326838296,1580.3191314593346,8.0,8.0,0.0,0.6,1.6,0.8,2.0,1.4,0.5,0.0,0,212.21966938517173,Ipswich (default stadium),False,0,0.0,0,0,2,2,D
70,2024-09-29,Manchester United,Tottenham Hotspur,Premier League,Premier League,1550.132116551153,1544.1309477605398,8.0,8.0,0.4,1.0,1.0,0.4,1.8,1.0,0.4,0.2,5,253.91120185713115,Manchester United (default stadium),False,0,0.0,0,0,0,3,A
71,2024-09-30,Bournemouth,Southampton,Premier League,Premier League,1480.7946511908076,1378.6783797635505,9.0,9.0,0.2,1.0,1.6,0.0,0.4,1.8,0.4,0.0,5,36.717522209000165,Bournemouth (default stadium),False,0,0.0,0,0,3,1,H
72,2024-10-05,Crystal Palace,Liverpool,Premier League,Premier League,1482.006167436282,1645.21775012486,7.0,7.0,0.0,0.8,1.4,0.8,2.0,0.4,0.2,-0.4,5,5306.285725112793,Crystal Palace (default stadium),False,0,0.0,0,0,0,1,A
73,2024-10-05,Arsenal,Southampton,Premier League,Premier League,1678.800543784935,1373.263222514437,7.0,5.0,0.6,2.0,1.0,0.0,0.6,2.2,0.4,0.8,5,114.81248103375616,Arsenal (default stadium),False,0,0.0,0,0,3,1,H
74,2024-10-05,Brentford,Wolverhampton Wanderers,Premier League,Premier League,1477.869724193264,1440.14723202632,7.0,7.0,0.2,1.2,1.8,0.0,1.2,2.8,0.2,-0.8,5,9065.45839959068,Brentford (default stadium),False,0,0.0,0,0,5,3,H
75,2024-10-05,Leicester City,Bournemouth,Premier League,Premier League,1441.3940066111459,1486.209808439921,7.0,5.0,0.0,1.4,2.2,0.4,1.4,1.6,0.4,-0.2,5,215.0463353224413,Leicester City (default stadium),False,0,0.0,0,0,1,0,H
76,2024-10-05,Manchester City,Fulham,Premier League,Premier League,1702.1434811531924,1511.1294186331934,7.0,7.0,0.6,2.4,1.2,0.6,1.6,0.8,1.0,2.6,5,260.720495981881,Manchester City (default stadium),False,0,0.0,0,0,3,2,H
77,2024-10-05,West Ham United,Ipswich,Premier League,Premier League,1486.812639238278,1488.7780184033707,7.0,6.0,0.2,1.0,1.6,0.0,1.0,1.6,0.5,0.0,0,98.38337997534771,West Ham United (default stadium),False,0,0.0,0,0,4,1,H
78,2024-10-05,Everton,Newcastle United,Premier League,Premier League,1467.9151182105845,1563.444205765557,7.0,7.0,0.2,1.4,2.4,0.4,1.4,1.4,0.4,0.0,5,11820.07394279188,Everton (default stadium),False,0,0.0,0,0,0,0,D
79,2024-10-06,Aston Villa,Manchester United,Premier League,Premier League,1579.6816457397936,1537.978863187837,7.0,7.0,0.6,2.0,1.6,0.2,0.8,1.6,0.2,-0.2,5,110.34451123028889,Aston Villa (default stadium),False,0,0.0,0,0,0,0,D
80,2024-10-06,Chelsea,Nottingham Forest,Premier League,Premier League,1582.5019552422275,1467.8329315579135,8.0,8.0,0.8,3.0,1.0,0.4,1.0,0.8,0.25,0.0,4,174.8137117128182,Chelsea (default stadium),False,0,0.0,0,0,1,1,D
81,2024-10-06,Brighton,Tottenham Hotspur,Premier League,Premier League,1514.16175427339,1556.2842011238558,8.0,7.0,0.2,1.4,1.6,0.6,2.2,0.8,0.4,0.0,5,82.58337268155316,Brighton (default stadium),False,0,0.0,0,0,3,2,H
82,2024-10-19,Tottenham Hotspur,West Ham United,Premier League,Premier League,1547.0848640785684,1494.8790965397711,13.0,14.0,0.4,1.8,1.4,0.2,1.4,1.8,0.4,0.6,5,8.221735834635023,Tottenham Hotspur (default stadium),False,0,0.0,0,0,4,1,H
83,2024-10-19,Fulham,Aston Villa,Premier League,Premier League,1507.4884123437175,1576.5729614608135,14.0,13.0,0.4,1.6,1.2,0.6,2.0,1.2,0.2,-0.6,5,162.69251316462925,Fulham (default stadium),False,0,0.0,0,0,1,3,A
84,2024-10-19,Ipswich,Everton,Premier League,Premier League,1480.7115611018776,1468.6485848691698,14.0,14.0,0.0,1.0,1.6,0.2,1.4,1.6,0.5,0.0,0,11785.527014866359,Ipswich (default stadium),False,0,0.0,0,0,0,2,A
85,2024-10-19,Manchester United,Brentford,Premier League,Premier League,1541.087547466817,1484.864896032764,13.0,14.0,0.2,0.6,1.2,0.4,2.2,2.0,0.6,0.2,5,256.56458170773715,Manchester United (default stadium),False,0,0.0,0,0,2,1,H
86,2024-10-19,Newcastle United,Brighton,Premier League,Premier League,1562.7107391069717,1523.3610913186774,14.0,13.0,0.4,1.2,1.2,0.2,1.6,1.8,0.4,0.4,5,468.342499245935,Newcastle United (default stadium),False,0,0.0,0,0,0,1,A
87,2024-10-19,Southampton,Leicester City,Premier League,Premier League,1371.1984867682095,1450.6704139795816,14.0,14.0,0.0,0.8,2.6,0.2,1.4,1.8,0.4,-0.2,5,191.4130852325117,Southampton (default stadium),False,0,0.0,0,0,2,3,A
88,2024-10-19,Bournemouth,Arsenal,Premier League,Premier League,1476.9334010714854,1680.8652795311625,14.0,14.0,0.4,1.2,1.6,0.6,2.2,1.2,0.0,-2.2,5,151.22456097479042,Bournemouth (default stadium),False,0,0.0,0,0,2,0,H
89,2024-10-20,Wolverhampton Wanderers,Manchester City,Premier League,Premier League,1433.1520601868199,1705.7844874426683,15.0,15.0,0.0,1.4,2.6,0.6,2.2,1.4,0.2,-2.6,5,9321.398073694803,Wolverhampton Wanderers (default stadium),False,0,0.0,0,0,1,2,A
90,2024-10-20,Liverpool,Chelsea,Premier League,Premier League,1652.5974717285167,1577.636532606049,15.0,14.0,0.8,1.8,0.4,0.6,2.0,0.8,0.2,0.6,5,5312.655647759373,Liverpool (default stadium),False,0,0.0,0,0,2,1,H
91,2024-10-21,Nottingham Forest,Crystal Palace,Premier League,Premier League,1472.698354194092,1474.6264458326254,15.0,16.0,0.2,1.0,1.0,0.0,0.8,1.2,0.25,0.25,4,184.42720029676815,Nottingham Forest (default stadium),False,0,0.0,0,0,1,0,H
92,2024-10-25,Leicester City,Nottingham Forest,Premier League,Premier League,1460.3978575210542,1480.763778419057,6.0,4.0,0.4,1.8,1.8,0.4,1.0,0.8,0.5,1.0,2,35.85916651696625,Leicester City (default stadium),False,0,0.0,0,0,1,3,A
93,2024-10-26,Aston Villa,Bournemouth,Premier League,Premier League,1586.5993101942918,1490.608031532956,7.0,7.0,0.6,2.2,1.2,0.4,1.0,1.2,0.4,0.4,5,197.28001354816703,Aston Villa (default stadium),False,0,0.0,0,0,1,1,D
94,2024-10-26,Brentford,Ipswich,Premier League,Premier League,1478.3460528680657,1468.3925638201993,7.0,7.0,0.2,1.8,2.2,0.0,0.8,1.8,0.5,0.0,0,116.93730284399047,Brentford (default stadium),False,0,0.0,0,0,4,3,H
95,2024-10-26,Brighton,Wolverhampton Wanderers,Premier League,Premier League,1536.4084640249957,1428.4021005013742,7.0,6.0,0.4,1.6,1.6,0.0,1.4,2.8,0.8,2.6,5,8996.140833084839,Brighton (default stadium),False,0,0.0,0,0,2,2,D
96,2024-10-26,Manchester City,Southampton,Premier League,Premier League,1710.534447128114,1361.4710432267368,6.0,7.0,0.6,2.0,1.4,0.0,1.0,2.6,0.6,2.0,5,291.8406815664775,Manchester City (default stadium),False,0,0.0,0,0,1,0,H
97,2024-10-26,Everton,Fulham,Premier League,Premier League,1480.967582150848,1497.4620636102393,7.0,7.0,0.4,1.4,1.0,0.4,1.6,1.6,0.0,-1.0,5,11673.70209285392,Everton (default stadium),False,0,0.0,0,0,1,1,D
98,2024-10-27,Chelsea,Newcastle United,Premier League,Premier League,1571.5824850112645,1549.6633664006533,7.0,8.0,0.6,2.0,1.0,0.2,0.8,1.2,0.4,-0.4,5,399.367741301676,Chelsea (default stadium),False,0,0.0,0,0,2,1,H
99,2024-10-27,Crystal Palace,Tottenham Hotspur,Premier League,Premier League,1466.5610216076605,1553.7057177015417,6.0,8.0,0.0,0.6,1.2,0.6,2.4,1.2,0.0,-2.2,5,20.57108758153193,Crystal Palace (default stadium),False,0,0.0,0,0,1,0,H
100,2024-10-27,West Ham United,Manchester United,Premier League,Premier League,1488.2582429167978,1547.6063906315153,8.0,8.0,0.2,1.4,2.0,0.4,1.0,0.8,0.4,-0.4,5,262.0495522571908,West Ham United (default stadium),False,0,0.0,0,0,2,1,H
101,2024-10-27,Arsenal,Liverpool,Premier League,Premier League,1667.190649069692,1658.6515193233013,8.0,7.0,0.6,2.0,1.4,0.8,1.6,0.6,0.4,0.2,5,5305.0330774456925,Arsenal (default stadium),False,0,0.0,0,0,2,2,D
102,2024-11-02,Newcastle United,Arsenal,Premier League,Premier League,1542.2489651534347,1664.9678448414595,6.0,6.0,0.0,0.6,1.4,0.4,2.2,1.8,0.4,-0.4,5,392.7352980316752,Newcastle United (default stadium),False,0,0.0,0,0,1,0,H
103,2024-11-02,Bournemouth,Manchester City,Premier League,Premier League,1495.052520773139,1712.179203729174,7.0,7.0,0.4,1.2,1.2,0.6,1.8,1.2,0.0,-2.8,5,306.55795629981236,Bournemouth (default stadium),False,0,0.0,0,0,2,1,H
104,2024-11-02,Ipswich,Leicester City,Premier League,Premier League,1460.6540300327324,1448.9789136246202,7.0,8.0,0.0,1.4,2.6,0.4,1.6,2.0,0.5,0.0,0,167.64927486136108,Ipswich (default stadium),False,0,0.0,0,0,1,1,D
105,2024-11-02,Liverpool,Brighton,Premier League,Premier League,1660.8743235515337,1531.690772749329,6.0,7.0,0.8,2.0,0.8,0.4,2.0,2.0,0.4,0.0,5,5323.625304961785,Liverpool (default stadium),False,0,0.0,0,0,2,1,H
106,2024-11-02,Nottingham Forest,West Ham United,Premier League,Premier League,1492.182722315491,1497.9517539846302,8.0,6.0,0.4,1.4,1.0,0.4,1.6,2.0,0.5,-0.5,4,173.96121605067967,Nottingham Forest (default stadium),False,0,0.0,0,0,3,0,H
107,2024-11-02,Southampton,Everton,Premier League,Premier League,1359.8262866256766,1479.4396296500527,7.0,7.0,0.0,1.0,2.2,0.4,1.2,0.6,0.4,-0.2,5,11568.424076531252,Southampton (default stadium),False,0,0.0,0,0,1,0,H
108,2024-11-02,Wolverhampton Wanderers,Crystal Palace,Premier League,Premier League,1433.119791777041,1477.054085478651,7.0,6.0,0.0,1.6,2.8,0.2,0.4,0.8,0.2,-0.8,5,9051.721081889698,Wolverhampton Wanderers (default stadium),False,0,0.0,0,0,2,2,D
109,2024-11-03,Tottenham Hotspur,Aston Villa,Premier League,Premier League,1543.2126538305513,1582.1548209541088,7.0,8.0,0.6,2.4,1.2,0.4,1.8,1.0,0.4,0.8,5,159.95911475155745,Tottenham Hotspur (default stadium),False,0,0.0,0,0,4,1,H
110,2024-11-03,Manchester United,Chelsea,Premier League,Premier League,1537.912879563683,1578.996886258483,7.0,7.0,0.2,0.6,1.2,0.6,2.2,1.2,0.4,0.6,5,260.84692450845216,Manchester United (default stadium),False,0,0.0,0,0,1,1,D
111,2024-11-04,Fulham,Brentford,Premier League,Premier League,1498.9900161110347,1486.0845866555326,9.0,9.0,0.4,1.6,1.6,0.4,2.4,2.4,0.25,-0.75,4,6.821682007977283,Fulham (default stadium),False,0,0.0,0,0,2,1,H
112,2024-11-09,Brentford,Bournemouth,Premier League,Premier League,1478.426514767918,1509.0509725684392,5.0,7.0,0.4,2.4,2.2,0.6,1.6,0.8,0.5,0.75,4,136.94523910617087,Brentford (default stadium),False,0,0.0,0,0,3,2,H
113,2024-11-09,Crystal Palace,Fulham,Premier League,Premier League,1477.802912423248,1506.6480879986493,7.0,5.0,0.2,0.8,1.2,0.4,1.4,1.6,0.0,-0.6,5,11.049065852200664,Crystal Palace (default stadium),False,0,0.0,0,0,0,2,A
114,2024-11-09,West Ham United,Everton,Premier League,Premier League,1489.7796923669116,1468.021270574229,7.0,7.0,0.4,1.6,2.0,0.4,1.0,0.6,0.6,0.6,5,11687.188342303432,West Ham United (default stadium),False,0,0.0,0,0,0,0,D
115,2024-11-09,Wolverhampton Wanderers,Southampton,Premier League,Premier League,1432.3709648324439,1371.2446457015003,7.0,7.0,0.0,1.8,2.6,0.2,1.0,2.0,1.0,1.2,5,9040.708255581369,Wolverhampton Wanderers (default stadium),False,0,0.0,0,0,2,0,H
116,2024-11-09,Brighton,Manchester City,Premier League,Premier League,1526.8685328921224,1698.180751933874,7.0,7.0,0.4,1.8,2.0,0.6,1.6,1.2,0.0,-2.0,5,325.25795184878103,Brighton (default stadium),False,0,0.0,0,0,2,1,H
117,2024-11-09,Liverpool,Aston Villa,Premier League,Premier League,1665.6965634087403,1573.0463637734865,7.0,6.0,0.8,1.8,1.0,0.2,1.4,1.6,0.6,1.2,5,5394.758205947946,Liverpool (default stadium),False,0,0.0,0,0,2,0,H
118,2024-11-10,Manchester United,Leicester City,Premier League,Premier League,1537.0825266970437,1451.287345017358,7.0,8.0,0.2,0.8,1.4,0.4,1.6,2.0,0.4,0.2,5,119.18446031803153,Manchester United (default stadium),False,0,0.0,0,0,3,0,H
119,2024-11-10,Nottingham Forest,Newcastle United,Premier League,Premier League,1500.3547839332095,1553.754797345618,8.0,8.0,0.6,1.6,0.6,0.2,0.6,0.8,0.25,-0.5,4,228.00744375255695,Nottingham Forest (default stadium),False,0,0.0,0,0,1,3,A
120,2024-11-10,Tottenham Hotspur,Ipswich,Premier League,Premier League,1552.3211110111736,1458.3455986399947,7.0,8.0,0.6,2.6,1.2,0.0,1.4,2.6,0.5,0.0,0,97.17924263016836,Tottenham Hotspur (default stadium),False,0,0.0,0,0,1,2,A
121,2024-11-10,Chelsea,Arsenal,Premier League,Premier League,1579.8272391251223,1653.4620126492762,7.0,8.0,0.4,1.8,1.4,0.4,1.8,1.6,0.0,-2.0,5,9.950774202617763,Chelsea (default stadium),False,0,0.0,0,0,1,1,D
122,2024-11-23,Leicester City,Chelsea,Premier League,Premier League,1445.493294174655,1579.9318525002545,13.0,13.0,0.4,1.2,1.8,0.2,1.2,1.2,0.0,-1.4,5,142.36087796503557,Leicester City (default stadium),False,0,0.0,0,0,1,2,A
123,2024-11-23,Arsenal,Nottingham Forest,Premier League,Premier League,1653.357399274144,1489.8773611432682,13.0,13.0,0.2,1.2,1.4,0.6,1.8,1.0,0.75,1.5,4,169.48736406304167,Arsenal (default stadium),False,0,0.0,0,0,3,0,H
124,2024-11-23,Aston Villa,Crystal Palace,Premier League,Premier League,1567.4133559335194,1466.6238905463847,14.0,14.0,0.2,1.0,1.6,0.2,0.6,1.2,0.4,-0.8,5,173.6948405935728,Aston Villa (default stadium),False,0,0.0,0,0,2,2,D
125,2024-11-23,Bournemouth,Brighton,Premier League,Premier League,1500.1794644102179,1539.7046008216587,14.0,14.0,0.4,1.4,1.2,0.6,1.8,1.4,0.4,0.0,5,124.11226270743967,Bournemouth (default stadium),False,0,0.0,0,0,1,2,A
126,2024-11-23,Everton,Brentford,Premier League,Premier League,1470.6025527961024,1487.2980229261393,14.0,14.0,0.2,0.6,0.4,0.6,2.8,2.4,0.6,0.6,5,11668.64261603479,Everton (default stadium),False,0,0.0,0,0,0,0,D
127,2024-11-23,Fulham,Wolverhampton Wanderers,Premier League,Premier League,1517.8271098755126,1438.7663875394335,14.0,14.0,0.4,1.6,1.6,0.2,2.0,2.2,0.2,-0.2,5,9061.751294434785,Fulham (default stadium),False,0,0.0,0,0,1,4,A
128,2024-11-23,Manchester City,Tottenham Hotspur,Premier League,Premier League,1685.3446840043378,1537.9232993695832,14.0,13.0,0.6,1.6,1.4,0.4,2.2,1.6,0.4,0.4,5,253.91120185713115,Manchester City (default stadium),False,0,0.0,0,0,0,4,A
129,2024-11-24,Southampton,Liverpool,Premier League,Premier League,1364.8492229945107,1671.3295712487075,15.0,15.0,0.2,0.8,1.8,0.8,1.8,0.8,0.0,-1.8,5,5410.461987095733,Southampton (default stadium),False,0,0.0,0,0,2,3,A
130,2024-11-24,Ipswich,Manchester United,Premier League,Premier League,1472.743410281585,1542.8765775397467,14.0,14.0,0.2,1.4,2.4,0.4,1.4,0.8,0.5,0.0,0,275.4298868384115,Ipswich (default stadium),False,0,0.0,0,0,1,1,D
131,2024-11-25,Newcastle United,West Ham United,Premier League,Premier League,1564.2322201355594,1487.1984101450382,15.0,16.0,0.4,1.0,0.8,0.4,1.4,1.8,0.4,1.0,5,396.1921830254467,Newcastle United (default stadium),False,0,0.0,0,0,0,2,A
132,2024-11-29,Brighton,Southampton,Premier League,Premier League,1550.5794953305522,1360.7686095374106,6.0,5.0,0.6,1.6,1.2,0.2,1.0,1.8,0.6,1.0,5,91.83331837808883,Brighton (default stadium),False,0,0.0,0,0,1,1,D
133,2024-11-30,Brentford,Leicester City,Premier League,Premier League,1488.8203250661293,1437.3270072023743,7.0,7.0,0.4,1.8,1.8,0.2,1.2,2.2,0.0,-0.5,4,138.5020510473538,Brentford (default stadium),False,0,0.0,0,0,4,1,H
134,2024-11-30,Crystal Palace,Newcastle United,Premier League,Premier League,1471.1785195274433,1550.2360143142898,7.0,5.0,0.2,1.0,1.4,0.4,1.0,1.2,0.2,-0.6,5,408.04977898274933,Crystal Palace (default stadium),False,0,0.0,0,0,1,1,D
135,2024-11-30,Nottingham Forest,Ipswich,Premier League,Premier League,1485.7403633493668,1472.7472431431913,7.0,6.0,0.6,1.6,1.4,0.2,1.4,1.8,0.5,0.0,0,183.36268186228668,Nottingham Forest (default stadium),False,0,0.0,0,0,1,0,H
136,2024-11-30,Wolverhampton Wanderers,Bournemouth,Premier League,Premier League,1452.8115014338891,1489.3045699013244,7.0,7.0,0.4,2.2,1.4,0.4,1.6,1.4,0.4,0.0,5,9037.88842912415,Wolverhampton Wanderers (default stadium),False,0,0.0,0,0,2,4,A
137,2024-11-30,West Ham United,Arsenal,Premier League,Premier League,1501.1946159663078,1657.4943970680454,5.0,7.0,0.4,1.0,1.6,0.2,1.2,1.2,0.2,-1.4,5,6.7390655013334415,West Ham United (default stadium),False,0,0.0,0,0,2,5,A
138,2024-12-01,Chelsea,Aston Villa,Premier League,Premier League,1588.0981394725352,1562.8587269524608,8.0,8.0,0.4,1.4,1.2,0.2,1.4,2.0,0.4,0.2,5,162.80441844458147,Chelsea (default stadium),False,0,0.0,0,0,3,0,H
139,2024-12-01,Manchester United,Everton,Premier League,Premier League,1542.8727446781404,1469.0802506561124,7.0,8.0,0.4,1.6,1.0,0.2,0.6,0.4,0.8,1.4,5,11690.468746176242,Manchester United (default stadium),False,0,0.0,0,0,4,0,H
140,2024-12-01,Tottenham Hotspur,Fulham,Premier League,Premier League,1553.4747577281166,1503.781995981057,8.0,8.0,0.6,2.6,1.0,0.4,1.4,1.8,0.8,0.4,5,16.0284942511911,Tottenham Hotspur (default stadium),False,0,0.0,0,0,1,1,D
141,2024-12-01,Liverpool,Manchester City,Premier League,Premier League,1675.4101847058075,1669.7932256458043,7.0,8.0,0.8,2.2,1.2,0.4,1.0,1.8,0.2,-0.4,5,5387.234837982907,Liverpool (default stadium),False,0,0.0,0,0,2,0,H
142,2024-12-03,Ipswich,Crystal Palace,Premier League,Premier League,1465.0915566283709,1471.4391561412551,3.0,3.0,0.2,1.4,1.6,0.2,1.2,1.4,0.5,0.0,0,109.48338153904736,Ipswich (default stadium),False,0,0.0,0,0,0,1,A
143,2024-12-03,Leicester City,West Ham United,Premier League,Premier League,1430.68797655814,1493.6286693263978,3.0,3.0,0.0,0.8,2.6,0.4,1.2,1.8,0.4,-0.2,5,142.949836877498,Leicester City (default stadium),False,0,0.0,0,0,3,1,H
144,2024-12-04,Everton,Wolverhampton Wanderers,Premier League,Premier League,1462.997771343847,1441.8500732606637,3.0,4.0,0.0,0.2,1.2,0.4,2.4,1.8,0.0,-1.2,5,9274.580162181222,Everton (default stadium),False,0,0.0,0,0,4,0,H
145,2024-12-04,Manchester City,Nottingham Forest,Premier League,Premier League,1661.9359307815428,1493.3960498641873,3.0,4.0,0.2,0.6,2.0,0.6,1.6,1.4,0.75,2.5,4,92.84061611811964,Manchester City (default stadium),False,0,0.0,0,0,3,0,H
146,2024-12-04,Newcastle United,Liverpool,Premier League,Premier League,1549.975377700478,1683.267479570069,4.0,3.0,0.4,1.2,1.2,0.8,2.2,1.0,0.0,-1.4,5,5307.58997068219,Newcastle United (default stadium),False,0,0.0,0,0,3,3,D
147,2024-12-04,Southampton,Chelsea,Premier League,Premier League,1367.1069309465586,1595.4235863649053,5.0,3.0,0.2,0.8,1.4,0.6,1.8,0.8,0.4,-1.2,5,105.31037742874952,Southampton (default stadium),False,0,0.0,0,0,1,5,A
148,2024-12-04,Arsenal,Manchester United,Premier League,Premier League,1665.0603437079553,1548.9552239904058,4.0,3.0,0.4,2.2,1.2,0.4,2.0,0.8,0.8,0.8,5,256.9000111017041,Arsenal (default stadium),False,0,0.0,0,0,2,0,H
149,2024-12-04,Aston Villa,Brentford,Premier League,Premier League,1555.5332800600906,1495.4593557103635,3.0,4.0,0.0,0.8,2.4,0.6,2.4,1.6,0.4,0.8,5,157.35324894635983,Aston Villa (default stadium),False,0,0.0,0,0,3,1,H
150,2024-12-05,Fulham,Brighton,Premier League,Premier League,1507.0969154867394,1544.2411739214042,4.0,6.0,0.4,1.4,1.4,0.4,1.6,1.4,0.6,1.0,5,69.48390935697866,Fulham (default stadium),False,0,0.0,0,0,3,1,H
151,2024-12-05,Bournemouth,Tottenham Hotspur,Premier League,Premier League,1500.2659980745498,1550.1598382224342,5.0,4.0,0.4,2.0,1.8,0.4,2.0,1.0,0.2,-0.8,5,156.84013393890496,Bournemouth (default stadium),False,0,0.0,0,0,1,0,H
152,2024-12-07,Aston Villa,Southampton,Premier League,Premier League,1561.9550862303652,1361.3724328067951,3.0,3.0,0.2,1.2,2.4,0.2,1.0,2.2,0.8,1.2,5,181.49627866409335,Aston Villa (default stadium),False,0,0.0,0,0,1,0,H
153,2024-12-07,Brentford,Newcastle United,Premier League,Premier League,1489.037549540089,1551.7771834159041,3.0,3.0,0.4,1.8,1.6,0.4,1.6,1.4,0.0,-2.0,5,396.9342267120026,Brentford (default stadium),False,0,0.0,0,0,4,2,H
154,2024-12-07,Crystal Palace,Manchester City,Premier League,Premier League,1483.2509935366297,1665.9781717582055,4.0,3.0,0.2,1.2,1.4,0.2,1.0,2.0,0.0,-1.0,5,271.155957712397,Crystal Palace (default stadium),False,0,0.0,0,0,2,2,D
155,2024-12-07,Manchester United,Nottingham Forest,Premier League,Premier League,1543.8521325296572,1489.3538088875246,3.0,3.0,0.4,1.8,0.8,0.4,1.0,1.8,0.75,1.25,4,92.84061611811964,Manchester United (default stadium),False,0,0.0,0,0,2,3,A
156,2024-12-08,Fulham,Arsenal,Premier League,Premier League,1516.1540601448996,1670.163435168704,3.0,4.0,0.6,1.8,1.4,0.6,2.2,0.8,0.2,-0.6,5,9.859134784019956,Fulham (default stadium),False,0,0.0,0,0,1,1,D
157,2024-12-08,Ipswich,Bournemouth,Premier League,Premier League,1453.2797192329963,1509.6879414268728,5.0,3.0,0.2,0.8,1.0,0.6,2.0,1.6,0.5,0.0,0,253.71102121569086,Ipswich (default stadium),False,0,0.0,0,0,1,2,A
158,2024-12-08,Leicester City,Brighton,Premier League,Premier League,1440.4848213188577,1535.184029263244,5.0,3.0,0.2,1.2,2.2,0.4,1.4,1.6,0.2,-0.6,5,208.7110806263465,Leicester City (default stadium),False,0,0.0,0,0,2,2,D
159,2024-12-08,Tottenham Hotspur,Chelsea,Premier League,Premier League,1540.7378948701112,1601.1580845046688,3.0,4.0,0.4,2.0,1.0,0.6,2.4,0.8,0.2,-1.0,5,16.124829392275434,Tottenham Hotspur (default stadium),True,0,0.0,0,0,3,4,A
160,2024-12-09,West Ham United,Wolverhampton Wanderers,Premier League,Premier League,1483.83182456568,1434.4149412383392,6.0,5.0,0.2,1.0,2.2,0.4,2.0,2.2,0.8,1.2,5,9062.016054164233,West Ham United (default stadium),False,0,0.0,0,0,2,1,H
161,2024-12-14,Arsenal,Everton,Premier League,Premier League,1667.7914980715589,1470.4329033661716,6.0,10.0,0.6,2.4,0.8,0.2,0.8,1.0,0.8,1.8,5,11682.978134396302,Arsenal (default stadium),False,0,0.0,0,0,0,0,D
162,2024-12-14,Liverpool,Fulham,Premier League,Premier League,1681.465673854643,1518.5259972420447,10.0,6.0,0.8,2.4,1.2,0.4,1.6,1.4,0.6,0.6,5,5312.6474190647505,Liverpool (default stadium),False,0,0.0,0,0,2,2,D
163,2024-12-14,Newcastle United,Leicester City,Premier League,Premier League,1541.9861231382536,1441.194526504025,7.0,6.0,0.2,1.8,2.2,0.2,1.4,2.4,0.6,0.4,5,263.6083592563879,Newcastle United (default stadium),False,0,0.0,0,0,4,0,H
164,2024-12-14,Wolverhampton Wanderers,Ipswich,Premier League,Premier League,1427.7227910135716,1442.888715863986,5.0,6.0,0.4,1.8,2.2,0.2,0.8,1.2,0.5,0.0,0,9080.83684954866,Wolverhampton Wanderers (default stadium),False,0,0.0,0,0,1,2,A
165,2024-12-14,Nottingham Forest,Aston Villa,Premier League,Premier League,1502.7912748588974,1565.434915241837,7.0,7.0,0.4,1.0,2.2,0.4,1.2,1.6,0.25,-0.5,4,69.71644875247998,Nottingham Forest (default stadium),False,0,0.0,0,0,2,1,H
166,2024-12-15,Brighton,Crystal Palace,Premier League,Premier League,1534.4743240780767,1486.38628846949,7.0,8.0,0.4,1.6,1.6,0.2,1.2,1.4,0.4,0.8,5,62.01282292846458,Brighton (default stadium),False,0,0.0,0,0,1,3,A
167,2024-12-15,Manchester City,Manchester United,Premier League,Premier League,1662.8428768253452,1530.4146665582844,8.0,8.0,0.2,1.2,2.0,0.4,2.0,1.2,0.8,2.0,5,0.0,Manchester City (default stadium),True,0,0.0,0,0,1,2,A
168,2024-12-15,Chelsea,Brentford,Premier League,Premier League,1611.4337437569097,1498.8286098177396,7.0,8.0,0.8,3.0,1.2,0.6,2.4,1.6,0.0,-1.4,5,6.86640159913343,Chelsea (default stadium),False,0,0.0,0,0,2,1,H
169,2024-12-15,Southampton,Tottenham Hotspur,Premier League,Premier League,1357.8926037953233,1530.4622356178702,8.0,7.0,0.0,0.8,2.4,0.2,1.8,1.6,0.2,-0.6,5,120.5232777621848,Southampton (default stadium),False,0,0.0,0,0,0,5,A
170,2024-12-16,Bournemouth,West Ham United,Premier League,Premier League,1520.0789447958832,1490.5239747904477,8.0,7.0,0.6,2.0,1.6,0.4,1.4,1.8,0.0,-2.0,5,155.36167637292584,Bournemouth (default stadium),False,0,0.0,0,0,1,1,D
171,2024-12-21,Aston Villa,Manchester City,Premier League,Premier League,1555.646616656822,1647.5970955581997,7.0,6.0,0.4,1.4,1.6,0.2,1.2,2.0,0.2,-1.0,5,110.34451123028889,Aston Villa (default stadium),False,0,0.0,0,0,2,1,H
172,2024-12-21,Brentford,Nottingham Forest,Premier League,Premier League,1493.6485602436974,1512.5795734439123,6.0,7.0,0.4,2.0,1.6,0.6,1.2,1.8,0.5,0.5,4,171.50469636447104,Brentford (default stadium),False,0,0.0,0,0,0,2,A
173,2024-12-21,Ipswich,Newcastle United,Premier League,Premier League,1454.453992567401,1547.4314455403348,7.0,7.0,0.2,0.8,1.2,0.2,2.0,2.0,0.5,0.0,0,371.0835169844392,Ipswich (default stadium),False,0,0.0,0,0,0,4,A
174,2024-12-21,West Ham United,Brighton,Premier League,Premier League,1493.3134667208715,1521.2005796260123,5.0,6.0,0.4,1.6,2.0,0.2,1.4,2.0,0.2,-1.2,5,75.30394037947526,West Ham United (default stadium),False,0,0.0,0,0,1,1,D
175,2024-12-21,Crystal Palace,Arsenal,Premier League,Premier League,1499.6600329215544,1661.32499616962,6.0,7.0,0.4,1.8,1.2,0.6,2.2,0.6,0.2,-1.6,5,15.34028105594792,Crystal Palace (default stadium),False,0,0.0,0,0,1,5,A
176,2024-12-22,Everton,Chelsea,Premier League,Premier League,1476.8994052681105,1616.613793330952,8.0,7.0,0.2,0.8,0.8,1.0,3.2,1.2,0.4,-0.8,5,11673.649510171086,Everton (default stadium),False,0,0.0,0,0,0,0,D
177,2024-12-22,Fulham,Southampton,Premier League,Premier League,1524.3787835480593,1350.7619177408085,8.0,7.0,0.2,1.6,1.8,0.0,0.8,3.0,0.4,-0.2,5,105.36793929201917,Fulham (default stadium),False,0,0.0,0,0,0,0,D
178,2024-12-22,Leicester City,Wolverhampton Wanderers,Premier League,Premier League,1435.7492041019436,1416.1575143101566,8.0,8.0,0.2,1.4,2.6,0.2,1.6,2.6,0.6,1.0,5,9203.941453824911,Leicester City (default stadium),False,0,0.0,0,0,0,3,A
179,2024-12-22,Manchester United,Bournemouth,Premier League,Premier League,1545.6604478254299,1517.2894528654595,7.0,6.0,0.4,1.8,1.4,0.6,1.8,1.2,0.6,0.8,5,306.55795629981236,Manchester United (default stadium),False,0,0.0,0,0,0,3,A
180,2024-12-22,Tottenham Hotspur,Liverpool,Premier League,Premier League,1537.592921672385,1675.6128875486284,7.0,8.0,0.4,2.6,1.2,0.6,2.4,1.4,0.2,-0.6,5,5300.810896107908,Tottenham Hotspur (default stadium),False,0,0.0,0,0,3,6,A
181,2024-12-26,Manchester City,Everton,Premier League,Premier League,1636.9661492465048,1478.8794442091069,5.0,4.0,0.2,1.4,1.6,0.2,0.8,0.8,0.8,1.6,5,11690.468746176242,Manchester City (default stadium),False,0,0.0,0,0,1,1,D
182,2024-12-26,Bournemouth,Crystal Palace,Premier League,Premier League,1530.0474891389365,1492.238804248058,4.0,5.0,0.8,2.2,0.8,0.4,1.6,1.8,0.4,-0.6,5,145.13706164318188,Bournemouth (default stadium),False,0,0.0,0,0,0,0,D
183,2024-12-26,Chelsea,Fulham,Premier League,Premier League,1614.6337543899556,1518.32758503383,4.0,4.0,0.8,2.8,1.0,0.2,1.4,1.0,0.6,0.8,5,0.13381917032718865,Chelsea (default stadium),False,0,0.0,0,0,1,2,A
184,2024-12-26,Newcastle United,Aston Villa,Premier League,Premier League,1556.7710637853595,1566.277562968517,5.0,5.0,0.4,2.8,1.6,0.6,1.4,1.4,0.8,1.6,5,275.3185930085947,Newcastle United (default stadium),False,0,0.0,0,0,3,0,H
185,2024-12-26,Nottingham Forest,Tottenham Hotspur,Premier League,Premier League,1524.0389618382108,1529.5260583334605,5.0,4.0,0.8,1.6,1.2,0.2,2.4,2.4,0.0,-2.0,4,165.73951471097544,Nottingham Forest (default stadium),False,0,0.0,0,0,1,0,H
186,2024-12-26,Southampton,West Ham United,Premier League,Premier League,1356.8131162550378,1492.1072618119754,4.0,5.0,0.0,0.4,2.4,0.2,1.4,2.2,0.2,-0.6,5,118.78899564721851,Southampton (default stadium),False,0,0.0,0,0,0,1,A
187,2024-12-26,Wolverhampton Wanderers,Manchester United,Premier League,Premier League,1428.6804951706179,1532.9024115519528,4.0,4.0,0.2,1.4,2.4,0.4,1.6,1.8,0.2,-0.8,5,9321.398073694803,Wolverhampton Wanderers (default stadium),False,0,0.0,0,0,2,0,H
188,2024-12-26,Liverpool,Leicester City,Premier League,Premier League,1683.679750887553,1423.2262232414823,4.0,4.0,0.6,3.2,2.0,0.2,1.2,2.8,0.6,0.6,5,5343.065862682322,Liverpool (default stadium),False,0,0.0,0,0,3,1,H
189,2024-12-27,Brighton,Brentford,Premier League,Premier League,1522.4067845349084,1482.189171849399,6.0,6.0,0.0,1.2,2.0,0.4,2.0,2.0,0.4,0.2,5,71.40866453526951,Brighton (default stadium),False,0,0.0,0,0,0,0,D
190,2024-12-27,Arsenal,Ipswich,Premier League,Premier League,1668.7462248431164,1445.1143743223763,6.0,6.0,0.6,2.6,0.8,0.2,0.6,1.8,0.5,0.0,0,102.57433411648985,Arsenal (default stadium),False,0,0.0,0,0,1,0,H
191,2024-12-29,Leicester City,Manchester City,Premier League,Premier League,1420.6291277512896,1631.2059461028252,3.0,3.0,0.2,1.2,2.6,0.2,1.6,1.4,0.0,-1.8,5,119.18446031803153,Leicester City (default stadium),False,0,0.0,0,0,0,2,A
192,2024-12-29,Crystal Palace,Southampton,Premier League,Premier League,1495.2458890727162,1348.6706162306427,3.0,3.0,0.4,1.4,1.6,0.0,0.2,2.4,0.6,0.4,5,108.42688407911376,Crystal Palace (default stadium),False,0,0.0,0,0,2,1,H
193,2024-12-29,Everton,Nottingham Forest,Premier League,Premier League,1484.6396473527864,1532.2031810171266,3.0,3.0,0.2,1.0,1.0,0.8,1.6,1.2,0.5,0.75,4,11713.508448712575,Everton (default stadium),False,0,0.0,0,0,0,2,A
194,2024-12-29,Fulham,Bournemouth,Premier League,Premier League,1532.779344312115,1527.0404043142782,3.0,3.0,0.4,1.6,1.0,0.6,1.4,0.4,0.4,-0.2,5,141.8811990067746,Fulham (default stadium),False,0,0.0,0,0,2,2,D
195,2024-12-29,Tottenham Hotspur,Wolverhampton Wanderers,Premier League,Premier League,1521.3618391545447,1439.662307980095,3.0,3.0,0.2,2.2,2.4,0.4,1.4,1.6,0.2,-0.8,5,9070.237755303215,Tottenham Hotspur (default stadium),False,0,0.0,0,0,2,2,D
196,2024-12-29,West Ham United,Liverpool,Premier League,Premier League,1500.2497618363705,1686.2768463777456,3.0,3.0,0.4,1.2,1.2,0.6,3.2,1.8,0.0,-1.0,5,5299.298724106387,West Ham United (default stadium),False,0,0.0,0,0,0,5,A
197,2024-12-30,Aston Villa,Brighton,Premier League,Premier League,1558.0013219505854,1519.3367670292278,4.0,3.0,0.6,1.4,1.4,0.0,1.0,1.8,0.8,1.6,5,221.3083143577021,Aston Villa (default stadium),False,0,0.0,0,0,2,2,D
198,2024-12-30,Ipswich,Chelsea,Premier League,Premier League,1441.9995960192257,1600.1819951116706,3.0,4.0,0.2,0.6,1.8,0.6,2.4,1.4,0.5,0.0,0,111.88362495735197,Ipswich (default stadium),False,0,0.0,0,0,2,0,H
199,2024-12-30,Manchester United,Newcastle United,Premier League,Premier League,1521.9205987424757,1565.0473048032911,4.0,4.0,0.2,0.8,2.2,0.6,3.2,1.4,0.2,-0.4,5,171.2592358971847,Manchester United (default stadium),False,0,0.0,0,0,0,2,A
200,2025-01-01,Brentford,Arsenal,Premier League,Premier League,1485.2591893550796,1671.861003146267,5.0,5.0,0.2,1.2,1.8,0.6,1.8,0.4,0.0,-1.2,5,14.388544946146704,Brentford (default stadium),False,0,0.0,0,0,1,3,A
201,2025-01-04,Tottenham Hotspur,Newcastle United,Premier League,Premier League,1517.2533978405795,1575.8192415844044,6.0,5.0,0.2,2.6,2.6,0.8,3.0,0.8,0.2,-1.6,5,388.1243553495561,Tottenham Hotspur (default stadium),False,0,0.0,0,0,1,2,A
202,2025-01-04,Aston Villa,Leicester City,Premier League,Premier League,1554.9718473737973,1414.4680153099919,5.0,6.0,0.4,1.2,1.6,0.0,0.6,2.8,0.6,0.2,5,51.70216611005376,Aston Villa (default stadium),False,0,0.0,0,0,2,1,H
203,2025-01-04,Bournemouth,Everton,Premier League,Premier League,1529.1864588998885,1473.9947701215494,6.0,6.0,0.4,1.6,0.8,0.2,1.0,0.6,0.6,0.2,5,11531.827627873134,Bournemouth (default stadium),False,0,0.0,0,0,1,0,H
204,2025-01-04,Crystal Palace,Chelsea,Premier League,Premier League,1499.7113012514533,1587.6970336103138,6.0,5.0,0.4,1.6,1.8,0.4,1.4,1.6,0.0,-1.0,5,10.944971454605678,Crystal Palace (default stadium),False,0,0.0,0,0,1,1,D
205,2025-01-04,Manchester City,West Ham United,Premier League,Premier League,1637.367058544123,1493.4704423729752,6.0,6.0,0.2,1.4,1.4,0.4,1.0,1.6,1.0,2.2,5,262.0495522571908,Manchester City (default stadium),False,0,0.0,0,0,4,1,H
206,2025-01-04,Southampton,Brentford,Premier League,Premier League,1344.2052040519056,1478.4946881513622,6.0,3.0,0.0,0.2,1.8,0.2,1.2,1.8,0.2,-1.4,5,100.61634259929923,Southampton (default stadium),False,0,0.0,0,0,0,5,A
207,2025-01-04,Brighton,Arsenal,Premier League,Premier League,1522.3662416060158,1678.6255043499843,5.0,3.0,0.0,1.2,1.6,0.6,2.0,0.6,0.2,-0.8,5,77.11653294203013,Brighton (default stadium),False,0,0.0,0,0,1,1,D
208,2025-01-05,Fulham,Ipswich,Premier League,Premier League,1530.6332897265047,1454.4845575205825,7.0,6.0,0.2,1.4,1.2,0.4,1.0,1.6,0.0,0.0,1,111.82982790448042,Fulham (default stadium),False,0,0.0,0,0,2,2,D
209,2025-01-05,Liverpool,Manchester United,Premier League,Premier League,1693.056165841141,1511.1486619613624,7.0,6.0,0.6,3.8,1.8,0.2,0.8,2.2,0.4,1.8,5,5387.234837982907,Liverpool (default stadium),True,0,0.0,0,0,2,2,D
210,2025-01-06,Wolverhampton Wanderers,Nottingham Forest,Premier League,Premier League,1443.7707492940601,1542.8480582483635,8.0,8.0,0.4,1.8,1.2,1.0,2.0,0.6,0.2,0.2,5,9235.974422393321,Wolverhampton Wanderers (default stadium),False,0,0.0,0,0,0,3,A
4054,2025-01-11,3K FC,Kibera Black Stars,National Super League,KPL,1500.0,1500.0,,,0.5,0.0,0.0,0.5,0.0,0.0,0.5,0.0,0,3093.4995210290313,3K FC (default stadium),False,0,0.0,0,0,0,1,A
4055,2025-01-11,MOFA FC.,Darajani Gogo,National Super League,KPL,1500.0,1500.0,,,0.5,0.0,0.0,0.5,0.0,0.0,0.5,0.0,0,6833.729862171715,MOFA FC. (default stadium),False,0,0.0,0,0,1,0,H
4056,2025-01-11,Muhoroni Youth,Nzoia Sugar,National Super League,KPL,1500.0,1500.0,,,0.5,0.0,0.0,0.5,0.0,0.0,0.5,0.0,0,14241.72248008688,Muhoroni Youth (default stadium),False,0,0.0,0,0,2,3,A
4057,2025-01-11,Vihiga United,SS Assad,National Super League,KPL,1500.0,1500.0,,,0.5,0.0,0.0,0.5,0.0,0.0,0.5,0.0,0,49.67772766295509,Vihiga United (default stadium),False,0,0.0,0,0,2,1,H
4049,2025-01-12,Kisumu Allstars,Mombasa United FC,National Super League,KPL,1500.0,1500.0,,,0.5,0.0,0.0,0.5,0.0,0.0,0.5,0.0,0,6556.317455941129,Kisumu Allstars (default stadium),False,0,0.0,0,0,0,0,D
4050,2025-01-12,Luanda Villa,Nairobi United,National Super League,KPL,1500.0,1500.0,,,0.5,0.0,0.0,0.5,0.0,0.0,0.5,0.0,0,2739.2774547592653,Luanda Villa (default stadium),False,0,0.0,0,0,1,2,A
4051,2025-01-12,MCF FC,Samwest Blackboots,National Super League,KPL,1500.0,1500.0,,,0.5,0.0,0.0,0.5,0.0,0.0,0.5,0.0,0,7370.954318600032,MCF FC (default stadium),False,0,0.0,0,0,1,1,D
4052,2025-01-12,Migori Youth FC,Fortune Sacco,National Super League,KPL,1500.0,1500.0,,,0.5,0.0,0.0,0.5,0.0,0.0,0.5,0.0,0,7044.475430479551,Migori Youth FC (default stadium),False,0,0.0,0,0,1,1,D
4053,2025-01-12,Mombasa Stars,Naivas FC,National Super League,KPL,1500.0,1500.0,,,0.5,0.0,0.0,0.5,0.0,0.0,0.5,0.0,0,7249.057650058954,Mombasa Stars (default stadium),False,0,0.0,0,0,1,4,A
211,2025-01-14,Brentford,Manchester City,Premier League,Premier League,1486.6651218758127,1641.886180397618,10.0,10.0,0.2,1.4,1.4,0.4,1.8,1.2,0.4,-0.4,5,256.56458170773715,Brentford (default stadium),False,0,0.0,0,0,2,2,D
212,2025-01-14,Chelsea,Bournemouth,Premier League,Premier League,1587.1798245488174,1535.7314064758766,10.0,10.0,0.2,0.8,1.2,0.4,1.4,0.6,0.8,1.2,5,141.82746970047285,Chelsea (default stadium),False,0,0.0,0,0,2,2,D
213,2025-01-14,West Ham United,Fulham,Premier League,Premier League,1488.95132051948,1526.6585120544298,10.0,9.0,0.2,0.8,2.2,0.2,1.6,1.4,0.4,-0.8,5,13.622670450459998,West Ham United (default stadium),False,0,0.0,0,0,3,2,H
214,2025-01-14,Nottingham Forest,Liverpool,Premier League,Premier League,1552.013094535298,1686.8559011937175,8.0,9.0,1.0,2.0,0.2,0.6,3.6,1.6,0.4,-0.6,5,5333.754310003473,Nottingham Forest (default stadium),False,0,0.0,0,0,1,1,D
215,2025-01-15,Everton,Aston Villa,Premier League,Premier League,1467.4498225455613,1559.5596520862186,11.0,11.0,0.0,0.2,0.8,0.4,1.4,1.8,0.0,-1.6,5,11644.551802132402,Everton (default stadium),False,0,0.0,0,0,0,1,A
216,2025-01-15,Leicester City,Crystal Palace,Premier League,Premier League,1409.8802105975706,1500.2285103129498,11.0,11.0,0.0,0.4,2.8,0.4,1.4,1.6,0.2,0.0,5,152.43481774000773,Leicester City (default stadium),False,0,0.0,0,0,0,2,A
217,2025-01-15,Newcastle United,Wolverhampton Wanderers,Premier League,Premier League,1586.1482242935215,1434.6057130071256,11.0,9.0,1.0,3.0,0.2,0.4,1.6,1.4,0.6,1.0,5,9451.217353997563,Newcastle United (default stadium),False,0,0.0,0,0,3,0,H
218,2025-01-15,Arsenal,Tottenham Hotspur,Premier League,Premier League,1676.1925481395308,1506.9244151314624,11.0,11.0,0.6,2.0,0.6,0.2,2.2,2.2,0.8,1.2,5,6.203038582804336,Arsenal (default stadium),True,0,0.0,0,0,2,1,H
219,2025-01-16,Ipswich,Brighton,Premier League,Premier League,1458.4593351926574,1524.7991978164694,11.0,12.0,0.4,1.2,1.6,0.0,1.0,1.4,0.0,0.0,1,157.66421041407423,Ipswich (default stadium),False,0,0.0,0,0,0,2,A
220,2025-01-16,Manchester United,Southampton,Premier League,Premier League,1517.3489266087859,1336.0347703274551,11.0,12.0,0.2,0.8,2.0,0.0,0.2,2.6,0.4,0.8,5,291.8406815664775,Manchester United (default stadium),False,0,0.0,0,0,3,1,H
221,2025-01-18,Newcastle United,Bournemouth,Premier League,Premier League,1590.5152467548849,1539.0912294439315,3.0,4.0,1.0,2.8,0.2,0.4,1.6,0.8,0.0,-0.4,5,472.12392823775417,Newcastle United (default stadium),False,0,0.0,0,0,1,4,A
222,2025-01-18,Brentford,Liverpool,Premier League,Premier League,1489.0699445902596,1685.0109466012975,4.0,4.0,0.2,1.6,1.4,0.6,3.4,1.4,0.2,-1.4,5,5318.949465164578,Brentford (default stadium),False,0,0.0,0,0,0,2,A
223,2025-01-18,Leicester City,Fulham,Premier League,Premier League,1400.4652130217623,1517.585306476213,3.0,4.0,0.0,0.4,2.4,0.2,1.6,1.6,0.2,-0.6,5,142.2318025220516,Leicester City (default stadium),False,0,0.0,0,0,0,2,A
224,2025-01-18,West Ham United,Crystal Palace,Premier League,Premier League,1498.024526097697,1509.643507888758,4.0,3.0,0.4,1.2,2.4,0.4,1.2,1.4,0.2,-0.6,5,13.663891147783643,West Ham United (default stadium),False,0,0.0,0,0,0,2,A
225,2025-01-18,Arsenal,Aston Villa,Premier League,Premier League,1680.221285225811,1568.924137685422,3.0,3.0,0.8,2.4,0.8,0.6,1.4,1.4,0.6,0.4,5,161.3294461687896,Arsenal (default stadium),False,0,0.0,0,0,2,2,D
226,2025-01-19,Everton,Tottenham Hotspur,Premier League,Premier League,1458.085336946358,1502.8956780451822,4.0,4.0,0.0,0.2,1.0,0.0,1.4,2.6,0.0,-1.4,5,11688.48360204595,Everton (default stadium),False,0,0.0,0,0,3,2,H
227,2025-01-19,Manchester United,Brighton,Premier League,Premier League,1521.159185699534,1534.9045411414934,3.0,3.0,0.2,1.0,2.0,0.2,1.2,0.8,0.2,-0.6,5,325.25795184878103,Manchester United (default stadium),False,0,0.0,0,0,1,3,A
228,2025-01-19,Nottingham Forest,Southampton,Premier League,Premier League,1553.858049127718,1332.224511236707,5.0,3.0,0.8,1.8,0.2,0.0,0.4,2.2,1.0,1.0,3,227.17042860852223,Nottingham Forest (default stadium),False,0,0.0,0,0,3,2,H
229,2025-01-19,Ipswich,Manchester City,Premier League,Premier League,1448.3539918676333,1639.4813576831712,3.0,5.0,0.2,0.8,1.8,0.4,2.0,1.2,0.0,-3.0,1,275.4298868384115,Ipswich (default stadium),False,0,0.0,0,0,0,6,A
230,2025-01-20,Chelsea,Wolverhampton Wanderers,Premier League,Premier League,1583.8200015807624,1430.2386905457622,6.0,5.0,0.0,0.8,1.4,0.4,1.4,1.6,0.4,0.6,5,9061.62140506431,Chelsea (default stadium),False,0,0.0,0,0,3,1,H
231,2025-01-25,Bournemouth,Nottingham Forest,Premier League,Premier League,1552.450429366579,1557.0031972008444,7.0,6.0,0.4,1.8,1.0,0.8,2.0,0.6,0.4,0.4,5,250.15842293905968,Bournemouth (default stadium),False,0,0.0,0,0,5,0,H
232,2025-01-25,Brighton,Everton,Premier League,Premier League,1546.5096776113787,1467.3615879654626,6.0,6.0,0.4,1.6,0.8,0.2,0.8,1.4,0.4,0.4,5,11640.55138593053,Brighton (default stadium),False,0,0.0,0,0,0,1,A
233,2025-01-25,Liverpool,Ipswich,Premier League,Premier League,1691.5369159124189,1441.7056147852602,7.0,6.0,0.6,2.6,0.8,0.2,0.8,2.2,1.0,2.0,1,5207.768724813521,Liverpool (default stadium),False,0,0.0,0,0,4,1,H
234,2025-01-25,Southampton,Newcastle United,Premier League,Premier League,1329.0793631635806,1577.1560468322373,6.0,7.0,0.0,0.8,2.8,0.8,2.2,1.0,0.0,-1.4,5,452.9404186033056,Southampton (default stadium),False,0,0.0,0,0,1,3,A
235,2025-01-25,Wolverhampton Wanderers,Arsenal,Premier League,Premier League,1425.9115971582944,1675.4302879825445,5.0,7.0,0.2,1.0,2.2,0.6,1.8,1.0,0.0,-2.4,5,9066.534594608813,Wolverhampton Wanderers (default stadium),False,0,0.0,0,0,0,1,A
236,2025-01-25,Manchester City,Chelsea,Premier League,Premier League,1646.1297347655443,1588.1470949682302,6.0,5.0,0.6,3.0,0.8,0.2,1.4,1.6,0.6,0.8,5,260.84692450845216,Manchester City (default stadium),False,0,0.0,0,0,3,1,H
4047,2025-01-25,Kisumu Allstars,Darajani Gogo,National Super League,KPL,1498.012064065815,1491.987935934185,13.0,14.0,0.0,0.0,0.0,0.0,0.0,1.0,0.5,0.0,0,261.4795156736219,Kisumu Allstars (default stadium),False,0,0.0,0,0,1,1,D
4048,2025-01-25,MCF FC,Nairobi United,National Super League,KPL,1498.012064065815,1511.987935934185,13.0,13.0,0.0,1.0,1.0,1.0,2.0,1.0,0.5,0.0,0,7373.092487350851,MCF FC (default stadium),False,0,0.0,0,0,0,1,A
237,2025-01-26,Crystal Palace,Brentford,Premier League,Premier League,1521.308210206584,1482.5439752791383,8.0,8.0,0.6,1.4,0.4,0.2,1.6,1.4,0.2,0.2,5,17.206103782973617,Crystal Palace (default stadium),False,0,0.0,0,0,1,2,A
238,2025-01-26,Tottenham Hotspur,Leicester City,Premier League,Premier League,1493.6194270260776,1391.8131838273903,7.0,8.0,0.0,1.2,2.0,0.0,0.4,2.2,0.6,0.8,5,134.78780460437943,Tottenham Hotspur (default stadium),False,0,0.0,0,0,1,2,A
239,2025-01-26,Aston Villa,West Ham United,Premier League,Premier League,1573.7151349286885,1486.359823779871,8.0,8.0,0.4,1.4,1.6,0.4,1.0,2.6,0.4,0.6,5,167.45755533416937,Aston Villa (default stadium),False,0,0.0,0,0,1,1,D
240,2025-01-26,Fulham,Manchester United,Premier League,Premier League,1526.237335670585,1509.5540492296486,8.0,7.0,0.4,2.0,1.6,0.2,1.2,2.0,0.2,-0.6,5,260.720495981881,Fulham (default stadium),False,0,0.0,0,0,0,1,A
4042,2025-01-26,3K FC,APS Bomet,National Super League,KPL,1488.012064065815,1500.0,15.0,,0.0,0.0,1.0,0.5,0.0,0.0,0.5,0.0,0,1587.916449886282,3K FC (default stadium),False,0,0.0,0,0,1,1,D
4043,2025-01-26,Luanda Villa,Nzoia Sugar,National Super League,KPL,1488.012064065815,1511.987935934185,14.0,15.0,0.0,1.0,2.0,1.0,3.0,2.0,0.5,0.0,0,12571.578965157954,Luanda Villa (default stadium),False,0,0.0,0,0,2,3,A
4044,2025-01-26,Migori Youth FC,Mombasa United FC,National Super League,KPL,1498.012064065815,1501.987935934185,14.0,14.0,0.0,1.0,1.0,0.0,0.0,0.0,0.5,0.0,0,8035.156205482549,Migori Youth FC (default stadium),False,0,0.0,0,0,0,1,A
4045,2025-01-26,Mombasa Stars,Fortune Sacco,National Super League,KPL,1488.012064065815,1501.987935934185,14.0,14.0,0.0,1.0,4.0,0.0,1.0,1.0,0.5,0.0,0,6484.082111723002,Mombasa Stars (default stadium),False,0,0.0,0,0,1,2,A
4046,2025-01-26,Vihiga United,Naivas FC,National Super League,KPL,1508.012064065815,1511.987935934185,15.0,14.0,1.0,2.0,1.0,1.0,4.0,1.0,0.5,0.0,0,118.78194545885684,Vihiga United (default stadium),False,0,0.0,0,0,1,1,D
241,2025-02-01,Nottingham Forest,Brighton,Premier League,Premier League,1548.8649509878787,1532.4624607656656,7.0,7.0,0.6,1.8,1.6,0.4,1.6,1.0,0.2,0.0,5,242.45573977980575,Nottingham Forest (default stadium),False,0,0.0,0,0,7,0,H
242,2025-02-01,Bournemouth,Liverpool,Premier League,Premier League,1560.5886755795448,1694.2753480730726,7.0,7.0,0.6,2.8,1.0,0.6,2.8,0.8,0.2,-3.4,5,5445.991656818437,Bournemouth (default stadium),False,0,0.0,0,0,0,2,A
243,2025-02-01,Everton,Leicester City,Premier League,Premier League,1481.4088048111757,1406.3909761197224,7.0,6.0,0.4,0.8,1.2,0.2,0.6,1.8,0.2,-0.2,5,11692.657159990456,Everton (default stadium),False,0,0.0,0,0,4,0,H
244,2025-02-01,Ipswich,Southampton,Premier League,Premier League,1438.9671826246065,1323.7986277968957,7.0,7.0,0.2,1.0,2.8,0.0,1.0,3.2,0.0,0.0,1,217.169880891397,Ipswich (default stadium),False,0,0.0,0,0,1,2,A
245,2025-02-01,Newcastle United,Fulham,Premier League,Premier League,1582.4367821989222,1513.7929009021882,7.0,6.0,0.8,2.2,1.2,0.2,1.6,1.6,0.8,1.2,5,399.2339499540635,Newcastle United (default stadium),False,0,0.0,0,0,1,2,A
246,2025-02-01,Wolverhampton Wanderers,Aston Villa,Premier League,Premier League,1420.6630592304057,1569.4722951023355,7.0,6.0,0.0,0.6,2.4,0.4,1.6,1.2,0.2,-0.6,5,9215.28796067954,Wolverhampton Wanderers (default stadium),False,0,0.0,0,0,2,0,H
247,2025-02-02,Brentford,Tottenham Hotspur,Premier League,Premier League,1495.5760553399732,1479.0416347337455,7.0,7.0,0.4,2.0,1.6,0.0,1.4,2.2,0.2,-0.2,5,19.90739813763192,Brentford (default stadium),False,0,0.0,0,0,0,2,A
248,2025-02-02,Manchester United,Crystal Palace,Premier League,Premier League,1521.9984839980455,1508.276130145749,7.0,7.0,0.4,1.4,1.6,0.6,1.6,0.8,0.2,-0.8,5,271.155957712397,Manchester United (default stadium),False,0,0.0,0,0,0,2,A
249,2025-02-02,Arsenal,Manchester City,Premier League,Premier League,1680.6788259104333,1652.6041389270663,8.0,8.0,0.6,1.8,1.0,0.8,3.4,0.8,0.2,-0.8,5,256.9000111017041,Arsenal (default stadium),False,0,0.0,0,0,5,1,H
250,2025-02-03,Chelsea,West Ham United,Premier League,Premier League,1581.6726908067083,1490.602663606224,9.0,8.0,0.2,1.4,1.8,0.2,1.0,2.8,0.6,1.4,5,13.657971575674615,Chelsea (default stadium),False,0,0.0,0,0,2,1,H
4039,2025-02-07,Kibera Black Stars,Samwest Blackboots,National Super League,KPL,1511.987935934185,1501.987935934185,27.0,26.0,1.0,1.0,0.0,0.0,1.0,1.0,0.5,0.0,0,4752.4791217381835,Kibera Black Stars (default stadium),False,0,0.0,0,0,4,0,H
4040,2025-02-07,Luanda Villa,MOFA FC.,National Super League,KPL,1476.6950775798823,1508.012064065815,12.0,27.0,0.0,1.5,2.5,1.0,1.0,0.0,0.5,0.0,0,6790.416543079506,Luanda Villa (default stadium),False,0,0.0,0,0,2,1,H
4041,2025-02-07,Migori Youth FC,MCF FC,National Super League,KPL,1486.1342863760249,1486.4133921364557,12.0,13.0,0.0,0.5,1.0,0.0,0.5,1.0,0.5,0.0,0,8256.933237477766,Migori Youth FC (default stadium),False,0,0.0,0,0,1,1,D
4037,2025-02-08,Darajani Gogo,Nairobi United,National Super League,KPL,1494.1418194724313,1523.5866078635443,14.0,14.0,0.0,0.5,1.0,1.0,1.5,0.5,0.5,0.0,0,4.015730039006888,Darajani Gogo (default stadium),False,0,0.0,0,0,0,1,A
4038,2025-02-08,Fortune Sacco,Naivas FC,National Super League,KPL,1513.5866078635443,1513.8657136239751,13.0,13.0,0.5,1.5,1.0,0.5,2.5,1.0,0.5,0.0,0,1123.9201605506014,Fortune Sacco (default stadium),False,0,0.0,0,0,2,4,A
4031,2025-02-09,3K FC,Mombasa Stars,National Super League,KPL,1486.3576886364508,1476.4133921364557,14.0,14.0,0.0,0.5,1.0,0.0,1.0,3.0,0.5,0.0,0,7774.868817502431,3K FC (default stadium),False,0,0.0,0,0,3,1,H
4032,2025-02-09,APS Bomet,Muhoroni Youth,National Super League,KPL,1501.654375429364,1488.012064065815,14.0,29.0,0.0,1.0,1.0,0.0,2.0,3.0,0.5,0.0,0,6426.930294253413,APS Bomet (default stadium),False,0,0.0,0,0,1,0,H
4033,2025-02-09,Kisumu Allstars,MCF FC,National Super League,KPL,1495.8581805275687,1488.393610997864,15.0,2.0,0.0,0.5,0.5,0.0,0.6666666666666666,1.0,0.5,0.0,0,7165.011013772743,Kisumu Allstars (default stadium),False,0,0.0,0,0,0,0,D
4034,2025-02-09,Migori Youth FC,Vihiga United,National Super League,KPL,1484.1540675146166,1506.1342863760249,2.0,14.0,0.0,0.6666666666666666,1.0,0.5,1.5,1.0,0.5,0.0,0,8073.90202176115,Migori Youth FC (default stadium),False,0,0.0,0,0,0,0,D
4035,2025-02-09,Mombasa United FC,MOFA FC.,National Super League,KPL,1513.8657136239751,1499.1208727684912,14.0,2.0,0.5,0.5,0.0,0.5,1.0,1.0,0.5,0.0,0,139.52162418786276,Mombasa United FC (default stadium),False,0,0.0,0,0,2,0,H
4036,2025-02-09,Nzoia Sugar,SS Assad,National Super League,KPL,1523.3049224201177,1491.987935934185,14.0,29.0,1.0,3.0,2.0,0.0,1.0,2.0,0.5,0.0,0,8324.451152217971,Nzoia Sugar (default stadium),False,0,0.0,0,0,6,0,H
251,2025-02-12,Everton,Liverpool,Premier League,Premier League,1487.461470035989,1702.4625566491136,11.0,11.0,0.6,1.6,0.8,0.6,2.2,0.8,0.2,-0.8,5,16451.58764038487,Everton (default stadium),True,0,0.0,0,0,2,2,D
252,2025-02-14,Brighton,Chelsea,Premier League,Premier League,1524.8992949878436,1587.342579148863,13.0,11.0,0.4,1.2,2.0,0.4,1.8,1.6,0.4,0.0,5,69.35066034154319,Brighton (default stadium),False,0,0.0,0,0,3,0,H
253,2025-02-15,Leicester City,Arsenal,Premier League,Premier League,1400.3383108949092,1687.9286711805594,14.0,13.0,0.2,0.6,2.2,0.6,2.2,1.0,0.0,-1.8,5,137.93652464122155,Leicester City (default stadium),False,0,0.0,0,0,0,2,A
254,2025-02-15,Aston Villa,Ipswich,Premier League,Premier League,1557.242101989362,1424.090793534015,14.0,14.0,0.4,1.2,1.2,0.0,0.8,3.2,0.0,0.0,1,212.21966938517173,Aston Villa (default stadium),False,0,0.0,0,0,1,1,D
255,2025-02-15,Fulham,Nottingham Forest,Premier League,Premier League,1527.5842518986115,1556.4281167657007,14.0,14.0,0.4,1.6,1.4,0.6,2.8,1.6,0.8,1.4,5,174.6818273775839,Fulham (default stadium),False,0,0.0,0,0,2,1,H
256,2025-02-15,Manchester City,Newcastle United,Premier League,Premier League,1645.3542936569402,1568.645431202499,13.0,14.0,0.6,3.2,1.8,0.6,2.0,1.6,0.6,0.8,5,171.2592358971847,Manchester City (default stadium),False,0,0.0,0,0,4,0,H
257,2025-02-15,Southampton,Bournemouth,Premier League,Premier League,1338.6750168874873,1552.4014670035037,14.0,14.0,0.2,1.2,3.0,0.6,2.4,1.0,0.4,-0.4,5,36.717522209000165,Southampton (default stadium),False,0,0.0,0,0,1,3,A
258,2025-02-15,West Ham United,Brentford,Premier League,Premier League,1484.9327752640693,1483.1356496742628,12.0,13.0,0.2,1.2,2.2,0.4,1.8,1.4,0.2,-0.6,5,19.65105251639675,West Ham United (default stadium),False,0,0.0,0,0,0,1,A
259,2025-02-15,Crystal Palace,Everton,Premier League,Premier League,1520.640269361731,1491.4083980109262,13.0,3.0,0.6,1.6,0.6,0.6,2.0,1.0,0.0,-1.0,5,11676.66690896838,Crystal Palace (default stadium),False,0,0.0,0,0,1,2,A
4028,2025-02-15,Mombasa Stars,APS Bomet,National Super League,KPL,1468.6746072960618,1509.2924113764484,6.0,6.0,0.0,1.0,3.0,0.5,1.0,0.5,0.5,0.0,0,6926.384416898369,Mombasa Stars (default stadium),False,0,0.0,0,0,0,0,D
4029,2025-02-15,Nairobi United,Kisumu Allstars,National Super League,KPL,1534.7486079551747,1493.6647966354906,7.0,6.0,1.0,1.3333333333333333,0.3333333333333333,0.0,0.3333333333333333,0.3333333333333333,0.5,0.0,0,264.5226070869048,Nairobi United (default stadium),False,0,0.0,0,0,0,0,D
4030,2025-02-15,Naivas FC,Migori Youth FC,National Super League,KPL,1525.8459324853834,1482.7806810646073,7.0,6.0,0.6666666666666666,3.0,1.3333333333333333,0.0,0.5,0.75,0.5,0.0,0,8165.920079364956,Naivas FC (default stadium),False,0,0.0,0,0,0,1,A
260,2025-02-16,Liverpool,Wolverhampton Wanderers,Premier League,Premier League,1698.5156286741762,1432.8932523433791,4.0,15.0,0.6,2.2,0.8,0.2,0.6,2.0,0.8,0.8,5,8518.872327710977,Liverpool (default stadium),False,0,0.0,0,0,2,1,H
261,2025-02-16,Tottenham Hotspur,Manchester United,Premier League,Premier League,1491.4820403994559,1509.6343447820634,14.0,14.0,0.2,1.4,1.8,0.4,1.4,1.6,0.4,0.6,5,253.91120185713115,Tottenham Hotspur (default stadium),False,0,0.0,0,0,1,0,H
262,2025-02-19,Aston Villa,Liverpool,Premier League,Premier League,1551.9812519697407,1701.0462212663642,4.0,3.0,0.2,1.0,1.2,0.8,2.4,0.8,0.0,-1.4,5,5394.758205947946,Aston Villa (default stadium),False,0,0.0,0,0,2,2,D
263,2025-02-21,Leicester City,Brentford,Premier League,Premier League,1395.893132985047,1495.1732154336448,6.0,6.0,0.2,0.4,2.2,0.4,1.0,1.4,0.4,-0.2,5,138.5020510473538,Leicester City (default stadium),False,0,0.0,0,0,0,4,A
264,2025-02-22,Everton,Manchester United,Premier League,Premier League,1504.1893118126,1501.1156616522217,7.0,6.0,0.8,2.4,1.0,0.4,1.0,1.4,0.0,-2.4,5,11690.468746176242,Everton (default stadium),False,0,0.0,0,0,2,2,D
265,2025-02-22,Arsenal,West Ham United,Premier League,Premier League,1692.3738490904216,1472.8952095046873,7.0,7.0,0.8,2.4,0.8,0.2,1.0,1.6,0.6,1.8,5,6.7390655013334415,Arsenal (default stadium),False,0,0.0,0,0,0,1,A
266,2025-02-22,Bournemouth,Wolverhampton Wanderers,Premier League,Premier League,1558.4855556020368,1430.3626597511911,7.0,6.0,0.6,2.8,1.2,0.2,0.8,1.8,0.6,0.6,5,9037.88842912415,Bournemouth (default stadium),False,0,0.0,0,0,0,1,A
267,2025-02-22,Fulham,Crystal Palace,Premier League,Premier League,1536.4051928209624,1507.8593555600573,7.0,7.0,0.6,1.6,1.2,0.6,1.6,0.8,0.4,1.0,5,11.049065852200664,Fulham (default stadium),False,0,0.0,0,0,0,2,A
268,2025-02-22,Ipswich,Tottenham Hotspur,Premier League,Premier League,1429.3516435536362,1500.0007235292976,7.0,6.0,0.0,0.6,3.0,0.4,1.4,1.4,1.0,1.0,1,97.17924263016836,Ipswich (default stadium),False,0,0.0,0,0,1,4,A
269,2025-02-22,Southampton,Brighton,Premier League,Premier League,1332.5909282889543,1534.68182951274,7.0,8.0,0.2,1.4,2.6,0.6,1.6,1.8,0.0,-0.8,5,91.83331837808883,Southampton (default stadium),False,0,0.0,0,0,0,4,A
270,2025-02-22,Aston Villa,Chelsea,Premier League,Premier League,1554.218438434439,1577.5600446239666,3.0,8.0,0.0,1.2,1.6,0.4,1.6,2.0,0.4,-0.4,5,162.80441844458147,Aston Villa (default stadium),False,0,0.0,0,0,2,1,H
271,2025-02-23,Newcastle United,Nottingham Forest,Premier League,Premier League,1562.6337749468382,1547.6071758433498,8.0,8.0,0.4,1.6,2.2,0.4,2.4,2.0,0.8,0.8,5,228.00744375255695,Newcastle United (default stadium),False,0,0.0,0,0,4,3,H
272,2025-02-23,Manchester City,Liverpool,Premier League,Premier League,1651.3659499126009,1698.809034801666,8.0,4.0,0.6,3.2,1.6,0.6,2.4,1.2,0.2,0.0,5,5387.234837982907,Manchester City (default stadium),False,0,0.0,0,0,0,2,A
273,2025-02-25,Brighton,Bournemouth,Premier League,Premier League,1541.0531207544955,1543.330174526832,3.0,3.0,0.6,2.0,1.8,0.6,2.4,1.0,0.8,0.6,5,124.11226270743967,Brighton (default stadium),False,0,0.0,0,0,2,1,H
274,2025-02-25,Crystal Palace,Aston Villa,Premier League,Premier League,1520.6220407536389,1562.8835172821048,3.0,3.0,0.6,1.6,0.8,0.2,1.2,1.4,0.4,0.8,5,173.6948405935728,Crystal Palace (default stadium),False,0,0.0,0,0,4,1,H
275,2025-02-25,Wolverhampton Wanderers,Fulham,Premier League,Premier League,1445.518040826396,1523.6425076273808,3.0,3.0,0.4,1.0,1.2,0.6,1.2,1.0,0.4,0.6,5,9061.751294434785,Wolverhampton Wanderers (default stadium),False,0,0.0,0,0,1,2,A
276,2025-02-25,Chelsea,Southampton,Premier League,Premier League,1568.8949657763008,1326.2196370471988,3.0,3.0,0.4,1.4,2.0,0.2,1.2,2.8,0.6,2.0,5,105.31037742874952,Chelsea (default stadium),False,0,0.0,0,0,4,0,H
277,2025-02-26,Brentford,Everton,Premier League,Premier League,1504.3324564018717,1502.1165566051582,5.0,4.0,0.6,1.4,1.0,0.6,2.2,1.0,0.0,-0.8,5,11668.64261603479,Brentford (default stadium),False,0,0.0,0,0,1,1,D
278,2025-02-26,Manchester United,Ipswich,Premier League,Premier League,1503.1884168596634,1419.3703255553532,4.0,4.0,0.2,0.8,1.6,0.0,0.8,3.4,0.0,0.0,1,275.4298868384115,Manchester United (default stadium),False,0,0.0,0,0,3,2,H
279,2025-02-26,Nottingham Forest,Arsenal,Premier League,Premier League,1540.0067245401926,1675.552016116839,3.0,4.0,0.4,2.8,2.6,0.6,2.0,0.8,0.2,-1.8,5,169.48736406304167,Nottingham Forest (default stadium),False,0,0.0,0,0,0,0,D
280,2025-02-26,Tottenham Hotspur,Manchester City,Premier League,Premier League,1509.9820415275806,1640.7176203814952,4.0,3.0,0.6,2.0,1.2,0.6,2.8,1.6,0.4,0.2,5,253.91120185713115,Tottenham Hotspur (default stadium),False,0,0.0,0,0,0,1,A
281,2025-02-26,Liverpool,Newcastle United,Premier League,Premier League,1709.4573643327717,1570.2342262499953,3.0,3.0,0.6,2.0,1.0,0.4,1.8,2.8,0.8,1.2,5,5307.58997068219,Liverpool (default stadium),False,0,0.0,0,0,2,0,H
282,2025-02-27,West Ham United,Leicester City,Premier League,Premier League,1489.7170424782698,1386.7338920168202,5.0,6.0,0.2,0.6,1.2,0.2,0.4,2.6,0.2,-0.4,5,142.949836877498,West Ham United (default stadium),False,0,0.0,0,0,2,0,H
283,2025-03-08,Nottingham Forest,Manchester City,Premier League,Premier League,1541.871202733555,1648.9871016768227,10.0,10.0,0.2,2.2,2.2,0.6,1.8,1.6,0.0,-2.6,5,92.84061611811964,Nottingham Forest (default stadium),False,0,0.0,0,0,1,0,H
284,2025-03-08,Brighton,Fulham,Premier League,Premier League,1549.1282148899932,1533.4087092889051,11.0,11.0,0.6,1.8,1.8,0.6,1.2,1.2,0.0,-1.4,5,69.48390935697866,Brighton (default stadium),False,0,0.0,0,0,2,1,H
285,2025-03-08,Crystal Palace,Ipswich,Premier League,Premier League,1529.8253538692284,1413.529324153255,11.0,10.0,0.6,2.0,1.0,0.0,1.2,2.8,1.0,1.0,1,109.48338153904736,Crystal Palace (default stadium),False,0,0.0,0,0,1,0,H
286,2025-03-08,Liverpool,Southampton,Premier League,Premier League,1714.0712849941933,1323.3823817218238,10.0,11.0,0.6,2.0,1.0,0.2,0.8,3.0,0.8,1.6,5,5410.461987095733,Liverpool (default stadium),False,0,0.0,0,0,3,1,H
287,2025-03-08,Brentford,Aston Villa,Premier League,Premier League,1502.28334060748,1553.6802041665153,10.0,11.0,0.6,1.6,0.8,0.2,1.2,2.0,0.0,-1.4,5,157.35324894635983,Brentford (default stadium),False,0,0.0,0,0,0,1,A
288,2025-03-08,Wolverhampton Wanderers,Everton,Premier League,Premier League,1435.7518391648716,1504.1656723995497,11.0,10.0,0.4,1.0,1.0,0.4,2.2,1.2,0.6,0.2,5,9274.580162181222,Wolverhampton Wanderers (default stadium),False,0,0.0,0,0,1,1,D
4027,2025-03-08,Naivas FC,Nzoia Sugar,National Super League,KPL,1512.7018662206142,1530.4687283098344,21.0,27.0,0.5,2.25,1.25,1.0,4.0,1.3333333333333333,0.5,0.0,0,8217.794621914012,Naivas FC (default stadium),False,0,0.0,0,0,3,1,H
289,2025-03-09,Chelsea,Leicester City,Premier League,Premier League,1571.7322211016758,1381.3384181440185,12.0,10.0,0.4,1.6,1.8,0.2,0.4,2.6,0.8,1.4,5,142.36087796503557,Chelsea (default stadium),False,0,0.0,0,0,1,0,H
290,2025-03-09,Tottenham Hotspur,Bournemouth,Premier League,Premier League,1501.712560232253,1535.2550803913343,11.0,12.0,0.6,1.6,0.8,0.4,1.8,1.2,0.6,0.6,5,156.84013393890496,Tottenham Hotspur (default stadium),False,0,0.0,0,0,2,2,D
291,2025-03-09,Manchester United,Arsenal,Premier League,Premier League,1509.0294182617617,1673.6875379234766,11.0,11.0,0.4,1.2,1.4,0.6,1.6,0.4,0.2,-0.8,5,256.9000111017041,Manchester United (default stadium),False,0,0.0,0,0,1,1,D
4022,2025-03-09,MCF FC,Kibera Black Stars,National Super League,KPL,1490.5869948899422,1519.7251995311221,28.0,30.0,0.0,0.5,0.75,1.0,2.5,0.0,0.5,0.0,0,3093.4995210290313,MCF FC (default stadium),False,0,0.0,0,0,2,0,H
4023,2025-03-09,Mombasa Stars,Migori Youth FC,National Super League,KPL,1467.8309300500473,1495.9247473293765,22.0,22.0,0.0,0.75,2.25,0.2,0.6,0.6,0.5,0.0,0,4399.3916433492695,Mombasa Stars (default stadium),False,0,0.0,0,0,1,2,A
4024,2025-03-09,SS Assad,Mombasa United FC,National Super League,KPL,1484.8241300444683,1521.4738091268246,28.0,28.0,0.0,0.5,4.0,0.6666666666666666,1.0,0.0,0.5,0.0,0,32.58418890823702,SS Assad (default stadium),False,0,0.0,0,0,2,3,A
4025,2025-03-09,Samwest Blackboots,Luanda Villa,National Super League,KPL,1494.250672337248,1485.5862688772058,30.0,30.0,0.0,0.5,2.5,0.3333333333333333,1.6666666666666667,2.0,0.5,0.0,0,2739.1218118150564,Samwest Blackboots (default stadium),False,0,0.0,0,0,1,1,D
4026,2025-03-09,Vihiga United,Kisumu Allstars,National Super League,KPL,1507.5076728260342,1496.7573782572647,28.0,22.0,0.3333333333333333,1.0,0.6666666666666666,0.0,0.25,0.25,0.5,0.0,0,6602.334239366613,Vihiga United (default stadium),False,0,0.0,0,0,1,1,D
292,2025-03-10,West Ham United,Newcastle United,Premier League,Premier League,1495.1125163510715,1565.6203055885737,11.0,12.0,0.4,1.0,0.8,0.4,1.6,2.4,0.2,-0.6,5,396.1921830254467,West Ham United (default stadium),False,0,0.0,0,0,0,1,A
4020,2025-03-12,MOFA FC.,APS Bomet,National Super League,KPL,1491.5127772656417,1510.136088622463,31.0,25.0,0.3333333333333333,0.6666666666666666,1.3333333333333333,0.3333333333333333,0.6666666666666666,0.3333333333333333,0.5,0.0,0,1789.6348652426218,MOFA FC. (default stadium),False,0,0.0,0,0,0,1,A
4021,2025-03-12,Nairobi United,Fortune Sacco,National Super League,KPL,1531.6560263334006,1501.606389002136,25.0,32.0,0.75,1.0,0.25,0.3333333333333333,1.6666666666666667,2.0,0.5,0.0,0,6096.499410048747,Nairobi United (default stadium),False,0,0.0,0,0,4,3,H
4019,2025-03-14,Kibera Black Stars,Naivas FC,National Super League,KPL,1510.8959037695397,1521.2097006506244,5.0,6.0,0.6666666666666666,1.6666666666666667,0.6666666666666666,0.6,2.4,1.2,0.5,0.0,0,2876.0647797106594,Kibera Black Stars (default stadium),False,0,0.0,0,0,0,1,A
293,2025-03-15,Everton,West Ham United,Premier League,Premier League,1504.2113256317352,1485.127131689773,7.0,5.0,0.2,1.6,1.4,0.4,0.8,0.8,0.4,-0.4,5,11687.188342303432,Everton (default stadium),False,0,0.0,0,0,1,1,D
294,2025-03-15,Ipswich,Nottingham Forest,Premier League,Premier League,1408.4304087550338,1552.935438811981,7.0,7.0,0.0,1.0,2.2,0.4,2.4,1.2,0.0,-1.0,1,183.36268186228668,Ipswich (default stadium),False,0,0.0,0,0,2,4,A
295,2025-03-15,Manchester City,Brighton,Premier League,Premier League,1637.9228655983968,1556.709880066917,7.0,7.0,0.4,1.2,1.6,0.8,2.2,1.8,0.6,1.2,5,325.25795184878103,Manchester City (default stadium),False,0,0.0,0,0,2,2,D
296,2025-03-15,Southampton,Wolverhampton Wanderers,Premier League,Premier League,1322.0649890941838,1435.7061859326861,7.0,7.0,0.2,0.8,3.0,0.4,1.2,1.0,0.0,-1.4,5,9040.708255581369,Southampton (default stadium),False,0,0.0,0,0,1,2,A
297,2025-03-15,Bournemouth,Brentford,Premier League,Premier League,1536.3005765243163,1491.7484104119605,6.0,7.0,0.2,1.2,1.6,0.4,1.2,0.8,0.0,-0.8,5,136.94523910617087,Bournemouth (default stadium),False,0,0.0,0,0,1,2,A
4016,2025-03-15,Darajani Gogo,Vihiga United,National Super League,KPL,1482.9798193808008,1505.2244569181119,35.0,6.0,0.0,0.3333333333333333,1.0,0.25,1.0,0.75,0.5,0.0,0,6818.099916083013,Darajani Gogo (default stadium),False,0,0.0,0,0,2,1,H
4017,2025-03-15,Mombasa United FC,Mombasa Stars,National Super League,KPL,1532.4307711568422,1456.6305884312953,6.0,6.0,0.75,1.5,0.5,0.0,0.8,2.2,0.5,0.0,0,7183.8433694796795,Mombasa United FC (default stadium),False,0,0.0,0,0,0,1,A
4018,2025-03-15,Nzoia Sugar,Samwest Blackboots,National Super League,KPL,1521.9608938798242,1492.0244408674523,7.0,6.0,0.75,3.25,1.75,0.0,0.6666666666666666,2.0,0.5,0.0,0,14461.753037372988,Nzoia Sugar (default stadium),False,0,0.0,0,0,3,3,D
298,2025-03-16,Arsenal,Chelsea,Premier League,Premier League,1671.0285259047234,1575.3838729883885,7.0,7.0,0.4,1.6,0.6,0.6,1.6,1.2,0.6,1.6,5,9.950774202617763,Arsenal (default stadium),False,0,0.0,0,0,1,0,H
299,2025-03-16,Fulham,Tottenham Hotspur,Premier League,Premier League,1525.8270441119812,1500.667064099271,8.0,7.0,0.6,1.4,1.4,0.6,1.8,0.8,0.2,-0.2,5,16.0284942511911,Fulham (default stadium),False,0,0.0,0,0,2,0,H
300,2025-03-16,Leicester City,Manchester United,Premier League,Premier League,1377.6867662573059,1511.688430280515,7.0,7.0,0.0,0.0,2.6,0.2,1.2,1.6,0.2,-1.0,5,119.18446031803153,Leicester City (default stadium),False,0,0.0,0,0,0,3,A
4012,2025-03-16,APS Bomet,Nairobi United,National Super League,KPL,1521.6041436410435,1538.8534098251298,4.0,4.0,0.5,0.75,0.25,0.8,1.6,0.8,0.5,0.0,0,6577.170500968459,APS Bomet (default stadium),False,0,0.0,0,0,0,0,D
4013,2025-03-16,Fortune Sacco,SS Assad,National Super League,KPL,1494.4090055104068,1473.8671680144507,4.0,7.0,0.25,2.0,2.5,0.0,1.0,3.6666666666666665,0.5,0.0,0,979.9543892854721,Fortune Sacco (default stadium),False,0,0.0,0,0,2,2,D
4014,2025-03-16,Luanda Villa,MCF FC,National Super League,KPL,1487.8125003470016,1499.4162906515246,7.0,7.0,0.25,1.5,1.75,0.2,0.8,0.6,0.5,0.0,0,7471.902624360378,Luanda Villa (default stadium),False,0,0.0,0,0,0,0,D
4015,2025-03-16,Migori Youth FC,MOFA FC.,National Super League,KPL,1507.1250889481285,1480.0447222470611,7.0,4.0,0.4,0.8,0.6,0.25,0.5,1.25,0.5,0.0,0,8165.920079364956,Migori Youth FC (default stadium),False,0,0.0,0,0,1,1,D
4007,2025-03-22,MCF FC,Kisumu Allstars,National Super League,KPL,1501.0814180952739,1499.040594165187,6.0,13.0,0.2,0.6,0.4,0.0,0.4,0.4,0.0,0.0,1,7165.011013772743,MCF FC (default stadium),False,0,0.0,0,0,1,0,H
4008,2025-03-22,MOFA FC.,Mombasa United FC,National Super League,KPL,1482.768401916646,1518.464443961106,6.0,7.0,0.2,0.6,1.2,0.6,1.2,0.6,0.0,-2.0,1,139.52162418786276,MOFA FC. (default stadium),False,0,0.0,0,0,1,0,H
4009,2025-03-22,Mombasa Stars,3K FC,National Super League,KPL,1470.5969156270314,1494.0964734768447,7.0,41.0,0.2,0.8,1.4,0.3333333333333333,1.3333333333333333,1.0,0.0,-2.0,1,7774.868817502431,Mombasa Stars (default stadium),False,0,0.0,0,0,2,3,A
4010,2025-03-22,Nairobi United,Darajani Gogo,National Super League,KPL,1540.3601380509149,1491.6139007411246,6.0,7.0,0.6,1.2,0.6,0.25,0.75,1.0,1.0,1.0,1,4.015730039006888,Nairobi United (default stadium),False,0,0.0,0,0,4,1,H
4011,2025-03-22,Naivas FC,Fortune Sacco,National Super League,KPL,1532.9109051625899,1491.86043570352,8.0,6.0,0.6,1.8,1.0,0.2,2.0,2.4,1.0,2.0,1,1123.9201605506014,Naivas FC (default stadium),False,0,0.0,0,0,1,0,H
4004,2025-03-23,SS Assad,Nzoia Sugar,National Super League,KPL,1476.4157378213376,1519.1612794703583,7.0,8.0,0.0,1.25,3.25,0.6,3.2,2.0,0.0,-6.0,1,8324.451152217971,SS Assad (default stadium),False,0,0.0,0,0,2,0,H
4005,2025-03-23,Samwest Blackboots,Kibera Black Stars,National Super League,KPL,1494.8240552769182,1499.1946992575743,8.0,9.0,0.0,1.25,2.25,0.5,1.25,0.75,0.0,-4.0,1,4752.4791217381835,Samwest Blackboots (default stadium),False,0,0.0,0,0,0,1,A
4006,2025-03-23,Vihiga United,Migori Youth FC,National Super League,KPL,1496.590375557788,1504.4014092785435,8.0,7.0,0.2,1.0,1.0,0.4,1.0,0.6,0.0,0.0,1,8073.90202176115,Vihiga United (default stadium),False,0,0.0,0,0,2,0,H
301,2025-04-01,Arsenal,Fulham,Premier League,Premier League,1676.5920461602088,1533.1546138445458,16.0,16.0,0.4,0.8,0.4,0.6,1.4,1.2,0.4,0.6,5,9.859134784019956,Arsenal (default stadium),False,0,0.0,0,0,2,1,H
302,2025-04-01,Wolverhampton Wanderers,West Ham United,Premier League,Premier League,1444.4566559995524,1487.63643040561,17.0,17.0,0.4,1.2,1.2,0.4,0.8,0.6,0.2,-1.2,5,9062.016054164233,Wolverhampton Wanderers (default stadium),False,0,0.0,0,0,1,0,H
303,2025-04-01,Nottingham Forest,Manchester United,Premier League,Premier League,1560.8232890567167,1519.8668720489109,17.0,16.0,0.4,1.8,1.6,0.4,1.8,1.2,0.4,-0.8,5,92.84061611811964,Nottingham Forest (default stadium),False,0,0.0,0,0,1,0,H
304,2025-04-02,Bournemouth,Ipswich,Premier League,Premier League,1523.1179960063998,1400.542558510298,18.0,18.0,0.2,1.4,1.6,0.0,1.2,2.6,1.0,1.0,1,253.71102121569086,Bournemouth (default stadium),False,0,0.0,0,0,1,2,A
305,2025-04-02,Brighton,Aston Villa,Premier League,Premier League,1560.8066745387341,1564.2151343620349,18.0,25.0,0.8,2.6,0.8,0.4,1.4,1.6,0.2,-1.2,5,221.3083143577021,Brighton (default stadium),False,0,0.0,0,0,0,3,A
306,2025-04-02,Manchester City,Leicester City,Premier League,Premier League,1633.8260711265798,1369.50832448891,18.0,17.0,0.4,1.4,1.0,0.0,0.0,2.4,1.0,1.8,5,119.18446031803153,Manchester City (default stadium),False,0,0.0,0,0,2,0,H
307,2025-04-02,Newcastle United,Brentford,Premier League,Premier League,1575.6056902498722,1504.930990929877,23.0,18.0,0.4,1.2,2.2,0.6,1.6,0.6,0.8,1.2,5,396.9342267120026,Newcastle United (default stadium),False,0,0.0,0,0,2,1,H
308,2025-04-02,Southampton,Crystal Palace,Premier League,Premier League,1313.3145190273176,1534.9242692674495,18.0,25.0,0.0,0.6,3.2,0.8,2.0,0.6,0.0,-1.0,5,108.42688407911376,Southampton (default stadium),False,0,0.0,0,0,1,1,D
309,2025-04-02,Liverpool,Everton,Premier League,Premier League,1715.3886776218333,1501.7020269158982,25.0,18.0,0.8,2.2,0.8,0.2,1.4,1.2,0.4,0.4,5,16451.58764038487,Liverpool (default stadium),True,0,0.0,0,0,1,0,H
310,2025-04-03,Chelsea,Tottenham Hotspur,Premier League,Premier League,1569.820352732903,1493.3394943667065,18.0,18.0,0.4,1.2,1.2,0.4,1.4,1.2,0.6,0.8,5,16.124829392275434,Chelsea (default stadium),True,0,0.0,0,0,1,0,H
311,2025-04-05,Everton,Arsenal,Premier League,Premier League,1498.4337172937578,1681.1204208825907,3.0,4.0,0.0,1.0,1.2,0.4,0.8,0.6,0.2,-1.0,5,11682.978134396302,Everton (default stadium),False,0,0.0,0,0,1,1,D
312,2025-04-05,Crystal Palace,Brighton,Premier League,Premier League,1530.8179761062684,1548.9131461160198,3.0,3.0,0.6,1.8,0.8,0.6,2.0,1.4,0.2,-0.4,5,62.01282292846458,Crystal Palace (default stadium),False,0,0.0,0,0,2,1,H
313,2025-04-05,Ipswich,Wolverhampton Wanderers,Premier League,Premier League,1415.5797446884949,1453.686237564342,3.0,4.0,0.2,1.4,2.6,0.6,1.2,0.8,1.0,1.0,1,9080.83684954866,Ipswich (default stadium),False,0,0.0,0,0,1,2,A
314,2025-04-05,West Ham United,Bournemouth,Premier League,Premier League,1478.4068488408204,1508.080809828203,4.0,3.0,0.4,0.8,0.6,0.0,1.0,1.8,0.4,1.2,5,155.36167637292584,West Ham United (default stadium),False,0,0.0,0,0,2,2,D
315,2025-04-05,Aston Villa,Nottingham Forest,Premier League,Premier League,1576.1086627847492,1567.7340238281834,3.0,4.0,0.6,1.8,1.4,0.6,1.8,1.2,0.4,0.2,5,69.71644875247998,Aston Villa (default stadium),False,0,0.0,0,0,2,1,H
4003,2025-04-05,Mombasa United FC,APS Bomet,National Super League,KPL,1509.4485953002966,1520.0974154152584,14.0,20.0,0.6,1.2,0.8,0.4,0.6,0.2,0.5,0.0,0,1654.5258644404907,Mombasa United FC (default stadium),False,0,0.0,0,0,0,0,D
316,2025-04-06,Brentford,Chelsea,Premier League,Premier League,1498.7722802911026,1575.8375290307154,4.0,3.0,0.4,1.6,1.0,0.6,1.4,0.6,0.4,0.6,5,6.86640159913343,Brentford (default stadium),False,0,0.0,0,0,0,0,D
317,2025-04-06,Fulham,Liverpool,Premier League,Premier League,1528.626239122164,1718.6569872439736,5.0,4.0,0.4,1.2,1.4,0.8,2.0,0.6,0.0,-0.8,5,5312.6474190647505,Fulham (default stadium),False,0,0.0,0,0,3,2,H
318,2025-04-06,Tottenham Hotspur,Southampton,Premier League,Premier League,1487.3223180688942,1317.4208121884988,3.0,4.0,0.2,1.2,1.4,0.0,0.6,2.8,0.4,1.4,5,120.5232777621848,Tottenham Hotspur (default stadium),False,0,0.0,0,0,3,1,H
319,2025-04-06,Manchester United,Manchester City,Premier League,Premier League,1512.9561372774442,1636.3733105329545,5.0,4.0,0.4,1.8,1.2,0.4,1.0,1.0,0.4,-1.2,5,0.0,Manchester United (default stadium),True,0,0.0,0,0,0,0,D
3998,2025-04-06,3K FC,Kisumu Allstars,National Super League,KPL,1505.4269291584505,1491.0848819580103,15.0,15.0,0.5,1.75,1.25,0.0,0.4,0.6,0.5,0.0,0,7165.011013772743,3K FC (default stadium),False,0,0.0,0,0,3,1,H
3999,2025-04-06,Fortune Sacco,Nzoia Sugar,National Super League,KPL,1484.9521494257244,1509.944120743812,15.0,14.0,0.2,1.8,2.4,0.4,2.6,2.0,0.5,0.0,0,9251.815315330861,Fortune Sacco (default stadium),False,0,0.0,0,0,4,0,H
4000,2025-04-06,Migori Youth FC,Darajani Gogo,National Super League,KPL,1496.1724775089144,1484.9045488915353,14.0,15.0,0.4,0.8,0.8,0.2,0.8,1.6,0.5,0.0,0,4587.873885274415,Migori Youth FC (default stadium),False,0,0.0,0,0,0,0,D
4001,2025-04-06,Nairobi United,Mombasa Stars,National Super League,KPL,1547.069489900504,1459.2664599454256,15.0,15.0,0.6,1.8,0.8,0.2,1.0,1.6,0.5,0.0,0,438.7327479621807,Nairobi United (default stadium),False,0,0.0,0,0,6,2,H
4002,2025-04-06,Vihiga United,MCF FC,National Super League,KPL,1504.8193073274172,1509.0371303024506,14.0,15.0,0.2,1.0,0.8,0.4,0.8,0.2,0.5,0.0,0,640.5026437895646,Vihiga United (default stadium),False,0,0.0,0,0,1,0,H
320,2025-04-07,Leicester City,Newcastle United,Premier League,Premier League,1366.9610850825352,1581.7644008886466,5.0,5.0,0.0,0.0,2.4,0.6,1.4,2.0,0.2,-0.8,5,263.6083592563879,Leicester City (default stadium),False,0,0.0,0,0,0,3,A
321,2025-04-12,Manchester City,Crystal Palace,Premier League,Premier League,1634.8478415455331,1539.3350509002307,6.0,7.0,0.4,1.0,0.6,0.8,2.0,0.6,0.6,1.0,5,271.155957712397,Manchester City (default stadium),False,0,0.0,0,0,5,2,H
322,2025-04-12,Brighton,Leicester City,Premier League,Premier League,1540.3960713220574,1360.9032064370813,7.0,5.0,0.4,1.4,1.8,0.0,0.0,2.2,0.4,0.8,5,208.7110806263465,Brighton (default stadium),False,0,0.0,0,0,2,2,D
323,2025-04-12,Nottingham Forest,Everton,Premier League,Premier League,1559.952327078847,1501.5679617504818,7.0,7.0,0.6,1.4,0.8,0.0,0.8,1.0,0.2,-0.2,5,11713.508448712575,Nottingham Forest (default stadium),False,0,0.0,0,0,0,1,A
324,2025-04-12,Southampton,Aston Villa,Premier League,Premier League,1313.4037922084535,1583.8903595340855,6.0,7.0,0.0,0.8,2.6,0.8,1.8,1.2,0.2,-1.2,5,181.49627866409335,Southampton (default stadium),False,0,0.0,0,0,0,3,A
325,2025-04-12,Arsenal,Brentford,Premier League,Premier League,1677.9861764258667,1498.9756064700891,7.0,6.0,0.4,1.0,0.6,0.2,0.8,1.0,0.8,1.4,5,14.388544946146704,Arsenal (default stadium),False,0,0.0,0,0,1,1,D
3995,2025-04-12,Kisumu Allstars,Naivas FC,National Super League,KPL,1483.4658533735908,1539.8191914403853,6.0,21.0,0.0,0.4,1.0,0.8,1.8,0.8,0.5,0.0,0,6614.868558454707,Kisumu Allstars (default stadium),False,0,0.0,0,0,1,0,H
3996,2025-04-12,MCF FC,Nzoia Sugar,National Super League,KPL,1500.9081887530062,1501.2323577983718,6.0,6.0,0.4,0.6,0.2,0.2,2.0,2.4,0.5,0.0,0,7916.992273460105,MCF FC (default stadium),False,0,0.0,0,0,4,0,H
3997,2025-04-12,Mombasa Stars,Darajani Gogo,National Super League,KPL,1453.5198606082113,1487.2018820116382,6.0,6.0,0.2,1.2,2.2,0.2,0.8,1.4,0.5,0.0,0,441.0921981152041,Mombasa Stars (default stadium),False,0,0.0,0,0,3,0,H
326,2025-04-13,Chelsea,Ipswich,Premier League,Premier League,1575.6342028517288,1404.6643455745973,7.0,8.0,0.6,1.2,0.2,0.2,1.4,2.2,0.0,-2.0,1,111.88362495735197,Chelsea (default stadium),False,0,0.0,0,0,2,2,D
327,2025-04-13,Liverpool,West Ham United,Premier League,Premier League,1705.3334114857798,1477.2513563008831,7.0,8.0,0.8,2.0,0.8,0.2,1.0,1.0,0.8,1.8,5,5299.298724106387,Liverpool (default stadium),False,0,0.0,0,0,2,1,H
328,2025-04-13,Wolverhampton Wanderers,Tottenham Hotspur,Premier League,Premier League,1464.6016366782396,1491.3393380489395,8.0,7.0,0.6,1.4,1.0,0.2,1.0,1.4,0.6,0.4,5,9070.237755303215,Wolverhampton Wanderers (default stadium),False,0,0.0,0,0,4,2,H
329,2025-04-13,Newcastle United,Manchester United,Premier League,Premier League,1587.8222795341005,1514.4816062648656,6.0,7.0,0.8,2.0,1.2,0.4,1.4,0.8,0.6,0.8,5,171.2592358971847,Newcastle United (default stadium),False,0,0.0,0,0,4,1,H
3991,2025-04-13,3K FC,SS Assad,National Super League,KPL,1513.04595774287,1485.632896547884,7.0,21.0,0.6,2.0,1.2,0.2,1.4,2.6,0.5,0.0,0,651.4729022166886,3K FC (default stadium),False,0,0.0,0,0,3,2,H
3992,2025-04-13,Luanda Villa,APS Bomet,National Super League,KPL,1486.1473729032523,1521.7892547203692,28.0,8.0,0.2,1.2,1.4,0.4,0.4,0.0,0.5,0.0,0,7382.59389661873,Luanda Villa (default stadium),False,0,0.0,0,0,1,0,H
3993,2025-04-13,MOFA FC.,Fortune Sacco,National Super League,KPL,1491.7842505774556,1493.6639123711645,22.0,7.0,0.2,0.6,1.2,0.2,2.2,2.2,0.5,0.0,0,1123.9201605506014,MOFA FC. (default stadium),False,0,0.0,0,0,0,2,A
3994,2025-04-13,Vihiga United,Samwest Blackboots,National Super League,KPL,1512.9482488768615,1482.95724173077,7.0,21.0,0.4,1.0,0.6,0.0,1.0,2.0,0.5,0.0,0,6817.000822219049,Vihiga United (default stadium),False,0,0.0,0,0,0,3,A
330,2025-04-14,Bournemouth,Fulham,Premier League,Premier League,1509.2363023681403,1541.9498148803577,9.0,8.0,0.0,1.4,2.0,0.6,1.8,1.4,0.4,0.4,5,141.8811990067746,Bournemouth (default stadium),False,0,0.0,0,0,1,0,H
331,2025-04-16,Newcastle United,Crystal Palace,Premier League,Premier League,1593.9157731097139,1533.768481834865,3.0,4.0,0.8,2.0,0.8,0.6,2.0,1.6,0.2,0.4,5,408.04977898274933,Newcastle United (default stadium),False,0,0.0,0,0,5,0,H
332,2025-04-19,Brentford,Brighton,Premier League,Premier League,1505.1242793179404,1534.2387723672143,7.0,7.0,0.2,0.8,1.0,0.2,1.4,2.0,0.2,0.2,5,71.40866453526951,Brentford (default stadium),False,0,0.0,0,0,4,2,H
333,2025-04-19,Crystal Palace,Bournemouth,Premier League,Premier League,1527.348516828258,1518.1672122205741,3.0,5.0,0.4,1.2,2.4,0.2,1.4,1.6,0.4,0.2,5,145.13706164318188,Crystal Palace (default stadium),False,0,0.0,0,0,0,0,D
334,2025-04-19,Everton,Manchester City,Premier League,Premier League,1515.1036788389106,1640.4144106108988,7.0,7.0,0.2,0.8,0.8,0.4,1.8,1.0,0.0,-1.4,5,11690.468746176242,Everton (default stadium),False,0,0.0,0,0,0,2,A
335,2025-04-19,West Ham United,Southampton,Premier League,Premier League,1474.2033512856972,1308.60894837698,6.0,7.0,0.0,0.8,1.4,0.0,0.8,2.4,0.4,0.2,5,118.78899564721851,West Ham United (default stadium),False,0,0.0,0,0,1,1,D
336,2025-04-19,Aston Villa,Newcastle United,Premier League,Premier League,1588.6852033655591,1600.335738116321,7.0,3.0,0.8,2.0,1.0,1.0,3.0,0.4,0.2,-2.0,5,275.3185930085947,Aston Villa (default stadium),False,0,0.0,0,0,4,1,H
3987,2025-04-19,Darajani Gogo,Kisumu Allstars,National Super League,KPL,1478.2434066978358,1493.0732727372658,7.0,7.0,0.2,0.6,1.8,0.2,0.6,1.0,0.0,0.0,1,261.4795156736219,Darajani Gogo (default stadium),False,0,0.0,0,0,1,2,A
3988,2025-04-19,Mombasa United FC,Migori Youth FC,National Super League,KPL,1507.7567559951858,1493.8751443888116,14.0,13.0,0.4,1.0,0.8,0.4,0.8,0.8,1.0,1.0,1,8035.156205482549,Mombasa United FC (default stadium),False,0,0.0,0,0,4,1,H
3989,2025-04-19,Nairobi United,MCF FC,National Super League,KPL,1552.8160892377184,1508.9292160893665,13.0,7.0,0.6,2.8,1.2,0.6,1.4,0.2,1.0,1.0,1,7373.092487350851,Nairobi United (default stadium),False,0,0.0,0,0,0,0,D
3990,2025-04-19,SS Assad,MOFA FC.,National Super League,KPL,1478.3654392524795,1479.848333084357,6.0,6.0,0.2,1.6,2.8,0.2,0.4,1.2,0.5,0.0,0,162.3011239338207,SS Assad (default stadium),False,0,0.0,0,0,2,2,D
337,2025-04-20,Fulham,Chelsea,Premier League,Premier League,1533.018905027924,1569.6315166742806,6.0,7.0,0.4,1.4,1.4,0.4,0.8,0.6,0.4,-0.2,5,0.13381917032718865,Fulham (default stadium),False,0,0.0,0,0,1,2,A
338,2025-04-20,Ipswich,Arsenal,Premier League,Premier League,1410.6670317520454,1671.8375035780155,7.0,8.0,0.2,1.4,2.0,0.4,1.2,0.8,0.0,-1.0,1,102.57433411648985,Ipswich (default stadium),False,0,0.0,0,0,0,4,A
339,2025-04-20,Manchester United,Wolverhampton Wanderers,Premier League,Premier League,1508.3881126892522,1473.362843499681,7.0,7.0,0.2,1.0,1.2,0.8,2.0,1.0,0.8,0.6,5,9321.398073694803,Manchester United (default stadium),False,0,0.0,0,0,0,1,A
340,2025-04-20,Leicester City,Liverpool,Premier League,Premier League,1367.0605053919244,1708.3814165009658,8.0,7.0,0.0,0.4,2.2,0.8,2.0,1.0,0.2,-1.4,5,5343.065862682322,Leicester City (default stadium),False,0,0.0,0,0,0,1,A
3984,2025-04-20,APS Bomet,3K FC,National Super League,KPL,1512.774949794149,1520.3134150382746,7.0,7.0,0.2,0.2,0.2,0.8,2.6,1.4,0.0,0.0,1,1587.916449886282,APS Bomet (default stadium),False,0,0.0,0,0,3,2,H
3985,2025-04-20,Fortune Sacco,Mombasa Stars,National Super League,KPL,1505.5998298642633,1462.4783359220137,7.0,8.0,0.4,2.2,1.4,0.4,1.8,2.2,1.0,1.0,1,6484.082111723002,Fortune Sacco (default stadium),False,0,0.0,0,0,2,1,H
3986,2025-04-20,Nzoia Sugar,Luanda Villa,National Super League,KPL,1493.2113304620116,1495.1616778294724,8.0,7.0,0.0,0.8,3.2,0.4,1.2,1.0,1.0,1.0,1,12571.578965157954,Nzoia Sugar (default stadium),False,0,0.0,0,0,0,1,A
341,2025-04-21,Tottenham Hotspur,Nottingham Forest,Premier League,Premier League,1482.578131227498,1546.4166099904182,8.0,9.0,0.2,1.4,2.0,0.6,1.4,1.0,0.8,1.4,5,165.73951471097544,Tottenham Hotspur (default stadium),False,0,0.0,0,0,1,2,A
342,2025-04-22,Manchester City,Aston Villa,Premier League,Premier League,1648.8357536436804,1597.0213840608276,3.0,3.0,0.6,2.2,0.8,1.0,2.6,0.4,0.4,0.6,5,110.34451123028889,Manchester City (default stadium),False,0,0.0,0,0,2,1,H
343,2025-04-23,Arsenal,Crystal Palace,Premier League,Premier League,1676.8305565191263,1525.1081497900227,3.0,4.0,0.6,1.8,0.6,0.2,1.0,2.4,1.0,3.0,5,15.34028105594792,Arsenal (default stadium),False,0,0.0,0,0,2,2,D
3983,2025-04-23,Migori Youth FC,Nairobi United,National Super League,KPL,1486.2436107461774,1549.6507283293738,4.0,4.0,0.2,0.8,1.6,0.6,2.8,1.2,0.5,0.0,0,4583.905642001575,Migori Youth FC (default stadium),False,0,0.0,0,0,0,1,A
344,2025-04-26,Chelsea,Everton,Premier League,Premier League,1580.5895358097764,1506.682335806129,6.0,7.0,0.4,1.0,0.8,0.2,0.6,1.0,0.4,1.0,5,11673.649510171086,Chelsea (default stadium),False,0,0.0,0,0,1,0,H
345,2025-04-26,Brighton,West Ham United,Premier League,Premier League,1525.4101497210854,1468.300554479838,7.0,7.0,0.0,1.4,2.6,0.0,1.0,1.4,0.4,0.8,5,75.30394037947526,Brighton (default stadium),False,0,0.0,0,0,3,2,H
346,2025-04-26,Newcastle United,Ipswich,Premier League,Premier League,1591.9995574210525,1405.6739788109346,7.0,6.0,0.8,3.0,1.2,0.2,1.4,2.6,1.0,4.0,1,371.0835169844392,Newcastle United (default stadium),False,0,0.0,0,0,3,0,H
347,2025-04-26,Southampton,Fulham,Premier League,Premier League,1314.5117451828391,1522.0608858924281,7.0,6.0,0.0,0.8,2.0,0.4,1.4,1.4,0.2,-0.2,5,105.36793929201917,Southampton (default stadium),False,0,0.0,0,0,1,2,A
348,2025-04-26,Wolverhampton Wanderers,Leicester City,Premier League,Premier League,1486.296885055276,1363.5928748174927,6.0,6.0,1.0,2.0,0.8,0.0,0.4,2.2,0.4,-0.4,5,9203.941453824911,Wolverhampton Wanderers (default stadium),False,0,0.0,0,0,3,0,H
349,2025-04-27,Bournemouth,Manchester United,Premier League,Premier League,1520.4075792588094,1495.4540711336572,8.0,7.0,0.2,1.0,1.2,0.2,0.8,1.2,0.4,0.4,5,306.55795629981236,Bournemouth (default stadium),False,0,0.0,0,0,1,1,D
350,2025-04-27,Liverpool,Tottenham Hotspur,Premier League,Premier League,1711.8490470753975,1472.4008069800016,7.0,6.0,0.8,1.8,1.0,0.2,1.2,2.0,0.8,1.2,5,5300.810896107908,Liverpool (default stadium),False,0,0.0,0,0,5,1,H
351,2025-05-01,Nottingham Forest,Brentford,Premier League,Premier League,1556.5939342379147,1513.9529019640693,10.0,12.0,0.6,1.6,1.2,0.4,1.6,1.2,0.2,0.0,5,171.50469636447104,Nottingham Forest (default stadium),False,0,0.0,0,0,0,2,A
352,2025-05-02,Manchester City,Wolverhampton Wanderers,Premier League,Premier League,1655.4665900539608,1491.2569377385346,10.0,6.0,0.8,2.2,0.6,1.0,2.2,0.6,0.8,2.0,5,9321.398073694803,Manchester City (default stadium),False,0,0.0,0,0,1,0,H
353,2025-05-03,Aston Villa,Fulham,Premier League,Premier League,1590.3905476505472,1528.296547007322,11.0,7.0,0.8,2.6,0.8,0.4,1.4,1.6,0.8,0.6,5,162.69251316462925,Aston Villa (default stadium),False,0,0.0,0,0,1,0,H
354,2025-05-03,Everton,Ipswich,Premier League,Premier League,1500.6026509551734,1401.9519039735428,7.0,7.0,0.2,0.4,1.0,0.2,1.0,2.4,1.0,2.0,1,11785.527014866359,Everton (default stadium),False,0,0.0,0,0,2,2,D
355,2025-05-03,Leicester City,Southampton,Premier League,Premier League,1358.6328221342342,1308.2760840679452,7.0,7.0,0.0,0.4,2.2,0.0,0.8,2.0,0.4,0.4,5,191.4130852325117,Leicester City (default stadium),False,0,0.0,0,0,2,0,H
356,2025-05-03,Arsenal,Bournemouth,Premier League,Premier League,1671.1940451451944,1517.7406681824161,10.0,6.0,0.4,2.0,1.0,0.2,1.0,1.0,0.8,1.8,5,151.22456097479042,Arsenal (default stadium),False,0,0.0,0,0,1,2,A
357,2025-05-04,Brentford,Manchester United,Premier League,Premier League,1527.085960978165,1498.1209822100504,3.0,7.0,0.4,1.6,1.0,0.0,0.4,1.4,0.2,0.2,5,256.56458170773715,Brentford (default stadium),False,0,0.0,0,0,4,3,H
358,2025-05-04,Brighton,Newcastle United,Premier League,Premier League,1531.9065781934958,1595.7216322584443,8.0,8.0,0.2,1.6,2.6,0.8,3.2,1.0,0.4,0.0,5,468.342499245935,Brighton (default stadium),False,0,0.0,0,0,1,1,D
359,2025-05-04,West Ham United,Tottenham Hotspur,Premier League,Premier League,1461.8041260074276,1469.5180205496683,8.0,7.0,0.0,1.2,1.8,0.2,1.4,2.6,0.2,-0.8,5,8.221735834635023,West Ham United (default stadium),False,0,0.0,0,0,1,1,D
360,2025-05-04,Chelsea,Liverpool,Premier League,Premier League,1586.669220660732,1714.7318335057307,8.0,7.0,0.6,1.2,0.6,0.8,2.2,1.0,0.0,-0.8,5,5312.655647759373,Chelsea (default stadium),False,0,0.0,0,0,3,1,H
361,2025-05-05,Crystal Palace,Nottingham Forest,Premier League,Premier League,1530.7446611639546,1543.460875223819,12.0,4.0,0.2,1.2,2.6,0.4,0.8,1.2,0.0,-0.4,5,184.42720029676815,Crystal Palace (default stadium),False,0,0.0,0,0,1,1,D
362,2025-05-10,Fulham,Everton,Premier League,Premier League,1521.9253332272299,1496.096945952563,7.0,7.0,0.4,1.2,1.4,0.2,0.8,1.2,0.4,0.6,5,11673.70209285392,Fulham (default stadium),False,0,0.0,0,0,1,3,A
363,2025-05-10,Ipswich,Brentford,Premier League,Premier League,1406.4576089761533,1534.3121364060478,7.0,6.0,0.0,1.0,2.6,0.6,2.2,1.2,0.0,-1.0,1,116.93730284399047,Ipswich (default stadium),False,0,0.0,0,0,0,1,A
364,2025-05-10,Southampton,Manchester City,Premier League,Premier League,1301.608003533985,1659.5898235323452,7.0,8.0,0.0,0.6,2.2,0.8,2.0,0.6,0.0,-1.6,5,291.8406815664775,Southampton (default stadium),False,0,0.0,0,0,0,0,D
365,2025-05-10,Wolverhampton Wanderers,Brighton,Premier League,Premier League,1487.1337042601501,1531.7285799418019,8.0,6.0,0.8,2.0,0.8,0.2,1.8,2.2,0.0,-2.0,5,8996.140833084839,Wolverhampton Wanderers (default stadium),False,0,0.0,0,0,0,2,A
366,2025-05-10,Bournemouth,Aston Villa,Premier League,Premier League,1533.411077047929,1596.7617614306394,7.0,7.0,0.4,1.2,0.8,0.8,2.2,0.8,0.2,-0.6,5,197.28001354816703,Bournemouth (default stadium),False,0,0.0,0,0,0,1,A
3979,2025-05-10,Fortune Sacco,MCF FC,National Super League,KPL,1512.4543049037068,1512.094576997711,20.0,21.0,0.6,2.0,0.8,0.4,1.0,0.2,0.5,0.0,0,1350.1790590208886,Fortune Sacco (default stadium),False,0,0.0,0,0,2,1,H
3980,2025-05-10,Mombasa Stars,Kisumu Allstars,National Super League,KPL,1455.6238608825702,1504.6479835732023,20.0,21.0,0.4,1.8,2.2,0.4,1.0,1.2,0.5,0.0,0,698.4831337864744,Mombasa Stars (default stadium),False,0,0.0,0,0,3,1,H
3981,2025-05-10,Naivas FC,Darajani Gogo,National Super League,KPL,1530.2117720767103,1466.6686958618993,28.0,21.0,0.6,1.0,0.6,0.2,0.8,2.0,0.5,0.0,0,6833.729862171715,Naivas FC (default stadium),False,0,0.0,0,0,2,2,D
3982,2025-05-10,Nzoia Sugar,3K FC,National Super League,KPL,1481.2773712920696,1512.0920812852798,20.0,20.0,0.0,0.6,2.8,0.8,2.8,1.8,0.5,0.0,0,7916.992273460105,Nzoia Sugar (default stadium),False,0,0.0,0,0,1,1,D
367,2025-05-11,Newcastle United,Chelsea,Premier League,Premier League,1595.8996305101382,1598.325011146545,7.0,7.0,0.6,2.8,1.2,0.6,1.6,0.8,0.4,0.4,5,399.367741301676,Newcastle United (default stadium),False,0,0.0,0,0,2,0,H
368,2025-05-11,Manchester United,West Ham United,Premier League,Premier League,1490.8948067821677,1460.0303497191246,7.0,7.0,0.0,1.0,2.0,0.0,1.4,1.8,0.4,0.0,5,262.0495522571908,Manchester United (default stadium),False,0,0.0,0,0,0,2,A
369,2025-05-11,Nottingham Forest,Leicester City,Premier League,Premier League,1545.0948557892973,1365.3009026681943,6.0,8.0,0.2,0.8,1.4,0.2,0.8,1.8,0.6666666666666666,0.0,3,35.85916651696625,Nottingham Forest (default stadium),False,0,0.0,0,0,2,2,D
370,2025-05-11,Tottenham Hotspur,Crystal Palace,Premier League,Premier League,1471.2917968379713,1529.1106805984762,7.0,6.0,0.2,1.6,2.6,0.0,1.0,2.6,0.8,1.4,5,20.57108758153193,Tottenham Hotspur (default stadium),False,0,0.0,0,0,0,2,A
371,2025-05-11,Liverpool,Arsenal,Premier League,Premier League,1703.0760430199177,1655.5236362796816,7.0,8.0,0.6,2.2,1.6,0.2,1.8,1.2,0.0,-0.6,5,5305.0330774456925,Liverpool (default stadium),False,0,0.0,0,0,2,2,D
3974,2025-05-11,3K FC,Darajani Gogo,National Super League,KPL,1513.2151666304462,1470.3336427775766,1.0,1.0,0.6,2.4,1.8,0.0,0.8,2.2,0.5,0.0,0,7372.274725339087,3K FC (default stadium),False,0,0.0,0,0,0,2,A
3975,2025-05-11,APS Bomet,Vihiga United,National Super League,KPL,1520.9962835471438,1500.1471874061524,21.0,28.0,0.4,0.8,0.6,0.4,1.0,1.2,0.5,0.0,0,1671.3142982228767,APS Bomet (default stadium),False,0,0.0,0,0,2,0,H
3976,2025-05-11,MOFA FC.,Samwest Blackboots,National Super League,KPL,1481.7952400507256,1495.758303201479,22.0,28.0,0.2,0.8,1.2,0.2,1.4,1.8,0.5,0.0,0,6832.714543368881,MOFA FC. (default stadium),False,0,0.0,0,0,1,1,D
3977,2025-05-11,Migori Youth FC,Kibera Black Stars,National Super League,KPL,1476.0538751094675,1511.0615128037225,18.0,49.0,0.0,0.4,1.6,0.6,1.2,0.6,0.5,0.0,0,5306.903492341566,Migori Youth FC (default stadium),False,0,0.0,0,0,0,0,D
3978,2025-05-11,Mombasa United FC,Luanda Villa,National Super League,KPL,1515.38828963782,1507.0956369994144,22.0,21.0,0.4,1.4,1.0,0.6,1.0,0.4,0.5,0.0,0,6794.882901271793,Mombasa United FC (default stadium),False,0,0.0,0,0,3,1,H
3972,2025-05-14,Fortune Sacco,Migori Youth FC,National Super League,KPL,1520.4564263888703,1475.0501056595192,4.0,3.0,0.8,2.0,0.6,0.0,0.2,1.4,0.0,0.0,1,7044.475430479551,Fortune Sacco (default stadium),False,0,0.0,0,0,2,0,H
3973,2025-05-14,Nairobi United,Luanda Villa,National Super League,KPL,1559.8404639660837,1499.3116964972469,21.0,3.0,0.6,2.2,0.6,0.4,0.8,0.8,1.0,1.0,1,2739.2774547592653,Nairobi United (default stadium),False,0,0.0,0,0,2,0,H
372,2025-05-16,Aston Villa,Tottenham Hotspur,Premier League,Premier League,1606.9531207556747,1460.9413397128087,6.0,5.0,0.8,2.0,0.6,0.0,1.0,2.8,0.6,-0.6,5,159.95911475155745,Aston Villa (default stadium),False,0,0.0,0,0,2,0,H
373,2025-05-16,Chelsea,Manchester United,Premier League,Premier League,1590.2458056678213,1478.070594216953,5.0,5.0,0.6,1.6,1.2,0.0,1.0,2.4,0.2,-0.6,5,260.84692450845216,Chelsea (default stadium),False,0,0.0,0,0,1,0,H
3969,2025-05-17,Darajani Gogo,APS Bomet,National Super League,KPL,1483.4729428830758,1528.4394464022296,6.0,6.0,0.2,1.0,1.4,0.4,1.0,0.6,0.5,0.0,0,6577.32318537344,Darajani Gogo (default stadium),False,0,0.0,0,0,1,0,H
3970,2025-05-17,Kisumu Allstars,MOFA FC.,National Super League,KPL,1495.250985393907,1480.1962088811067,7.0,6.0,0.4,1.0,1.6,0.2,1.0,1.2,0.5,0.0,0,6614.868558454707,Kisumu Allstars (default stadium),False,0,0.0,0,0,2,0,H
3971,2025-05-17,MCF FC,Naivas FC,National Super League,KPL,1504.0924555125475,1526.546825161033,7.0,7.0,0.4,1.2,0.6,0.6,1.4,0.8,0.5,0.0,0,696.5153087932663,MCF FC (default stadium),False,0,0.0,0,0,2,1,H
374,2025-05-18,Everton,Southampton,Premier League,Premier League,1508.7872313480616,1308.4067360405745,8.0,8.0,0.4,1.2,1.2,0.0,0.4,1.6,0.4,-0.2,5,11568.424076531252,Everton (default stadium),False,0,0.0,0,0,2,0,H
375,2025-05-18,West Ham United,Nottingham Forest,Premier League,Premier League,1472.8545622843394,1538.9321791778655,7.0,7.0,0.2,1.4,1.4,0.2,1.0,1.4,0.4,-0.2,5,173.96121605067967,West Ham United (default stadium),False,0,0.0,0,0,1,2,A
376,2025-05-18,Brentford,Fulham,Premier League,Premier League,1542.6621714750609,1509.2350478317312,8.0,8.0,0.8,2.4,1.2,0.2,0.8,1.6,0.4,0.4,5,6.821682007977283,Brentford (default stadium),False,0,0.0,0,0,2,3,A
377,2025-05-18,Leicester City,Ipswich,Premier League,Premier League,1371.4635792796262,1398.1075739071402,7.0,8.0,0.2,1.2,1.6,0.0,0.8,2.4,0.0,0.0,1,167.64927486136108,Leicester City (default stadium),False,0,0.0,0,0,2,0,H
378,2025-05-18,Arsenal,Newcastle United,Premier League,Premier League,1658.783609417353,1603.9788359888619,7.0,7.0,0.2,2.0,1.4,0.6,2.4,1.0,0.4,0.6,5,392.7352980316752,Arsenal (default stadium),False,0,0.0,0,0,1,0,H
3964,2025-05-18,3K FC,Mombasa United FC,National Super League,KPL,1500.075866524947,1523.1722301399875,7.0,7.0,0.4,1.8,1.8,0.4,1.4,0.8,0.5,0.0,0,677.0200682848542,3K FC (default stadium),False,0,0.0,0,0,2,0,H
3965,2025-05-18,Kibera Black Stars,Fortune Sacco,National Super League,KPL,1512.0652822536708,1527.2517687670786,7.0,4.0,0.4,1.0,0.6,1.0,2.4,0.4,0.5,0.0,0,1775.3847977768348,Kibera Black Stars (default stadium),False,0,0.0,0,0,1,1,D
3966,2025-05-18,Luanda Villa,SS Assad,National Super League,KPL,1492.9013002545514,1476.4185322861108,4.0,29.0,0.4,0.6,1.0,0.2,2.0,2.0,0.5,0.0,0,6820.727506695525,Luanda Villa (default stadium),False,0,0.0,0,0,2,0,H
3967,2025-05-18,Samwest Blackboots,Nairobi United,National Super League,KPL,1497.357334371098,1566.2508602087792,7.0,4.0,0.2,1.6,1.2,0.8,2.6,0.6,0.5,0.0,0,2.1383997609014824,Samwest Blackboots (default stadium),False,0,0.0,0,0,1,1,D
3968,2025-05-18,Vihiga United,Nzoia Sugar,National Super League,KPL,1492.7040245510666,1480.1542859469032,7.0,8.0,0.4,0.8,1.4,0.0,0.2,2.4,0.5,0.0,0,8279.253562401222,Vihiga United (default stadium),False,0,0.0,0,0,3,0,H
379,2025-05-19,Brighton,Liverpool,Premier League,Premier League,1542.4584977535192,1699.8160698822462,9.0,8.0,0.4,2.0,1.8,0.6,2.2,1.4,0.2,0.2,5,5323.625304961785,Brighton (default stadium),False,0,0.0,0,0,3,2,H
380,2025-05-20,Crystal Palace,Wolverhampton Wanderers,Premier League,Premier League,1539.4611377236388,1476.4037864484328,9.0,10.0,0.2,1.0,1.6,0.6,1.6,1.0,0.6,0.4,5,9051.721081889698,Crystal Palace (default stadium),False,0,0.0,0,0,4,2,H
381,2025-05-20,Manchester City,Bournemouth,Premier League,Premier League,1652.7910910257558,1523.2197177228936,10.0,10.0,0.8,2.0,0.6,0.4,0.8,0.6,0.8,2.4,5,306.55795629981236,Manchester City (default stadium),False,0,0.0,0,0,3,1,H
3958,2025-05-23,Fortune Sacco,Luanda Villa,National Super League,KPL,1528.8164681528517,1500.4622927814225,5.0,5.0,0.8,1.8,0.6,0.6,1.0,1.0,0.5,0.0,0,6549.886557193813,Fortune Sacco (default stadium),False,0,0.0,0,0,2,0,H
3959,2025-05-23,Mombasa Stars,Vihiga United,National Super League,KPL,1465.0208590618654,1500.371774866912,13.0,5.0,0.4,2.2,2.4,0.6,1.2,1.0,0.5,0.0,0,7230.269632294901,Mombasa Stars (default stadium),False,0,0.0,0,0,1,0,H
3960,2025-05-23,Mombasa United FC,Darajani Gogo,National Super League,KPL,1514.5140835005266,1492.7536652192107,5.0,6.0,0.4,1.4,1.0,0.4,1.2,1.4,0.5,0.0,0,6771.86488153809,Mombasa United FC (default stadium),False,0,0.0,0,0,0,2,A
3961,2025-05-23,Nairobi United,3K FC,National Super League,KPL,1566.2827069875125,1508.734013164408,5.0,5.0,0.6,2.0,0.6,0.4,1.6,1.6,0.5,0.0,0,7373.092487350851,Nairobi United (default stadium),False,0,0.0,0,0,2,1,H
3962,2025-05-23,Nzoia Sugar,Kibera Black Stars,National Super League,KPL,1472.486535631058,1510.5005828678977,5.0,5.0,0.0,0.2,2.6,0.2,0.4,0.8,0.5,0.0,0,11010.280227467509,Nzoia Sugar (default stadium),False,0,0.0,0,0,3,2,H
3963,2025-05-23,SS Assad,MCF FC,National Super League,KPL,1468.8575397592397,1512.7324613096348,5.0,6.0,0.2,1.6,1.8,0.4,1.4,0.8,0.5,0.0,0,651.4729022166886,SS Assad (default stadium),False,0,0.0,0,0,1,0,H
3957,2025-05-24,Naivas FC,Samwest Blackboots,National Super League,KPL,1517.906819363946,1497.3254875923647,7.0,6.0,0.4,1.0,1.0,0.2,1.6,1.2,0.5,0.0,0,6832.714543368881,Naivas FC (default stadium),False,0,0.0,0,0,4,1,H
382,2025-05-25,Bournemouth,Leicester City,Premier League,Premier League,1518.4056430141065,1380.2221304828643,5.0,7.0,0.2,0.8,1.2,0.4,1.2,1.2,0.6,0.4,5,215.0463353224413,Bournemouth (default stadium),False,0,0.0,0,0,2,0,H
383,2025-05-25,Fulham,Manchester City,Premier League,Premier League,1522.1269943578077,1657.6051657345429,7.0,5.0,0.4,1.4,1.8,0.8,1.6,0.4,0.0,-2.2,5,260.720495981881,Fulham (default stadium),False,0,0.0,0,0,0,2,A
384,2025-05-25,Ipswich,West Ham United,Premier League,Premier League,1389.3490227039022,1462.741671819515,7.0,7.0,0.0,0.4,2.4,0.2,1.4,1.4,0.0,-3.0,1,98.38337997534771,Ipswich (default stadium),False,0,0.0,0,0,1,3,A
385,2025-05-25,Liverpool,Crystal Palace,Premier League,Premier League,1687.353395936292,1545.8082994824779,6.0,5.0,0.4,2.2,1.8,0.4,1.8,1.0,0.4,0.2,5,5306.285725112793,Liverpool (default stadium),False,0,0.0,0,0,1,1,D
386,2025-05-25,Manchester United,Aston Villa,Premier League,Premier League,1472.8810395708779,1611.4297936041037,9.0,9.0,0.0,0.8,1.8,0.8,1.8,0.6,0.6,0.2,5,110.34451123028889,Manchester United (default stadium),False,0,0.0,0,0,2,0,H
387,2025-05-25,Newcastle United,Everton,Premier League,Premier League,1597.424077708667,1512.270406576304,7.0,7.0,0.4,1.4,1.2,0.4,1.4,1.2,0.4,0.2,5,11820.07394279188,Newcastle United (default stadium),False,0,0.0,0,0,0,1,A
388,2025-05-25,Nottingham Forest,Chelsea,Premier League,Premier League,1549.04506964269,1595.4353603138964,7.0,9.0,0.4,1.4,1.4,0.8,1.4,0.8,0.2,0.0,5,174.8137117128182,Nottingham Forest (default stadium),False,0,0.0,0,0,0,1,A
389,2025-05-25,Southampton,Arsenal,Premier League,Premier League,1304.9235608123322,1665.338367697548,7.0,7.0,0.0,0.4,1.4,0.4,2.0,1.2,0.2,-0.8,5,114.81248103375616,Southampton (default stadium),False,0,0.0,0,0,1,2,A
390,2025-05-25,Tottenham Hotspur,Brighton,Premier League,Premier League,1456.4646668643798,1554.9211716994735,9.0,6.0,0.0,0.6,2.4,0.6,2.2,1.8,0.6,0.0,5,82.58337268155316,Tottenham Hotspur (default stadium),False,0,0.0,0,0,1,4,A
391,2025-05-25,Wolverhampton Wanderers,Brentford,Premier League,Premier League,1470.0566246895937,1529.7702249489844,5.0,7.0,0.4,1.2,1.4,0.8,2.6,1.6,0.4,0.2,5,9065.45839959068,Wolverhampton Wanderers (default stadium),False,0,0.0,0,0,1,1,D
3956,2025-05-25,APS Bomet,Kisumu Allstars,National Super League,KPL,1519.1587240660947,1502.850672397575,8.0,8.0,0.4,1.0,0.8,0.6,1.4,1.4,0.5,0.0,0,6415.389498573886,APS Bomet (default stadium),False,0,0.0,0,0,4,0,H
3955,2025-05-31,Fortune Sacco,Mombasa United FC,National Super League,KPL,1536.058879167167,1501.932747643978,8.0,8.0,0.8,1.8,0.6,0.4,1.4,1.2,0.5,0.0,0,991.054172322184,Fortune Sacco (default stadium),False,0,0.0,0,0,5,1,H
1,2025-10-04,Arsenal,Chelsea,Premier League,Premier League,1626.376616745654,1579.5853937333673,132.0,132.0,0.4,1.6,1.4,0.8,1.2,0.6,0.6,1.6,5,9.950774202617763,Arsenal (default stadium),False,1,0.82,0,0,2,2,D
3944,2025-12-07,360 FC,Umoja United,Juja Sub County League,KPL,1500.0,1500.0,,,0.5,0.0,0.0,0.5,0.0,0.0,0.5,0.0,0,118.78194545885684,360 FC (default stadium),False,0,0.0,0,0,1,4,A
3945,2025-12-07,Arizona FC,Muthaara Utd,Juja Sub County League,KPL,1500.0,1500.0,,,0.5,0.0,0.0,0.5,0.0,0.0,0.5,0.0,0,14976.552433043187,Arizona FC (default stadium),False,0,0.0,0,0,0,0,D
3946,2025-12-07,Boca Juniors F.C,Tricent FC,Juja Sub County League,KPL,1500.0,1500.0,,,0.5,0.0,0.0,0.5,0.0,0.0,0.5,0.0,0,8696.397649005638,Boca Juniors F.C (default stadium),False,0,0.0,0,0,2,3,A
3947,2025-12-07,FC Foosa,Oasis FC,Juja Sub County League,KPL,1500.0,1500.0,,,0.5,0.0,0.0,0.5,0.0,0.0,0.5,0.0,0,0.0,FC Foosa (default stadium),False,0,0.0,0,0,0,1,A
3948,2025-12-07,Greats FC,Sunday Utd,Juja Sub County League,KPL,1500.0,1500.0,,,0.5,0.0,0.0,0.5,0.0,0.0,0.5,0.0,0,11814.269667189425,Greats FC (default stadium),False,0,0.0,0,0,1,4,A
3949,2025-12-07,Milimaini FC,Peer Youth FC,Juja Sub County League,KPL,1500.0,1500.0,,,0.5,0.0,0.0,0.5,0.0,0.0,0.5,0.0,0,8165.920079364956,Milimaini FC (default stadium),False,0,0.0,0,0,1,2,A
3950,2025-12-07,Moonlight FC,Talanta FC,Juja Sub County League,KPL,1500.0,1500.0,,,0.5,0.0,0.0,0.5,0.0,0.0,0.5,0.0,0,6831.319254946774,Moonlight FC (default stadium),False,0,0.0,0,0,2,1,H
3951,2025-12-07,Tumaini Academy,Stars Link,Juja Sub County League,KPL,1500.0,1500.0,,,0.5,0.0,0.0,0.5,0.0,0.0,0.5,0.0,0,14955.84217423702,Tumaini Academy (default stadium),False,0,0.0,0,0,2,3,A
3952,2025-12-07,Tumaini FC,Supreme Utd,Juja Sub County League,KPL,1500.0,1500.0,,,0.5,0.0,0.0,0.5,0.0,0.0,0.5,0.0,0,11814.269667189425,Tumaini FC (default stadium),False,0,0.0,0,0,1,1,D
3953,2025-12-07,Wepro Gremio Youth,Mwireri Sportive,Juja Sub County League,KPL,1500.0,1500.0,,,0.5,0.0,0.0,0.5,0.0,0.0,0.5,0.0,0,3911.331884709683,Wepro Gremio Youth (default stadium),False,0,0.0,0,0,2,2,D
3954,2025-12-07,Westview FC,Titanic FC,Juja Sub County League,KPL,1500.0,1500.0,,,0.5,0.0,0.0,0.5,0.0,0.0,0.5,0.0,0,6028.181264574182,Westview FC (default stadium),False,0,0.0,0,0,1,1,D
3942,2026-01-25,Bungoma Queens FC,Trinity Starlets FC,FKF Women Premier League,KPL,1500.0,1500.0,,,0.5,0.0,0.0,0.5,0.0,0.0,0.5,0.0,0,0.0,Bungoma Queens FC (default stadium),False,0,0.0,0,0,1,0,H
3943,2026-01-25,Kayole Starlets,Gideon Starlets,FKF Women Premier League,KPL,1500.0,1500.0,,,0.5,0.0,0.0,0.5,0.0,0.0,0.5,0.0,0,0.0,Kayole Starlets (default stadium),False,0,0.0,0,0,0,4,A
3941,2026-01-31,Trinity Starlets FC,Kibera Soccer Women,FKF Women Premier League,KPL,1491.987935934185,1500.0,6.0,,0.0,0.0,1.0,0.5,0.0,0.0,0.5,0.0,0,13228.187719470976,Trinity Starlets FC (default stadium),False,0,0.0,0,0,0,0,D
3936,2026-02-07,Amani Youth,Kakamega Homeboyz,Mozzart Bet Cup,KPL,1500.0,1500.0,,,0.5,0.0,0.0,0.5,0.0,0.0,0.5,0.0,0,9598.655097670724,Amani Youth (default stadium),False,0,0.0,0,0,1,5,A
3937,2026-02-07,FC Dynamo,Kibera Black Stars,Mozzart Bet Cup,KPL,1500.0,1501.0639653153987,,260.0,0.5,0.0,0.0,0.2,0.8,1.0,0.5,0.0,0,1040.6919589537624,FC Dynamo (default stadium),False,0,0.0,0,0,2,2,D
3938,2026-02-07,Kahawa Pride,Muranga SEAL,Mozzart Bet Cup,KPL,1500.0,1500.0,,,0.5,0.0,0.0,0.5,0.0,0.0,0.5,0.0,0,9728.476202105705,Kahawa Pride (default stadium),False,0,0.0,0,0,1,9,A
3939,2026-02-07,Kamel Park Rangers,Ulinzi Stars,Mozzart Bet Cup,KPL,1500.0,1500.0,,,0.5,0.0,0.0,0.5,0.0,0.0,0.5,0.0,0,7126.198729626845,Kamel Park Rangers (default stadium),False,0,0.0,0,0,0,1,A
3940,2026-02-07,RWAFA FC,Zetech Titans,Mozzart Bet Cup,KPL,1500.0,1500.0,,,0.5,0.0,0.0,0.5,0.0,0.0,0.5,0.0,0,6678.970831663803,RWAFA FC (default stadium),False,0,0.0,0,0,0,2,A
3935,2026-02-14,Kibera Soccer Women,Kayole Starlets,FKF Women Premier League,KPL,1501.765463030325,1488.012064065815,14.0,20.0,0.0,0.0,0.0,0.0,0.0,4.0,0.5,0.0,0,9423.080070821963,Kibera Soccer Women (default stadium),False,0,0.0,0,0,2,1,H
3934,2026-02-15,Vihiga Queens FC,Zetech Sparks WFC,FKF Women Premier League,KPL,1500.0,1500.0,,,0.5,0.0,0.0,0.5,0.0,0.0,0.5,0.0,0,0.0,Vihiga Queens FC (default stadium),False,0,0.0,0,0,0,0,D
3933,2026-03-08,Muranga SEAL,FC Dynamo,Mozzart Bet Cup,KPL,1511.987935934185,1498.0414950718505,29.0,29.0,1.0,9.0,1.0,0.0,2.0,2.0,0.5,0.0,0,8931.069485312988,Muranga SEAL (default stadium),False,0,0.0,0,0,1,0,H
3928,2026-03-22,Ulinzi Starlets FC,Madira Soccer Assassins,FKF Women Premier League,KPL,1500.0,1500.0,,,0.5,0.0,0.0,0.5,0.0,0.0,0.5,0.0,0,0.0,Ulinzi Starlets FC (default stadium),False,0,0.0,0,0,1,0,H
3929,2026-03-22,AFC Leopards,Tusker FC,Kenyan Premier League,KPL,1500.0,1500.0,,,0.5,0.0,0.0,0.5,0.0,0.0,0.5,0.0,0,7946.321116780135,AFC Leopards (default stadium),False,0,0.0,0,0,1,0,H
3930,2026-03-22,Kakamega Homeboyz,Bandari FC,Kenyan Premier League,KPL,1511.987935934185,1500.0,43.0,,1.0,5.0,1.0,0.5,0.0,0.0,0.5,0.0,0,6574.922987684703,Kakamega Homeboyz (default stadium),False,0,0.0,0,0,1,1,D
3931,2026-03-22,Kariobangi Sharks,Posta Rangers,Kenyan Premier League,KPL,1500.0,1500.0,,,0.5,0.0,0.0,0.5,0.0,0.0,0.5,0.0,0,11026.996570232492,Kariobangi Sharks (default stadium),False,0,0.0,0,0,1,2,A
3932,2026-03-22,Muranga SEAL,Mathare UTD,Kenyan Premier League,KPL,1519.6177083908524,1500.0,14.0,,1.0,5.0,0.5,0.5,0.0,0.0,0.5,0.0,0,8291.93054169652,Muranga SEAL (default stadium),False,0,0.0,0,0,1,1,D
3924,2026-03-28,Trinity Starlets FC,Madira Soccer Assassins,FKF Women Premier League,KPL,1490.22247290386,1491.987935934185,56.0,6.0,0.0,0.0,0.5,0.0,0.0,1.0,0.5,0.0,0,0.0,Trinity Starlets FC (default stadium),False,0,0.0,0,0,2,1,H
3925,2026-03-28,Bandari FC,Bidco United,Kenyan Premier League,KPL,1502.3169534963413,1500.0,6.0,,0.0,1.0,1.0,0.5,0.0,0.0,0.5,0.0,0,118.78194545885684,Bandari FC (default stadium),False,0,0.0,0,0,1,0,H
3926,2026-03-28,KCB FC,Mara Sugar FC,Kenyan Premier League,KPL,1500.0,1500.0,,,0.5,0.0,0.0,0.5,0.0,0.0,0.5,0.0,0,8256.933237477766,KCB FC (default stadium),False,0,0.0,0,0,1,0,H
3927,2026-03-28,Posta Rangers,Kakamega Homeboyz,Kenyan Premier League,KPL,1511.987935934185,1509.6709824378438,6.0,6.0,1.0,2.0,1.0,0.5,3.0,1.0,0.5,0.0,0,13781.620029642854,Posta Rangers (default stadium),False,0,0.0,0,0,0,2,A
3915,2026-03-29,Gideon Starlets,Kenya Police Bullets,FKF Women Premier League,KPL,1508.9909519506389,1500.0,63.0,,1.0,4.0,0.0,0.5,0.0,0.0,0.5,0.0,0,3875.406927144138,Gideon Starlets (default stadium),False,0,0.0,0,0,0,1,A
3916,2026-03-29,Trinity Starlets FC,Ulinzi Starlets FC,FKF Women Premier League,KPL,1498.2833918933884,1508.012064065815,1.0,7.0,0.3333333333333333,0.6666666666666666,0.6666666666666666,1.0,1.0,0.0,0.5,0.0,0,0.0,Trinity Starlets FC (default stadium),False,0,0.0,0,0,0,2,A
3917,2026-03-29,AFC Leopards,Kariobangi Sharks,Kenyan Premier League,KPL,1508.012064065815,1488.012064065815,7.0,7.0,1.0,1.0,0.0,0.0,1.0,2.0,0.5,0.0,0,3234.5346562501754,AFC Leopards (default stadium),False,0,0.0,0,0,1,0,H
3918,2026-03-29,APS Bomet FC,Nairobi United,Kenyan Premier League,KPL,1500.0,1554.576040087087,,310.0,0.5,0.0,0.0,0.6,1.2,0.4,0.5,0.0,0,2.1383997609014824,APS Bomet FC (default stadium),False,0,0.0,0,0,0,0,D
3919,2026-03-29,Shabana FC,Muranga SEAL,Kenyan Premier League,KPL,1500.0,1517.0940263373238,,7.0,0.5,0.0,0.0,0.6666666666666666,3.6666666666666665,0.6666666666666666,0.5,0.0,0,9529.04837713164,Shabana FC (default stadium),False,0,0.0,0,0,1,0,H
3920,2026-03-29,Ulinzi Stars FC,Sofapaka FC,Kenyan Premier League,KPL,1500.0,1500.0,,,0.5,0.0,0.0,0.5,0.0,0.0,0.5,0.0,0,116.37885300306816,Ulinzi Stars FC (default stadium),False,0,0.0,0,0,2,0,H
3921,2026-03-29,Arusha Combined,Small Simba FC,Kwanza Heroes League,KPL,1500.0,1500.0,,,0.5,0.0,0.0,0.5,0.0,0.0,0.5,0.0,0,232.02317257143878,Arusha Combined (default stadium),False,0,0.0,0,0,1,1,D
3922,2026-03-29,Makhonge FC,Cyprus FC,Kwanza Heroes League,KPL,1500.0,1500.0,,,0.5,0.0,0.0,0.5,0.0,0.0,0.5,0.0,0,3240.9326943518695,Makhonge FC (default stadium),False,0,0.0,0,0,2,0,H
3923,2026-03-29,Mutua Simba Utd,Karaus FC,Kwanza Heroes League,KPL,1500.0,1500.0,,,0.5,0.0,0.0,0.5,0.0,0.0,0.5,0.0,0,6832.714543368881,Mutua Simba Utd (default stadium),False,0,0.0,0,0,0,1,A
3914,2026-04-01,Nairobi United,Mara Sugar FC,Kenyan Premier League,KPL,1555.0196859313392,1491.987935934185,3.0,4.0,0.6,1.2,0.4,0.0,0.0,1.0,0.5,0.0,0,4583.905642001575,Nairobi United (default stadium),False,0,0.0,0,0,1,1,D
3912,2026-04-05,Celtic TYSA,FC Mosko,Machakos County League,KPL,1500.0,1500.0,,,0.5,0.0,0.0,0.5,0.0,0.0,0.5,0.0,0,1434.4544321745207,Celtic TYSA (default stadium),False,0,0.0,0,0,3,1,H
3913,2026-04-05,Kabaa Young Cobras,Mwanga FC,Machakos County League,KPL,1500.0,1500.0,,,0.5,0.0,0.0,0.5,0.0,0.0,0.5,0.0,0,6832.714543368881,Kabaa Young Cobras (default stadium),False,0,0.0,0,0,1,1,D
3911,2026-04-08,Nairobi United,Kakamega Homeboyz,Kenyan Premier League,KPL,1551.36748624994,1521.7228844985914,7.0,11.0,0.4,1.2,0.6,0.6666666666666666,2.6666666666666665,0.6666666666666666,0.5,0.0,0,289.9755796238397,Nairobi United (default stadium),False,0,0.0,0,0,2,2,D
3908,2026-04-12,FC Mosko,Mackenzie FC,Machakos County League,KPL,1491.987935934185,1500.0,7.0,,0.0,1.0,3.0,0.5,0.0,0.0,0.5,0.0,0,0.0,FC Mosko (default stadium),False,0,0.0,0,0,0,5,A
3909,2026-04-12,Matetani FC,Celtic TYSA,Machakos County League,KPL,1500.0,1508.012064065815,,7.0,0.5,0.0,0.0,1.0,3.0,1.0,0.5,0.0,0,1434.4544321745207,Matetani FC (default stadium),False,0,0.0,0,0,0,4,A
3910,2026-04-12,Mwanga FC,Ivovoani Vipers,Machakos County League,KPL,1501.987935934185,1500.0,7.0,,0.0,1.0,1.0,0.5,0.0,0.0,0.5,0.0,0,541.5975235759674,Mwanga FC (default stadium),False,0,0.0,0,0,1,1,D
3901,2026-04-14,Mathare UTD,Kenya Police FC,Kenyan Premier League,KPL,1502.5236820535285,1500.0,23.0,,0.0,1.0,1.0,0.5,0.0,0.0,0.5,0.0,0,8076.396266945604,Mathare UTD (default stadium),False,0,0.0,0,0,0,0,D
3902,2026-04-14,Tusker FC,Gor Mahia FC,Kenyan Premier League,KPL,1491.987935934185,1500.0,23.0,,0.0,0.0,1.0,0.5,0.0,0.0,0.5,0.0,0,6832.143348012279,Tusker FC (default stadium),False,0,0.0,0,0,1,0,H
3903,2026-04-14,Diamond FC,Gachie Soccer Club,Nairobi West County League Zone D,KPL,1500.0,1499.7728500861353,,,0.5,0.0,0.0,0.5,0.0,0.0,0.5,0.0,0,4362.125198463793,Diamond FC (default stadium),False,0,0.0,0,0,3,2,H
3904,2026-04-14,FC Talent,Gachie Soccer Club,Nairobi West County League Zone D,KPL,1500.0,1499.7728500861353,,,0.5,0.0,0.0,0.5,0.0,0.0,0.5,0.0,0,6951.096805618893,FC Talent (default stadium),False,0,0.0,0,0,0,6,A
3905,2026-04-14,Gachie Soccer Club,Real Stars,Nairobi West County League Zone D,KPL,1499.7728500861353,1500.0,,,0.5,0.0,0.0,0.5,0.0,0.0,0.5,0.0,0,10719.066735416498,Gachie Soccer Club (default stadium),False,0,0.0,0,0,3,0,H
3906,2026-04-14,Gachie Soccer Club,Lions FC.,Nairobi West County League Zone D,KPL,1499.7728500861353,1500.0,,,0.5,0.0,0.0,0.5,0.0,0.0,0.5,0.0,0,1360.545853341574,Gachie Soccer Club (default stadium),False,0,0.0,0,0,0,3,A
3907,2026-04-14,The Lions FC,Gachie Soccer Club,Nairobi West County League Zone D,KPL,1500.0,1499.7728500861353,,,0.5,0.0,0.0,0.5,0.0,0.0,0.5,0.0,0,736.2204097406593,The Lions FC (default stadium),False,0,0.0,0,0,2,2,D
3899,2026-04-17,Kangemi Atletico,Kibagare Sportiff,Nairobi West County League Zone D,KPL,1488.012064065815,1500.0,,,0.5,0.0,0.0,0.5,0.0,0.0,0.5,0.0,0,8701.431647431704,Kangemi Atletico (default stadium),False,0,0.0,0,0,0,2,A
3900,2026-04-17,Kangemi Atletico,Sparks FC,Nairobi West County League Zone D,KPL,1488.012064065815,1500.0,,,0.5,0.0,0.0,0.5,0.0,0.0,0.5,0.0,0,9457.944981137953,Kangemi Atletico (default stadium),False,0,0.0,0,0,0,1,A
3897,2026-04-19,Ivovoani Vipers,Masii United,Machakos County League,KPL,1502.0428291246321,1500.0,7.0,,0.0,1.0,1.0,0.5,0.0,0.0,0.5,0.0,0,441.0177469879569,Ivovoani Vipers (default stadium),False,0,0.0,0,0,3,2,H
3898,2026-04-19,Kabaa Young Cobras,Mackenzie FC,Machakos County League,KPL,1498.012064065815,1511.765463030325,14.0,7.0,0.0,1.0,1.0,1.0,5.0,0.0,0.5,0.0,0,6832.714543368881,Kabaa Young Cobras (default stadium),False,0,0.0,0,0,1,4,A
3890,2026-04-24,Posta Rangers,Bidco United,Kenyan Premier League,KPL,1499.9360338734375,1492.0519020607476,27.0,27.0,0.5,1.0,1.5,0.0,0.0,1.0,0.5,0.0,0,7666.730289157878,Posta Rangers (default stadium),False,0,0.0,0,0,1,1,D
3891,2026-04-24,Tusker FC,Mara Sugar FC,Kenyan Premier League,KPL,1500.22247290386,1495.6401356155843,10.0,23.0,0.5,0.5,0.5,0.0,0.5,1.0,0.5,0.0,0,8165.920079364956,Tusker FC (default stadium),False,0,0.0,0,0,0,1,A
3892,2026-04-24,Kibagare Sportiff,Uthiru Vision,Nairobi West County League Zone D,KPL,1511.987935934185,1512.1358720448475,7.0,,1.0,2.0,0.0,0.5,0.0,0.0,0.5,0.0,0,4787.424443733674,Kibagare Sportiff (default stadium),False,0,0.0,0,0,1,1,D
3893,2026-04-24,Mathare All Stars,Uthiru Vision,Nairobi West County League Zone D,KPL,1500.0,1512.1358720448475,,,0.5,0.0,0.0,0.5,0.0,0.0,0.5,0.0,0,14254.712540913391,Mathare All Stars (default stadium),False,0,0.0,0,0,1,1,D
3894,2026-04-24,Sparks FC,Kipande FC,Nairobi West County League Zone D,KPL,1511.654375429364,1500.0,7.0,,1.0,1.0,0.0,0.5,0.0,0.0,0.5,0.0,0,0.0,Sparks FC (default stadium),False,0,0.0,0,0,2,0,H
3895,2026-04-24,Uthiru Vision,Runda Union,Nairobi West County League Zone D,KPL,1512.1358720448475,1500.0,,,0.5,0.0,0.0,0.5,0.0,0.0,0.5,0.0,0,6643.941117989915,Uthiru Vision (default stadium),False,0,0.0,0,0,2,1,H
3896,2026-04-24,Uthiru Vision,Kitisuru FC,Nairobi West County League Zone D,KPL,1512.1358720448475,1500.0,,,0.5,0.0,0.0,0.5,0.0,0.0,0.5,0.0,0,8132.242726516749,Uthiru Vision (default stadium),False,0,0.0,0,0,2,0,H
3885,2026-04-26,Ulinzi Starlets FC,Kenya Police Bullets,FKF Women Premier League,KPL,1519.7296177192552,1512.2351626039142,28.0,28.0,1.0,1.5,0.0,1.0,1.0,0.0,0.5,0.0,0,319.22451787297854,Ulinzi Starlets FC (default stadium),False,0,0.0,0,0,0,3,A
3886,2026-04-26,Vihiga Queens FC,Kayole Starlets,FKF Women Premier League,KPL,1498.5090480493611,1485.2827851541763,70.0,71.0,0.0,0.0,0.0,0.0,0.5,3.0,0.5,0.0,0,4179.388365334838,Vihiga Queens FC (default stadium),False,0,0.0,0,0,1,0,H
3887,2026-04-26,Celtic TYSA,Mackenzie FC,Machakos County League,KPL,1519.77752709614,1523.3703739529835,14.0,7.0,1.0,3.5,0.5,1.0,4.5,0.5,0.5,0.0,0,1434.4544321745207,Celtic TYSA (default stadium),False,0,0.0,0,0,0,1,A
3888,2026-04-26,FC Mosko,Ivovoani Vipers,Machakos County League,KPL,1480.22247290386,1509.9984860296747,14.0,7.0,0.0,0.5,4.0,0.5,2.0,1.5,0.5,0.0,0,541.5975235759674,FC Mosko (default stadium),False,0,0.0,0,0,0,0,D
3889,2026-04-26,Masii United,Kikombi wazito fc,Machakos County League,KPL,1492.0443430949574,1500.0,7.0,,0.0,2.0,3.0,0.5,0.0,0.0,0.5,0.0,0,6817.000822219049,Masii United (default stadium),False,0,0.0,0,0,2,0,H
3880,2026-05-02,Kayole Starlets,Trinity Starlets FC,FKF Women Premier League,KPL,1477.6334392371746,1486.565838239948,6.0,34.0,0.0,0.3333333333333333,2.3333333333333335,0.25,0.5,1.0,0.5,0.0,0,4179.388365334838,Kayole Starlets (default stadium),False,0,0.0,0,0,2,1,H
3881,2026-05-02,Kenya Police Bullets,Vihiga Queens FC,FKF Women Premier League,KPL,1524.4293652743377,1506.1583939663628,6.0,6.0,1.0,2.0,0.0,0.5,0.5,0.0,0.5,0.0,0,319.22451787297854,Kenya Police Bullets (default stadium),False,0,0.0,0,0,9,0,H
3882,2026-05-02,Kibera Soccer Women,Bungoma Queens FC,FKF Women Premier League,KPL,1507.0503601679286,1506.0090480493611,77.0,97.0,0.5,1.0,0.5,1.0,1.0,0.0,0.5,0.0,0,13228.187719470976,Kibera Soccer Women (default stadium),False,0,0.0,0,0,4,3,H
3883,2026-05-02,Madira Soccer Assassins,Zetech Sparks WFC,FKF Women Premier League,KPL,1483.9270169446568,1501.4909519506389,35.0,76.0,0.0,0.5,1.5,0.0,0.0,0.0,0.5,0.0,0,0.0,Madira Soccer Assassins (default stadium),False,0,0.0,0,0,1,0,H
3884,2026-05-02,Ulinzi Starlets FC,Gideon Starlets,FKF Women Premier League,KPL,1507.5354150488317,1496.7557893467247,6.0,34.0,0.6666666666666666,1.0,1.0,0.5,2.0,0.5,0.5,0.0,0,4179.388365334838,Ulinzi Starlets FC (default stadium),False,0,0.0,0,0,5,0,H
3879,2026-05-03,Ivovoani Vipers,Matetani FC,Machakos County League,KPL,1511.151080392371,1488.234536969675,7.0,21.0,0.3333333333333333,1.3333333333333333,1.0,0.0,0.0,4.0,0.5,0.0,0,541.5975235759674,Ivovoani Vipers (default stadium),False,0,0.0,0,0,5,0,H
3876,2026-05-09,Kahawa United,Teita Estate,FKF Division One,KPL,1500.0,1500.0,,,0.5,0.0,0.0,0.5,0.0,0.0,0.5,0.0,0,9413.418826424431,Kahawa United (default stadium),False,0,0.0,0,0,2,0,H
3877,2026-05-09,Spitfire FC,Gituru FC,FKF Division One,KPL,1500.0,1500.0,,,0.5,0.0,0.0,0.5,0.0,0.0,0.5,0.0,0,0.0,Spitfire FC (default stadium),False,0,0.0,0,0,0,0,D
3878,2026-05-09,Strathmore University,Al-Azizia FC,FKF Division One,KPL,1500.0,1500.0,,,0.5,0.0,0.0,0.5,0.0,0.0,0.5,0.0,0,7575.776470977607,Strathmore University (default stadium),False,0,0.0,0,0,2,1,H
3865,2026-05-10,KAPA FC,Zetech Titans,FKF Division One,KPL,1500.0,1508.9909519506389,,92.0,0.5,0.0,0.0,1.0,2.0,0.0,0.5,0.0,0,13669.1070311984,KAPA FC (default stadium),False,0,0.0,0,0,1,0,H
3866,2026-05-10,Kibra United,Bumbani Stars,FKF Division One,KPL,1500.0,1500.0,,,0.5,0.0,0.0,0.5,0.0,0.0,0.5,0.0,0,7117.457875204731,Kibra United (default stadium),False,0,0.0,0,0,3,1,H
3867,2026-05-10,Royal Fresh,Simba Apparel,FKF Division One,KPL,1500.0,1500.0,,,0.5,0.0,0.0,0.5,0.0,0.0,0.5,0.0,0,14673.692046401215,Royal Fresh (default stadium),False,0,0.0,0,0,1,0,H
3868,2026-05-10,SS Assad,Green Berets,FKF Division One,KPL,1483.5802601631458,1500.0,352.0,,0.4,1.4,1.4,0.5,0.0,0.0,0.5,0.0,0,9658.236541053151,SS Assad (default stadium),False,0,0.0,0,0,1,1,D
3869,2026-05-10,Madira Soccer Assassins,Kayole Starlets,FKF Women Premier League,KPL,1492.4291412088367,1485.8936518866492,8.0,8.0,0.3333333333333333,0.6666666666666666,1.0,0.25,0.75,2.0,0.5,0.0,0,4179.388365334838,Madira Soccer Assassins (default stadium),False,0,0.0,0,0,0,1,A
3870,2026-05-10,Trinity Starlets FC,Kenya Police Bullets,FKF Women Premier League,KPL,1478.3056255904735,1531.9420120322127,8.0,8.0,0.2,0.6,1.2,1.0,4.333333333333333,0.0,0.5,0.0,0,319.22451787297854,Trinity Starlets FC (default stadium),False,0,0.0,0,0,0,1,A
3871,2026-05-10,Vihiga Queens FC,Gideon Starlets,FKF Women Premier League,KPL,1498.6457472084878,1489.0398054473906,8.0,8.0,0.3333333333333333,0.3333333333333333,3.0,0.3333333333333333,1.3333333333333333,2.0,0.5,0.0,0,4179.388365334838,Vihiga Queens FC (default stadium),False,0,0.0,0,0,3,2,H
3872,2026-05-10,Zetech Sparks WFC,Kibera Soccer Women,FKF Women Premier League,KPL,1492.988827686459,1515.0336545246366,8.0,8.0,0.0,0.0,0.5,0.6666666666666666,2.0,1.3333333333333333,0.5,0.0,0,13228.187719470976,Zetech Sparks WFC (default stadium),False,0,0.0,0,0,0,3,A
3873,2026-05-10,Celtic TYSA,Ivovoani Vipers,Machakos County League,KPL,1507.8891159897362,1518.538712624286,14.0,7.0,0.6666666666666666,2.3333333333333335,0.6666666666666666,0.5,2.25,0.75,0.5,0.0,0,894.0661975547577,Celtic TYSA (default stadium),False,0,0.0,0,0,1,1,D
3874,2026-05-10,FC Mosko,Mwanga FC,Machakos County League,KPL,1479.069878541164,1499.945106809553,14.0,28.0,0.0,0.3333333333333333,2.6666666666666665,0.0,1.0,1.0,0.5,0.0,0,0.0,FC Mosko (default stadium),False,0,0.0,0,0,0,2,A
3875,2026-05-10,Matetani FC,Masii United,Machakos County League,KPL,1480.8469047377598,1500.2773071842437,7.0,14.0,0.0,0.0,4.5,0.5,2.0,1.5,0.5,0.0,0,118.78194545885684,Matetani FC (default stadium),False,0,0.0,0,0,2,1,H
3863,2026-05-13,Mara Sugar FC,Shabana FC,Kenyan Premier League,KPL,1507.7544110871,1508.4889053440554,19.0,45.0,0.3333333333333333,0.6666666666666666,0.6666666666666666,1.0,1.0,0.0,0.5,0.0,0,8165.920079364956,Mara Sugar FC (default stadium),False,0,0.0,0,0,1,0,H
3864,2026-05-13,Ulinzi Stars FC,AFC Leopards,Kenyan Premier League,KPL,1508.012064065815,1515.4780824324803,45.0,45.0,1.0,2.0,0.0,1.0,1.0,0.0,0.5,0.0,0,7951.326789834123,Ulinzi Stars FC (default stadium),False,0,0.0,0,0,0,2,A
3852,2026-05-17,Mfalme FC,TBM Health FC,FKF Division One,KPL,1500.0,1500.0,,,0.5,0.0,0.0,0.5,0.0,0.0,0.5,0.0,0,139.52162418786276,Mfalme FC (default stadium),False,0,0.0,0,0,1,2,A
3853,2026-05-17,Zoo Kericho,Napetet Titans,FKF Division One,KPL,1500.0,1500.0,,,0.5,0.0,0.0,0.5,0.0,0.0,0.5,0.0,0,12854.832511662189,Zoo Kericho (default stadium),False,0,0.0,0,0,7,0,H
3854,2026-05-17,Gideon Starlets,Trinity Starlets FC,FKF Women Premier League,KPL,1481.2917778877618,1467.8349908755627,7.0,7.0,0.25,1.5,2.25,0.2,0.6,1.2,0.5,0.0,0,4179.388365334838,Gideon Starlets (default stadium),False,0,0.0,0,0,0,0,D
3855,2026-05-17,Kayole Starlets,Zetech Sparks WFC,FKF Women Premier League,KPL,1498.0615663180856,1481.617265775104,7.0,7.0,0.4,0.8,1.6,0.0,0.0,1.3333333333333333,0.5,0.0,0,4179.388365334838,Kayole Starlets (default stadium),False,0,0.0,0,0,4,1,H
3856,2026-05-17,Kenya Police Bullets,Madira Soccer Assassins,FKF Women Premier League,KPL,1542.4126467471235,1480.2612267774002,7.0,7.0,1.0,3.5,0.0,0.25,0.5,1.0,0.5,0.0,0,319.22451787297854,Kenya Police Bullets (default stadium),False,0,0.0,0,0,1,0,H
3857,2026-05-17,Ulinzi Starlets FC,Bungoma Queens FC,FKF Women Premier League,KPL,1515.2513989481658,1498.025753692653,15.0,15.0,0.75,2.0,0.75,0.5,2.0,2.0,0.5,0.0,0,0.0,Ulinzi Starlets FC (default stadium),False,0,0.0,0,0,7,1,H
3858,2026-05-17,Bidco United,Shabana FC,Kenyan Premier League,KPL,1494.2567779095978,1500.4565277744362,23.0,4.0,0.0,0.5,1.0,0.5,0.5,0.5,0.5,0.0,0,118.78194545885684,Bidco United (default stadium),False,0,0.0,0,0,0,1,A
3859,2026-05-17,Muranga SEAL,Gor Mahia FC,Kenyan Premier League,KPL,1508.6051209932684,1491.765463030325,49.0,33.0,0.5,2.75,0.75,0.0,0.0,1.0,0.5,0.0,0,3240.005892455241,Muranga SEAL (default stadium),False,0,0.0,0,0,1,3,A
3860,2026-05-17,Ivovoani Vipers,Mackenzie FC,Machakos County League,KPL,1520.2305302190875,1535.2587850593873,7.0,21.0,0.4,2.0,0.8,1.0,3.3333333333333335,0.3333333333333333,0.5,0.0,0,541.5975235759674,Ivovoani Vipers (default stadium),False,0,0.0,0,0,1,0,H
3861,2026-05-17,Masii United,FC Mosko,Machakos County League,KPL,1491.722625189357,1467.6653015218237,7.0,7.0,0.3333333333333333,1.6666666666666667,1.6666666666666667,0.0,0.25,2.5,0.5,0.0,0,118.78194545885684,Masii United (default stadium),False,0,0.0,0,0,1,2,A
3862,2026-05-17,Mwanga FC,Matetani FC,Machakos County League,KPL,1511.3496838288931,1489.4015867326466,7.0,7.0,0.3333333333333333,1.3333333333333333,0.6666666666666666,0.3333333333333333,0.6666666666666666,3.3333333333333335,0.5,0.0,0,0.0,Mwanga FC (default stadium),False,0,0.0,0,0,2,1,H
3851,2026-05-20,Bandari FC,APS Bomet FC,Kenyan Premier League,KPL,1510.2650514355937,1499.5563541557478,53.0,52.0,0.5,1.0,0.5,0.0,0.0,0.0,0.5,0.0,0,6832.714543368881,Bandari FC (default stadium),False,0,0.0,0,0,0,2,A
3848,2026-05-23,KCB FC,Posta Rangers,Kenyan Premier League,KPL,1508.012064065815,1497.7311580245873,56.0,29.0,1.0,1.0,0.0,0.3333333333333333,1.0,1.3333333333333333,0.5,0.0,0,7273.544684906177,KCB FC (default stadium),False,0,0.0,0,0,0,1,A
3849,2026-05-23,Kariobangi Sharks,Kakamega Homeboyz,Kenyan Premier League,KPL,1480.5460456991495,1524.5147553250108,55.0,45.0,0.0,0.5,1.5,0.5,2.5,1.0,0.5,0.0,0,3120.431666911491,Kariobangi Sharks (default stadium),False,0,0.0,0,0,2,2,D
3850,2026-05-23,Ulinzi Stars FC,Mathare UTD,Kenyan Premier League,KPL,1496.2313786731245,1500.4660810813475,10.0,39.0,0.5,1.0,1.0,0.0,0.5,0.5,0.5,0.0,0,11705.99274598213,Ulinzi Stars FC (default stadium),False,0,0.0,0,0,2,1,H
3845,2026-05-24,Celtic TYSA,Mwanga FC,Machakos County League,KPL,1506.1972983949347,1518.7633067851482,14.0,7.0,0.5,2.0,0.75,0.5,1.5,0.75,0.5,0.0,0,1434.4544321745207,Celtic TYSA (default stadium),False,0,0.0,0,0,2,0,H
3846,2026-05-24,Kabaa Young Cobras,Ivovoani Vipers,Machakos County League,KPL,1486.4071531431564,1528.6613883781079,35.0,7.0,0.0,1.0,2.5,0.6,2.0,0.6,0.5,0.0,0,6518.9812274791375,Kabaa Young Cobras (default stadium),False,0,0.0,0,0,1,1,D
3847,2026-05-24,Mackenzie FC,Kikombi wazito fc,Machakos County League,KPL,1526.827926900367,1491.7670359107137,7.0,28.0,0.75,2.5,0.5,0.0,0.0,2.0,0.5,0.0,0,6832.714543368881,Mackenzie FC (default stadium),False,0,0.0,0,0,1,0,H
3842,2026-05-30,Beach Bay FC,Kisumundogo UTD,FKF Division Two Northern Zone Pool A,KPL,1500.0,1500.0,,,0.5,0.0,0.0,0.5,0.0,0.0,0.5,0.0,0,10205.754416251119,Beach Bay FC (default stadium),False,0,0.0,0,0,1,4,A
3843,2026-05-30,Wayzata Boys,RWAFA FC,FKF Division Two Northern Zone Pool A,KPL,1500.0,1491.0090480493611,,112.0,0.5,0.0,0.0,0.0,0.0,2.0,0.5,0.0,0,6437.233164182048,Wayzata Boys (default stadium),False,0,0.0,0,0,0,1,A
3844,2026-05-30,Young Bulls,Sparki Youth,FKF Division Two Northern Zone Pool A,KPL,1500.0,1500.0,,,0.5,0.0,0.0,0.5,0.0,0.0,0.5,0.0,0,11388.253410360761,Young Bulls (default stadium),False,0,0.0,0,0,1,0,H
3835,2026-06-13,Bumbani Stars,Zetech Titans,FKF Division One,KPL,1491.987935934185,1500.7291049752978,34.0,34.0,0.0,1.0,3.0,0.5,1.0,0.5,0.5,0.0,0,13467.0334849205,Bumbani Stars (default stadium),False,0,0.0,0,0,0,2,A
3836,2026-06-13,Congo Boyz,KAPA FC,FKF Division One,KPL,1500.0,1508.261846975341,,34.0,0.5,0.0,0.0,1.0,1.0,0.0,0.5,0.0,0,5808.370835672547,Congo Boyz (default stadium),False,0,0.0,0,0,1,0,H
3837,2026-06-13,Green Berets,Gituru FC,FKF Division One,KPL,1501.5300534449182,1501.987935934185,34.0,35.0,0.0,1.0,1.0,0.0,0.0,0.0,0.5,0.0,0,9628.265906503862,Green Berets (default stadium),False,0,0.0,0,0,1,0,H
3838,2026-06-13,Kahawa United,Royal Fresh,FKF Division One,KPL,1508.012064065815,1508.012064065815,35.0,34.0,1.0,2.0,0.0,1.0,1.0,0.0,0.5,0.0,0,7913.788666745675,Kahawa United (default stadium),False,0,0.0,0,0,0,0,D
3839,2026-06-13,Kibra United,Spitfire FC,FKF Division One,KPL,1508.012064065815,1498.012064065815,34.0,35.0,1.0,3.0,1.0,0.0,0.0,0.0,0.5,0.0,0,118.78194545885684,Kibra United (default stadium),False,0,0.0,0,0,2,3,A
3840,2026-06-13,SS Assad,Strathmore University,FKF Division One,KPL,1482.0502067182276,1508.012064065815,34.0,35.0,0.2,1.2,1.6,1.0,2.0,1.0,0.5,0.0,0,8077.477013894554,SS Assad (default stadium),False,0,0.0,0,0,0,2,A
3841,2026-06-13,Teita Estate,Al-Azizia FC,FKF Division One,KPL,1491.987935934185,1491.987935934185,35.0,35.0,0.0,0.0,2.0,0.0,1.0,2.0,0.5,0.0,0,9019.849968034283,Teita Estate (default stadium),False,0,0.0,0,0,2,0,H
3831,2026-06-14,FC Kona Rangers,GFE 105,FKF Division One,KPL,1500.0,1500.0,,,0.5,0.0,0.0,0.5,0.0,0.0,0.5,0.0,0,18058.731154432517,FC Kona Rangers (default stadium),False,0,0.0,0,0,1,2,A
3832,2026-06-14,Kipchimchim Group FC,Bungoma Superstars,FKF Division One,KPL,1500.0,1500.0,,,0.5,0.0,0.0,0.5,0.0,0.0,0.5,0.0,0,327.5271383034467,Kipchimchim Group FC (default stadium),False,0,0.0,0,0,0,1,A
3833,2026-06-14,Suna West FC,St Josephs Youth.,FKF Division One,KPL,1500.0,1500.0,,,0.5,0.0,0.0,0.5,0.0,0.0,0.5,0.0,0,13119.083119339793,Suna West FC (default stadium),False,0,0.0,0,0,2,1,H
3834,2026-06-14,Vickers FC,Amani Youth,FKF Division One,KPL,1500.0,1491.0090480493611,,127.0,0.5,0.0,0.0,0.0,1.0,5.0,0.5,0.0,0,8780.677171240779,Vickers FC (default stadium),False,0,0.0,0,0,3,0,H
3827,2026-06-27,Matanomane Youth,Samburu Lions,FKF Division Two Northern Zone Pool A,KPL,1500.0,1500.0,,,0.5,0.0,0.0,0.5,0.0,0.0,0.5,0.0,0,10888.726225935729,Matanomane Youth (default stadium),False,0,0.0,0,0,0,2,A
3828,2026-06-27,Samba Boyz FC,Denmak FC Maganyakulo,FKF Division Two Northern Zone Pool A,KPL,1500.0,1500.0,,,0.5,0.0,0.0,0.5,0.0,0.0,0.5,0.0,0,6860.704962466926,Samba Boyz FC (default stadium),False,0,0.0,0,0,2,4,A
3829,2026-06-27,Yanga FC KE,Wayzata Boys,FKF Division Two Northern Zone Pool A,KPL,1500.0,1487.7648373960858,,28.0,0.5,0.0,0.0,0.0,0.0,1.0,0.5,0.0,0,6524.603511623721,Yanga FC KE (default stadium),False,0,0.0,0,0,1,2,A
3830,2026-06-27,Ziwani Youth,RWAFA FC,FKF Division Two Northern Zone Pool A,KPL,1500.0,1503.2442106532753,,28.0,0.5,0.0,0.0,0.5,0.5,1.0,0.5,0.0,0,8780.677171240779,Ziwani Youth (default stadium),False,0,0.0,0,0,0,3,A
3823,2026-06-28,Beach Bay FC,Mombasa Allstars,FKF Division Two Northern Zone Pool A,KPL,1488.012064065815,1500.0,29.0,,0.0,1.0,4.0,0.5,0.0,0.0,0.5,0.0,0,5753.586818702388,Beach Bay FC (default stadium),False,0,0.0,0,0,2,1,H
3824,2026-06-28,Kisumundogo UTD,Wayzata Boys,FKF Division Two Northern Zone Pool A,KPL,1511.987935934185,1500.0885235436208,29.0,1.0,1.0,4.0,1.0,0.5,1.0,1.0,0.5,0.0,0,15272.955072134651,Kisumundogo UTD (default stadium),False,0,0.0,0,0,1,0,H
3825,2026-06-28,Mbungoni United,Redstars FC,FKF Division Two Northern Zone Pool A,KPL,1500.0,1500.0,,,0.5,0.0,0.0,0.5,0.0,0.0,0.5,0.0,0,118.78194545885684,Mbungoni United (default stadium),False,0,0.0,0,0,0,0,D
3826,2026-06-28,Young Bulls,Samburu Lions,FKF Division Two Northern Zone Pool A,KPL,1508.012064065815,1511.987935934185,29.0,1.0,1.0,1.0,0.0,1.0,2.0,0.0,0.5,0.0,0,1701.3427317771907,Young Bulls (default stadium),False,0,0.0,0,0,2,1,H
3819,2026-07-04,Good Hope SA,Samba Boyz FC,FKF Division Two Northern Zone Pool A,KPL,1500.0,1488.012064065815,,7.0,0.5,0.0,0.0,0.0,2.0,4.0,0.5,0.0,0,12699.90114138604,Good Hope SA (default stadium),False,0,0.0,0,0,5,0,H
3820,2026-07-04,Mbungoni United,Junior FC,FKF Division Two Northern Zone Pool A,KPL,1498.012064065815,1500.0,6.0,,0.0,0.0,0.0,0.5,0.0,0.0,0.5,0.0,0,7702.458504423441,Mbungoni United (default stadium),False,0,0.0,0,0,4,0,H
3821,2026-07-04,RWAFA FC,Inter Dabaso,FKF Division Two Northern Zone Pool A,KPL,1515.1422966376977,1500.0,7.0,,0.6666666666666666,1.3333333333333333,0.6666666666666666,0.5,0.0,0.0,0.5,0.0,0,6911.700526808181,RWAFA FC (default stadium),False,0,0.0,0,0,2,0,H
3822,2026-07-04,Samburu Lions,Beach Bay FC,FKF Division Two Northern Zone Pool A,KPL,1503.8657136239751,1496.3576886364508,6.0,6.0,0.5,1.5,1.0,0.5,1.5,2.5,0.5,0.0,0,7397.213757533089,Samburu Lions (default stadium),False,0,0.0,0,0,2,0,H
3814,2026-07-05,Denmak FC Maganyakulo,Inter Dabaso,FKF Division Two Northern Zone Pool A,KPL,1511.987935934185,1492.4026867503671,8.0,1.0,1.0,4.0,2.0,0.0,0.0,2.0,0.5,0.0,0,7429.200858821069,Denmak FC Maganyakulo (default stadium),False,0,0.0,0,0,3,0,H
3815,2026-07-05,Mombasa Allstars,Samba Boyz FC,FKF Division Two Northern Zone Pool A,KPL,1491.654375429364,1480.3290175621562,7.0,1.0,0.0,1.0,2.0,0.0,1.0,4.5,0.5,0.0,0,440.69943802255693,Mombasa Allstars (default stadium),False,0,0.0,0,0,2,0,H
3816,2026-07-05,Redstars FC,Junior FC,FKF Division Two Northern Zone Pool A,KPL,1501.987935934185,1491.9329177269142,7.0,1.0,0.0,0.0,0.0,0.0,0.0,4.0,0.5,0.0,0,7640.487475304734,Redstars FC (default stadium),False,0,0.0,0,0,1,0,H
3817,2026-07-05,Wayzata Boys,Sparki Youth,FKF Division Two Northern Zone Pool A,KPL,1492.4030657641742,1491.987935934185,7.0,36.0,0.3333333333333333,0.6666666666666666,1.0,0.0,0.0,1.0,0.5,0.0,0,10353.235538389335,Wayzata Boys (default stadium),False,0,0.0,0,0,4,0,H
3818,2026-07-05,Young Bulls,Ziwani Youth,FKF Division Two Northern Zone Pool A,KPL,1516.1342863760249,1488.1019140155777,7.0,8.0,1.0,1.5,0.5,0.0,0.0,3.0,0.5,0.0,0,11388.253410360761,Young Bulls (default stadium),False,0,0.0,0,0,2,0,H
3812,2026-07-11,Maili Saba Combined,Arusha Combined,Kwanza Heroes League,KPL,1500.0,1498.5090480493611,,104.0,0.5,0.0,0.0,0.0,1.0,1.0,0.5,0.0,0,232.02317257143878,Maili Saba Combined (default stadium),False,0,0.0,0,0,1,3,A
3813,2026-07-11,Maridadi FC,Kesogoni FC,Kwanza Heroes League,KPL,1500.0,1500.0,,,0.5,0.0,0.0,0.5,0.0,0.0,0.5,0.0,0,0.0,Maridadi FC (default stadium),False,0,0.0,0,0,2,2,D
2,2026-08-21,Arsenal,Coventry,Premier League,Premier League,1592.352178407682,1500.0,321.0,,0.4,1.6,1.4,0.5,0.0,0.0,0.5,0.0,0,137.47919189737183,Arsenal (default stadium),False,0,0.0,0,0,3,0,H
3,2026-08-22,Hull,Manchester United,Premier League,Premier League,1445.0027670691043,1488.621617170012,3380.0,454.0,0.2,0.6,2.6,0.2,1.2,1.6,0.0,-0.5,2,124.3743412184817,Hull (default stadium),False,0,0.0,0,0,2,0,H
4,2026-08-22,Everton,Crystal Palace,Premier League,Premier League,1519.8458595693305,1538.431238713919,454.0,454.0,0.6,1.6,0.8,0.4,2.0,1.2,0.6,0.6,5,11676.66690896838,Everton (default stadium),False,0,0.0,0,0,2,0,H
5,2026-08-22,Ipswich,Sunderland,Premier League,Premier League,1409.5850009185222,1402.8530559137414,454.0,3380.0,0.0,0.6,2.2,0.2,0.6,2.0,0.5,0.0,0,359.38231590481223,Ipswich (default stadium),False,0,0.0,0,0,2,1,H
6,2026-08-22,Nottingham Forest,Leeds,Premier League,Premier League,1528.7749287340725,1431.5597323411866,454.0,1182.0,0.2,1.0,1.4,0.0,1.2,3.0,0.5,0.0,2,97.22363994243942,Nottingham Forest (default stadium),False,0,0.0,0,0,0,1,A
7,2026-08-22,Brentford,Tottenham Hotspur,Premier League,Premier League,1522.54965364285,1460.4614132553158,454.0,454.0,0.6,2.0,1.4,0.0,0.6,2.8,0.2,-0.6,5,19.90739813763192,Brentford (default stadium),False,0,0.0,0,0,3,0,H
8,2026-08-23,Brighton,Aston Villa,Premier League,Premier League,1548.077965667574,1574.611507711224,455.0,455.0,0.8,2.6,1.2,0.6,1.0,0.8,0.2,-1.6,5,221.3083143577021,Brighton (default stadium),False,0,0.0,0,0,4,0,H
9,2026-08-23,Manchester City,Bournemouth,Premier League,Premier League,1624.306914244216,1517.280630122583,455.0,455.0,0.8,1.6,0.4,0.4,1.2,1.2,0.8,2.0,5,306.55795629981236,Manchester City (default stadium),False,0,0.0,0,0,2,1,H
10,2026-08-23,Newcastle United,Liverpool,Premier League,Premier League,1562.4250036443977,1636.4400328501583,455.0,455.0,0.4,1.2,0.6,0.2,2.2,2.0,0.0,-1.4,5,5307.58997068219,Newcastle United (default stadium),False,0,0.0,0,0,2,2,D
11,2026-08-24,Fulham,Chelsea,Premier League,Premier League,1510.492205825047,1562.119329451584,456.0,324.0,0.4,1.2,1.8,0.6,1.4,1.0,0.2,-0.6,5,0.13381917032718865,Fulham (default stadium),False,0,0.0,0,0,2,3,A
